"id","sentiment"
"12311_10",0.7615077871451134
"8348_2",0.26735537014350524
"5828_4",0.6287813272968968
"7186_2",0.5152072922499362
"12128_7",0.6927386762720589
"2913_8",0.6718511055905801
"4396_1",0.34633541018946506
"395_2",0.40525909292104967
"10616_1",0.12408116475614452
"9074_9",0.4805402619109246
"9252_3",0.4189114584436874
"9896_9",0.6327394006204103
"574_4",0.4179527335845948
"11182_8",0.6124731634579479
"11656_4",0.426451223685137
"2322_4",0.5406430084995142
"8703_1",0.4286326479982139
"7483_1",0.4098740130077241
"6007_10",0.7151316171052018
"12424_4",0.22022485951085075
"4672_1",0.12860058097360505
"10841_3",0.3206430577042216
"8954_7",0.43965214342877185
"7392_1",0.2951818499570646
"10288_8",0.7032328073738218
"5343_4",0.28799558492363175
"4950_1",0.18869327350640255
"9257_4",0.5216691115759073
"8689_3",0.45586888270815923
"4480_2",0.26741580835960627
"9286_10",0.6744876253019567
"12245_10",0.8202708923306288
"7529_7",0.5991259688966318
"4_4",0.32001117835775594
"5299_2",0.21474862654196655
"12077_8",0.6439043007691228
"10701_2",0.2828613285488803
"11579_1",0.37574326066063346
"10993_1",0.2697071591749611
"8913_1",0.3173578215637799
"1350_3",0.3253241537122719
"3804_2",0.2887258887923813
"5025_3",0.46272617713091646
"5170_8",0.5453981749716028
"8225_8",0.6685103561799204
"6427_7",0.6770549713753685
"3165_3",0.46230771295359024
"7902_9",0.8035513169541562
"8208_3",0.26543626230132084
"3577_8",0.633409754248929
"4865_1",0.20039504331142632
"9063_3",0.4958818776522708
"1106_1",0.438671505844692
"1117_9",0.7882221200527346
"1050_4",0.5179725505277445
"10755_9",0.633535467205527
"2729_8",0.5964807908806576
"10072_10",0.753416711115671
"2904_7",0.773110639148019
"4584_2",0.5284453955927877
"189_4",0.551898860258247
"6302_4",0.4507892914417251
"8138_9",0.6009137603457231
"1262_1",0.2979530261843027
"2199_10",0.7552356346111876
"6551_7",0.6616079908505181
"8082_7",0.42423543378158524
"4897_8",0.7656419854748248
"7360_1",0.27543171477129536
"11012_10",0.6909826851041984
"12046_1",0.45126796201383107
"2331_2",0.3507950270525248
"8961_9",0.5843377425651242
"751_7",0.5025195842560536
"9884_10",0.5960608315008942
"10016_8",0.7487334292317962
"8023_10",0.5004774387893379
"2628_1",0.3232480266752391
"5832_1",0.18700641166183207
"7302_1",0.2844040787532705
"4501_3",0.4135553659993906
"1121_7",0.6248958064189293
"8334_3",0.42244789597834664
"9789_10",0.4363914462181595
"4230_10",0.6232745100665276
"824_4",0.36152065536361594
"6803_9",0.6472012741871701
"3086_7",0.8066222798043293
"1135_8",0.777633175737422
"10136_1",0.1524878225564187
"11129_3",0.2147565253378982
"2072_8",0.47976449780275443
"9501_7",0.7242863049240479
"319_10",0.6961244111562537
"1693_7",0.6601221624408729
"10886_1",0.14910269056897602
"9406_8",0.635646576871518
"10376_10",0.48758882618199284
"9902_1",0.24778738339653128
"9938_8",0.5023674820594982
"7080_9",0.6857152236148095
"11944_8",0.5981679627774701
"5249_1",0.3240375771645173
"9599_2",0.46434680382635857
"9620_1",0.32740486158003695
"11244_1",0.2205131267832493
"6841_10",0.7221153688158742
"10050_4",0.5500190850373902
"10512_9",0.634536549630999
"11327_3",0.25058745716622927
"10681_8",0.7160508151260704
"808_3",0.42503322917425357
"546_7",0.7215585902895912
"10765_1",0.1325736285620157
"7189_9",0.5426742538096534
"6005_9",0.7088954072726291
"11915_9",0.7277754523259271
"5740_10",0.6417153869475498
"7097_10",0.476530900873081
"9573_10",0.5115475679630548
"5084_4",0.4627856706710253
"12332_7",0.557979270572366
"8154_1",0.3416471221310921
"5610_1",0.26988853660924145
"5323_9",0.5878533322512323
"11034_8",0.6255824202258992
"3977_2",0.38633961526479754
"12380_7",0.3549378899977261
"1737_8",0.5287256529497543
"6030_9",0.49715690891574976
"5918_7",0.6491788660100505
"7061_9",0.5655425479808397
"266_8",0.6420124692026358
"1375_10",0.7737135542097157
"8648_3",0.17549651765224258
"10146_10",0.8188898836602658
"4578_10",0.6902009496251755
"4685_8",0.7080391549996565
"11843_9",0.6459418152215475
"5467_10",0.8272734112049418
"10140_10",0.7305762182101414
"7721_8",0.8125930727553299
"11208_10",0.5832423736167323
"1063_10",0.7172127376938138
"8260_10",0.49646020303481914
"3182_9",0.6594759486652165
"2797_8",0.6092902227347083
"7613_2",0.5049946919388186
"11624_4",0.21919415851008203
"4847_10",0.6632651722531401
"10684_7",0.5909107601513972
"6312_1",0.44701023676729806
"4925_3",0.2747848609593095
"4125_1",0.20590436174066906
"2394_10",0.8560364363762252
"12105_10",0.7161451053728355
"7812_1",0.19551824776232743
"1061_8",0.63083497293241
"9343_3",0.588329103437374
"7696_10",0.7681594728885893
"9355_10",0.8507202311275518
"782_9",0.8150617881007474
"9882_10",0.8238232328359774
"10642_10",0.6313335626815857
"7410_2",0.3140890652609399
"9591_4",0.1823147164924081
"11902_3",0.3632430400427897
"3495_7",0.5223418519029694
"6733_1",0.23578259513015706
"4552_1",0.1749114423472513
"6722_1",0.35937965649219156
"188_10",0.6377837827126304
"5099_10",0.6930516807729536
"10313_1",0.34356755528102645
"6756_9",0.5959822392985872
"6622_2",0.2837259776802106
"4807_10",0.8764589835426334
"7173_3",0.3718234399844046
"11321_8",0.5863578499547274
"7909_9",0.43262651545636405
"8012_7",0.47146452374794157
"8615_4",0.32018298413291046
"8117_10",0.6107563441366761
"1892_10",0.731762625086077
"4617_1",0.3608240668387124
"1893_8",0.7015501522642217
"5435_1",0.3143638147764126
"162_3",0.21405402364028278
"6516_10",0.8251081352109574
"11588_7",0.6532529794362513
"2006_1",0.3063361548585478
"1594_4",0.36005365066877204
"1472_1",0.22196125067089098
"3647_1",0.4325300729939344
"174_7",0.6465599807294582
"5539_7",0.3760160952698429
"3384_10",0.8832058498196729
"3811_4",0.49363997794246056
"4079_8",0.43777768984549875
"1179_7",0.43959692514572246
"3069_9",0.7924695207088747
"3769_8",0.6362971235007883
"9247_10",0.6007638920453241
"10434_1",0.19900602089374814
"1147_10",0.7434755353380399
"5344_7",0.6154764609510741
"8073_10",0.70951654318747
"7833_3",0.21461414029976797
"8370_1",0.2330036199753138
"9007_8",0.4256728373574606
"6624_7",0.4061283738531832
"6683_3",0.3755292273764112
"12275_7",0.5116214570154334
"11927_8",0.7016929842326267
"1560_10",0.8719701464624897
"1325_9",0.49219976058481796
"3548_8",0.4787162170864149
"607_1",0.13898611649640835
"6702_7",0.5758089180657384
"5702_3",0.25879445839128085
"11345_8",0.7197142260679513
"3428_4",0.452120733524201
"7209_9",0.8024396448039166
"8425_8",0.8000573592306224
"3087_1",0.4009707395816768
"1119_8",0.6153438142366388
"5715_3",0.40066833306950206
"8645_1",0.2601047178677378
"2149_3",0.21963291858201564
"10403_10",0.6971337011726061
"5628_1",0.3108325366955161
"5570_10",0.7964833512389429
"1613_3",0.2215742598191362
"1454_4",0.5947035040405191
"5094_3",0.3679269039625025
"7982_1",0.34332896140808156
"6894_2",0.44770980324391024
"6554_1",0.41022445768363436
"4721_3",0.38493372411402477
"6904_4",0.41641523692164006
"893_8",0.7081055731702808
"4605_4",0.4133783324992127
"11516_7",0.4848835202016237
"11718_7",0.8194404469184647
"5956_1",0.17734529267519142
"7455_9",0.5966889227537611
"6396_4",0.6841485860142428
"1223_8",0.7440386513592161
"8556_1",0.30381315186055
"6108_8",0.6722273346750699
"11690_1",0.23477369590325478
"3778_9",0.5638023151033957
"3627_4",0.42682032065473197
"8256_4",0.4843261345407074
"533_1",0.16751539282125597
"5235_4",0.0882413682505192
"621_2",0.45468064095882166
"5365_1",0.43013564714314445
"8180_3",0.43856932527201575
"7396_7",0.3637015335632046
"9776_10",0.7307881536014137
"8175_10",0.7100285246242996
"3128_1",0.2701272166653353
"4606_1",0.581167985825307
"6158_2",0.24222239457846673
"3281_10",0.5944909291920059
"4723_4",0.33261350366973613
"11994_3",0.37302445987980765
"7701_1",0.11398472458432105
"103_3",0.3339178252973183
"8908_10",0.7315483833830254
"8876_1",0.21573392935860383
"7519_9",0.6391572130686201
"12456_8",0.6143754220508492
"9514_8",0.6462707765227033
"8680_8",0.49971036267926405
"12402_10",0.6620863339039501
"362_2",0.3420171880598895
"9825_7",0.5650335646146778
"2913_3",0.3914677435548326
"7164_8",0.6814632257600967
"11177_7",0.5708014147339548
"5707_10",0.7071770411996607
"8103_10",0.6967278110068805
"6289_1",0.16515101981872418
"11754_1",0.45405132706404183
"11640_10",0.7330050761312137
"9933_7",0.5336737884696998
"185_10",0.7723612328386547
"242_10",0.7835631301378572
"9369_8",0.5897831957972594
"7453_10",0.5960456322697435
"7514_7",0.4379568442563432
"10860_2",0.3030917393925606
"8663_8",0.582830114091415
"9108_1",0.2755921735792551
"7941_1",0.33908107150036265
"10116_1",0.1929037849741894
"9841_4",0.3657193772987634
"4512_9",0.7213678636139719
"4853_2",0.3755425402691691
"2664_4",0.4511138421734971
"9966_10",0.6679260587796207
"5167_2",0.3203383031549521
"3894_2",0.16075094780063726
"3929_8",0.6588816965392796
"7165_10",0.662749589879603
"5451_8",0.5174555326980861
"2947_4",0.47614321865835346
"4611_10",0.67962736277483
"5807_1",0.30824013931003175
"9464_8",0.6537720553265928
"3124_10",0.661177293665438
"2705_4",0.569757191340066
"12187_8",0.7265231185588696
"12319_10",0.6634588022374523
"9874_3",0.3930178608007098
"3406_4",0.4214020722177457
"2327_10",0.7766540952787068
"605_10",0.6480562688779491
"8080_4",0.3830911097505469
"3074_10",0.7953978984324918
"2499_3",0.3337267744625569
"1013_1",0.5321794302437096
"11535_1",0.1908208725681923
"4118_7",0.47575273394443246
"10492_8",0.6794674682218224
"2129_4",0.40751874409256333
"9814_10",0.46076269338229175
"10671_9",0.602487430354113
"5980_10",0.7254898491391287
"2755_2",0.4968711807126269
"5461_2",0.4176948003969163
"11979_1",0.4246244946789203
"8810_1",0.2315920407959496
"852_7",0.6145043411211905
"10961_4",0.29308684479928576
"7436_4",0.4741406730763679
"11281_3",0.4646096938067369
"4208_3",0.2709430787163755
"8213_10",0.5177576116455784
"9851_2",0.37634520708833186
"4713_7",0.5807384083290192
"9528_1",0.7684363775939533
"3595_10",0.7664173619430329
"5785_3",0.4620546173179039
"10370_3",0.20847935247691185
"1980_3",0.5072390951481154
"8800_4",0.4772349688531817
"4437_3",0.3419777988014084
"28_3",0.44580277257903744
"12171_1",0.4169315395835803
"9359_3",0.40535774421910303
"3831_9",0.900037972597785
"10962_7",0.7255056681010844
"1500_9",0.533012389860929
"11470_10",0.6112548052659189
"11843_3",0.34181836936052523
"11200_4",0.5713761471698632
"1067_1",0.33349951881541656
"3333_1",0.33766544406748306
"4487_4",0.6318005284181599
"6428_1",0.2165407032663414
"575_7",0.3419610026854269
"10904_9",0.6184060409234784
"11821_2",0.49201051864265627
"11605_1",0.20443937183671007
"1111_7",0.6181062859051877
"10295_1",0.47841941957074957
"1146_4",0.25934073009456915
"2405_9",0.383879028260547
"11081_10",0.5593530433754516
"2201_10",0.7937753678570536
"4844_1",0.39408887088106326
"11007_8",0.675359761165212
"6535_7",0.5828638656996952
"2653_4",0.3048774793767123
"8245_10",0.5904052363066534
"9951_8",0.5901826639308527
"6133_8",0.4121755804058966
"10006_2",0.1581145228205814
"7350_1",0.38427590520789134
"4509_9",0.824383480263157
"948_1",0.17539561208850768
"3987_1",0.35054742932154137
"2947_10",0.4343769564241419
"6041_3",0.17711003667831873
"2946_1",0.28899702055371146
"11967_4",0.23164233113793586
"1185_10",0.7364528786940834
"10323_2",0.5941906461048526
"11706_2",0.09041600679724117
"3663_1",0.2691505350184493
"5602_10",0.7757069995824681
"4870_10",0.5521167291371953
"1994_1",0.2871246234487418
"10807_7",0.6815224933165311
"6871_3",0.6248836627242832
"1175_2",0.2227378274650816
"10919_7",0.7952777807314803
"8127_10",0.7324000651881164
"12497_4",0.3432026901291531
"3274_1",0.425724619632179
"2568_3",0.4468406131875475
"840_2",0.20017264212857683
"5626_10",0.7943817056117273
"7561_10",0.6152787659046567
"4600_3",0.36058618827282857
"3324_9",0.5069161544166397
"8899_7",0.6103778250757868
"5592_8",0.6616298381157935
"12483_4",0.26917661900372536
"7874_1",0.13430465343375436
"5878_10",0.6599345476808697
"4303_9",0.5676328928629744
"9421_1",0.29764172582122134
"10269_4",0.4144548970998773
"10615_2",0.3393483664418298
"2634_10",0.7745881953773045
"7522_1",0.2946083813984553
"9289_10",0.560924865847894
"4636_10",0.6730231304051675
"1241_7",0.5591754501815647
"9458_9",0.6126033687542335
"11690_10",0.7977048652065571
"7176_4",0.4923882043294245
"6212_10",0.7068460611870304
"6319_1",0.22562005081213674
"5229_3",0.35092039341673575
"466_9",0.8203580242546321
"8693_2",0.30175748478760206
"2952_10",0.7338825861716897
"1128_1",0.16085422715241726
"3975_10",0.6294139009563657
"11365_10",0.5761534882618747
"2074_9",0.7582955622571405
"9768_10",0.7743865186021099
"4895_1",0.25765285740188276
"5726_10",0.7481941067739086
"9993_10",0.7460220230874036
"11319_2",0.38784535875672665
"10561_2",0.3826452400156462
"5455_8",0.722473622122823
"10684_3",0.29646921214731126
"3652_3",0.3420186767571447
"7825_1",0.30214160302641513
"8806_1",0.2573412204460155
"275_10",0.7193383810136676
"2246_1",0.25749514555192893
"11968_2",0.1804625497795123
"2528_1",0.419452622672906
"8491_8",0.4697632108158636
"13_1",0.41633979405036153
"4530_8",0.6014346778929474
"5207_3",0.2472974559493
"11648_10",0.7412045365209116
"8260_1",0.3752957076847355
"10730_10",0.6217548559091364
"10402_3",0.5471747426794626
"8077_1",0.17426660691155124
"8598_8",0.6081660061913817
"2809_3",0.18413454828801845
"12490_10",0.7283311875579465
"1447_9",0.7607200967208153
"1605_3",0.3746517258637575
"2311_4",0.28916464019956784
"3235_9",0.6105590906771772
"5725_10",0.6527746167735416
"9025_10",0.7023091608156931
"6049_9",0.652331504605028
"4803_10",0.847093663163621
"191_9",0.8637898461553619
"420_3",0.5094495527510803
"5238_2",0.2817742051501562
"1280_9",0.7141169750699081
"9408_4",0.4236518098765979
"819_1",0.1619676952286222
"1656_4",0.3335829201742914
"9964_3",0.42802874336756164
"10404_4",0.5301442526565674
"12369_10",0.6638986492380327
"6423_1",0.29109671817413546
"9942_8",0.4816877848166228
"1519_1",0.3074099276265916
"100_10",0.7143409218704543
"3216_10",0.5777470418228206
"3909_10",0.6225604634568179
"5034_7",0.7750277068710281
"14_8",0.7778967595467265
"5891_3",0.3137900325163828
"8496_10",0.8545873153636843
"7429_1",0.2680424616100657
"9457_1",0.267482809589893
"9602_8",0.6571502370056129
"4198_1",0.1827594230235927
"154_2",0.38824459796958566
"5070_2",0.21626932883909686
"4207_8",0.6561797311820442
"7758_8",0.6960472900378819
"4439_9",0.7427265572686408
"12042_1",0.12496321825716365
"7244_1",0.3162600040377036
"6854_1",0.24046920645382142
"11932_10",0.6491023844439151
"4151_10",0.696693551131907
"7265_1",0.3281373304115669
"10272_7",0.7409820436185784
"4256_4",0.3812266418903627
"1225_7",0.6102415673029281
"956_10",0.8235167706587497
"6389_2",0.281227654132869
"1365_4",0.325275641750277
"4752_7",0.5916322342733592
"276_10",0.7403250062392954
"8766_9",0.5591892879580078
"11225_10",0.7021370749334462
"6920_1",0.1625681258986089
"11536_1",0.14739022852578093
"1923_9",0.707509896435833
"11460_10",0.5745911011733692
"10054_7",0.6572908143774053
"10845_1",0.1693488834622248
"10231_4",0.46057395089334696
"9430_8",0.6655406362422798
"3226_2",0.20460803420450274
"4298_3",0.3901123465838706
"10635_4",0.36332375822650487
"10567_4",0.24726862959814708
"5460_10",0.7803666677333544
"7310_7",0.560786036332057
"10330_2",0.1665206949972135
"5151_9",0.7388121619060931
"11_3",0.5646990870805235
"1448_8",0.6380126317588306
"10130_8",0.7377866540347787
"2199_3",0.33151532562193814
"1761_10",0.5819766198352033
"2782_1",0.19014025877901752
"7618_10",0.8098424623768583
"85_10",0.6769360909510616
"5730_3",0.3547864623178033
"3641_1",0.40603982418557405
"8190_9",0.8103653285744807
"9533_10",0.7727760367286756
"9508_1",0.269976502970596
"237_8",0.8083511659788023
"3981_7",0.49179566079924836
"7194_9",0.6632783848511361
"10584_8",0.5599934877087194
"248_2",0.21250042405093747
"8358_4",0.28644168530651054
"1218_1",0.1330159632719537
"4191_10",0.33526340403286603
"3090_8",0.6307879655964894
"11923_2",0.275564695471769
"1640_8",0.651084489276867
"9972_3",0.342053108437369
"11818_4",0.46852665471776817
"4350_10",0.7183913969160373
"877_10",0.5718890887163336
"10017_8",0.5905519431664692
"7975_10",0.8485008300928862
"8436_1",0.35834983803324727
"6024_7",0.5980718002444594
"3112_1",0.19346338542727504
"951_10",0.7443671762036901
"1622_1",0.1861467032074096
"191_3",0.4619172359935077
"5669_1",0.20336843504309152
"1891_4",0.3352704682627961
"12173_9",0.6148770802243589
"7887_7",0.5780515975795599
"3256_10",0.4262069217616536
"5419_1",0.1917024303247165
"7635_1",0.3000142724577957
"8297_2",0.4283265975664333
"7137_8",0.6441194356127877
"7562_3",0.3514188916229716
"9944_1",0.15707479135597924
"4288_1",0.1263216078091328
"8087_1",0.5373338555451814
"4771_10",0.6631009016955092
"10482_10",0.5214563528635494
"5324_10",0.7961134762047295
"3080_1",0.3912334595296591
"10923_7",0.463902416512129
"1753_7",0.735957794635075
"317_10",0.7563488251319809
"12474_8",0.7087061008253844
"773_8",0.7077337961209368
"388_1",0.315597631291762
"12141_2",0.3788284590361248
"5667_1",0.5319293020124332
"1071_9",0.7467883934010082
"2897_10",0.6968675942317231
"9481_4",0.5762771313298827
"12025_1",0.17571264136101536
"8879_7",0.6612430457201655
"5683_1",0.3587126913203074
"7026_1",0.24427526644379613
"2439_1",0.3955175266301915
"3631_7",0.5191708156405291
"1650_9",0.5539008960053947
"5378_7",0.8177046543803723
"9745_1",0.11775486862358345
"11563_8",0.5748453297771261
"299_8",0.8075576992559603
"9471_2",0.37608112178077013
"1866_1",0.26996743631732256
"2639_4",0.49948964174653354
"5122_1",0.29024950122118076
"12341_7",0.4892679773278261
"2936_8",0.677402079587618
"8647_10",0.6454601384553206
"4255_9",0.6437352242580873
"7262_8",0.43819758461124475
"8413_10",0.5722828268432646
"10080_1",0.24061359332448518
"3973_1",0.47011484236506856
"8752_9",0.8420393122865097
"4018_2",0.41496369271917033
"7669_1",0.28952959749274604
"10421_4",0.3048275494007112
"7854_8",0.7740289222544231
"162_8",0.39481683995780015
"11614_9",0.7261881101216141
"11343_8",0.6957688955680563
"1708_7",0.3691519598665078
"7115_4",0.42178142411957636
"10498_10",0.5111592043503732
"2944_8",0.7638066021724758
"10474_3",0.34748645258907895
"1263_1",0.23011728019409963
"1693_4",0.4827578041174673
"9600_9",0.5121940711775936
"11173_2",0.3848160934694454
"3961_2",0.429271641430177
"8011_1",0.3439957336875423
"7386_8",0.5850632534564731
"8787_8",0.5659193171129584
"12349_9",0.6516046833426649
"1776_4",0.3727545860496927
"5885_4",0.6042785107353361
"220_4",0.2910484165814983
"5547_8",0.6623611129718511
"2853_1",0.26977590984944144
"2157_2",0.29529401376293374
"11667_2",0.41303077047441195
"194_7",0.6200249075456589
"1633_1",0.15449221291437817
"6897_2",0.2562752936795606
"11568_2",0.37942143624209784
"9219_1",0.28321803858112815
"477_8",0.7331506623960807
"8980_3",0.5798187429508396
"4612_10",0.5633115944412179
"8030_10",0.8237883748565555
"1846_8",0.8344238033561147
"2786_8",0.6878218458128607
"2634_1",0.18200303081002178
"3110_8",0.5997887022618325
"11587_8",0.6582225275953348
"11262_8",0.630849763973863
"5680_7",0.5250441573700267
"4583_4",0.44612296243010874
"1451_1",0.19694632242260987
"4244_4",0.20029340818900193
"6176_4",0.21346345468777847
"8851_10",0.7574800270943142
"908_9",0.8208638021504587
"7494_9",0.4640947862583616
"8061_3",0.45184108033767806
"789_1",0.370138062912784
"2374_7",0.6262411322921445
"11225_3",0.2041238199354047
"4467_4",0.3078983548735962
"8516_10",0.4779302552870343
"4121_10",0.7192981445076787
"10267_7",0.5028929632225814
"6040_8",0.5913008992303534
"8338_7",0.6785440808315012
"2903_7",0.7607066491596389
"6662_9",0.732352954963355
"5333_10",0.6245024568665917
"7470_4",0.2610571164906955
"8813_1",0.3943412725806456
"4514_3",0.6025899924886008
"9584_7",0.42602578431788757
"11706_8",0.7532769293520464
"11538_8",0.5860332550681502
"4210_1",0.08355106805415378
"8984_1",0.27430689507679784
"3431_4",0.18642819341294042
"4973_10",0.7799373544453669
"12260_1",0.2148112661351145
"4267_10",0.6468807950132939
"9906_9",0.753496495311757
"670_7",0.716552919078499
"6270_3",0.22044000241833253
"5164_4",0.3441732065063263
"9741_2",0.3926068333073955
"3761_8",0.5686769034888861
"2651_2",0.397794410953666
"7448_10",0.7657187521910365
"7184_9",0.6749279274013039
"1313_9",0.6162022584210656
"10654_8",0.6956278718469744
"7151_1",0.19214740045744952
"2320_10",0.6424232219743334
"12033_7",0.5796984985513979
"6429_1",0.10509185030812183
"1420_4",0.6249693195847095
"3002_7",0.5099214517781553
"1299_1",0.21625091380170333
"7897_9",0.6941968358280195
"1529_4",0.26799618048661644
"9760_2",0.40686457353852024
"11318_1",0.29132557367291
"2217_3",0.38446125402336007
"11641_2",0.34234305186222247
"7238_10",0.817638479873237
"7710_8",0.64074184035018
"12011_8",0.6224138749239285
"4495_7",0.7146905847885056
"11144_4",0.47559655213866
"5625_2",0.26180212126515495
"2926_7",0.5727228076919909
"8538_8",0.6316462795218373
"8875_10",0.686137934559891
"10881_10",0.664933013421251
"1662_7",0.64207599537437
"4560_9",0.5502344459107281
"6714_4",0.30022147651547737
"9059_10",0.760156741127409
"6631_10",0.6783111252698144
"8520_1",0.16272852410687533
"918_4",0.5070087682477623
"3102_10",0.5622833040343185
"3611_2",0.27269955738685464
"8434_10",0.7919660733389935
"681_7",0.7103984644213626
"7386_4",0.3406675340572303
"7566_9",0.45347975552643666
"10110_10",0.6818475668449248
"10486_10",0.7210883965939493
"1492_3",0.3619193119557473
"11823_1",0.299039728146401
"2331_9",0.7298155927104993
"2200_2",0.2627007215059899
"9547_1",0.27650549491716647
"785_2",0.15170236414803698
"5101_4",0.4041420489378748
"5657_10",0.527228983804532
"6902_7",0.5492028601488516
"1490_9",0.6505355081472446
"7148_9",0.6366095232029492
"7387_8",0.4684238536656065
"8277_9",0.7220641897344805
"6912_7",0.6827801017089389
"170_2",0.543869919194489
"7702_10",0.8490475967650836
"4393_3",0.19334980835388302
"2608_3",0.44241679599817757
"4931_8",0.7943740873867009
"10589_10",0.7029686614310954
"8623_4",0.2002683697651521
"6057_2",0.31437290875661716
"2704_9",0.7236166105288542
"1790_2",0.377847437955014
"12370_1",0.15549241853843568
"159_1",0.1813164373672829
"343_9",0.8458442148884621
"2128_9",0.7376403445339753
"11181_8",0.7631675764299821
"11775_10",0.7292720590148033
"3514_10",0.7204776867160204
"6993_2",0.22118239153553187
"2866_9",0.5057475988904498
"1000_9",0.6615340753315718
"11772_7",0.503258760064857
"3355_9",0.38000434964057717
"8519_8",0.5104205788716782
"7879_3",0.4229939587490391
"4332_10",0.6324652955895824
"5403_1",0.22286223985317144
"1514_7",0.381011034720629
"7904_1",0.21421638685532843
"10550_2",0.5543387750740583
"11442_10",0.6896612425732598
"2821_3",0.29633383640598426
"5766_1",0.12902622326980168
"8061_9",0.7565270770295502
"2166_1",0.22992510486800063
"6206_1",0.2853718754387113
"11124_2",0.2236342777430468
"7625_10",0.6221361343483464
"90_9",0.6665169361972053
"7959_10",0.6648461389924321
"7029_10",0.6464282833916813
"779_8",0.8184143221141891
"1101_4",0.2776529438635469
"11189_4",0.21661994598352438
"9790_4",0.261315625184151
"10861_1",0.3450599029701573
"5902_2",0.3606413740320353
"9545_10",0.569247803236429
"3730_1",0.1137949156287267
"4951_9",0.6348259393170662
"3295_1",0.24977015347579387
"9495_2",0.42029289818609283
"2876_1",0.4853953528905493
"2796_1",0.29139853569393565
"10338_3",0.3916436347325094
"10913_7",0.3452108609442051
"4685_2",0.20356283291537539
"11586_1",0.2971557186145214
"4904_7",0.4808110178880225
"7110_7",0.5416026623116779
"2086_4",0.34970648923518965
"7372_7",0.5739274269942104
"135_9",0.6716289339344559
"7038_3",0.48915070584221676
"1119_2",0.23408762127844077
"5057_8",0.4057262375788075
"3479_10",0.8206905409917352
"6489_8",0.8546239946149161
"4910_8",0.7014459792732886
"5979_10",0.5997995513020383
"11304_1",0.1920968586439232
"2102_9",0.7705069238408738
"8048_1",0.24540578637515045
"12153_7",0.653332376949815
"4832_8",0.672038273524674
"3079_9",0.7889187055905081
"8254_2",0.2937086122662483
"7981_7",0.6977490311382887
"611_1",0.40159767607623714
"307_10",0.6709247788474255
"8861_3",0.25578797768286826
"4635_4",0.5043640419440647
"6197_7",0.759649771232417
"6739_3",0.5213284623364712
"8588_9",0.76197308341129
"8461_7",0.4616401891787735
"10089_1",0.36175847682075707
"2609_7",0.5136931298490305
"1418_3",0.5646636302062591
"2661_10",0.6996769827133074
"1253_9",0.6512044787747572
"8815_9",0.6883946162789989
"9867_8",0.7734873719357193
"2155_1",0.27003973590115155
"12259_4",0.2961818272349673
"11224_3",0.37716967675906576
"4781_1",0.19193901600400656
"4354_9",0.7894582143488622
"9629_9",0.6869472710826631
"3629_9",0.7435092980293146
"6445_10",0.8529142113055007
"9526_10",0.7533816111685937
"5138_2",0.2802849749763874
"349_10",0.7479835671488003
"2099_7",0.5618022119125262
"4411_1",0.447482540648032
"8127_3",0.1736857012849455
"5225_8",0.590175934898025
"7970_3",0.3562950814630705
"5688_7",0.5910614816633876
"12099_3",0.3608783984965249
"6020_4",0.3760790180343809
"3892_8",0.5411872635681606
"2098_8",0.5918583357450296
"4851_7",0.7327499161687729
"10967_10",0.5751529481478314
"6230_4",0.41604484914519174
"2211_2",0.2691836498348875
"11978_10",0.6585373696438028
"8802_1",0.28893299705312886
"11010_3",0.23332382388396813
"10083_2",0.4562793562393498
"5588_10",0.5614077391866948
"958_10",0.714916412329663
"6771_4",0.35414003270628347
"6767_9",0.6088510005551808
"7302_10",0.6655417208317397
"5324_3",0.24157942990284967
"7737_10",0.7218077711991897
"8603_10",0.7188507497188242
"3029_7",0.7793382816200211
"8640_2",0.28777019624739714
"2139_1",0.18448083998861084
"6305_10",0.7692931566710564
"6884_7",0.7260873944033812
"5534_8",0.5698560092237803
"7619_8",0.7611292797891058
"10057_8",0.6025057053890555
"972_7",0.769215846039966
"6245_8",0.6308504871778341
"6627_7",0.8386682271675435
"3621_10",0.4604130463972612
"2290_4",0.5537473775350156
"24_4",0.46326219208321573
"5689_1",0.16656296860533035
"6497_4",0.3902756113851179
"12405_4",0.553917356104877
"11720_7",0.8502369345658444
"10088_1",0.2134362742223072
"9258_9",0.8310453930028628
"354_4",0.5817555500480002
"4770_10",0.621626487316637
"1035_3",0.41384705540487116
"739_1",0.16481737888044196
"6267_7",0.7805494853982545
"1562_8",0.7248237978445573
"1438_1",0.26701632244675794
"281_8",0.7504274715777672
"1818_1",0.5197137108019281
"3943_3",0.33657074327406156
"8116_4",0.5160516586927262
"6984_1",0.27200944232708946
"5330_4",0.20167489535324434
"8821_8",0.8050442312664704
"10484_10",0.7795257547450599
"1886_4",0.24433510342502981
"7943_2",0.4400307116672958
"6438_7",0.741569855843038
"8931_10",0.6401036387994868
"10538_10",0.5941110159881862
"534_10",0.8288500350202853
"7329_2",0.26385980432185857
"6614_2",0.52359654123649
"710_10",0.6558158337395001
"3120_4",0.4097025137431894
"9046_1",0.2436820341101703
"5638_2",0.3833411428111611
"2455_4",0.33338917555769826
"2652_3",0.28433233759441795
"11006_4",0.47425516554890007
"5065_3",0.21542682547348047
"9805_10",0.7589495516787517
"7092_8",0.7347323552431116
"1735_10",0.5464253512266396
"3609_1",0.1910793597740909
"1201_10",0.7447847471255267
"11024_9",0.793198311734931
"3807_10",0.7391201557114445
"4483_10",0.5286895847023819
"4510_7",0.6916445819358022
"8037_1",0.35760974167979503
"1760_1",0.3725966842888515
"133_8",0.6544598417170417
"9039_8",0.782935601833331
"8462_4",0.5586753048207765
"2468_10",0.6843299887208953
"7684_3",0.21674145037994386
"10350_9",0.7459243492589749
"1199_10",0.8506612726825038
"8560_1",0.20502303741695557
"6405_3",0.20658370514706723
"1295_1",0.23978689511535026
"6420_1",0.22211999337109609
"12183_9",0.6764013986227992
"11619_1",0.1812955230694265
"1415_9",0.6379049810382876
"9414_1",0.21626925783122575
"7640_4",0.27060495291713
"9211_9",0.6763220723264016
"557_9",0.600949803525448
"4501_9",0.7018407157455746
"8711_10",0.4750561198035237
"2402_1",0.5652173240524816
"4586_10",0.6527887684312778
"176_3",0.37183071918725963
"3545_1",0.19293005426749038
"8932_1",0.07810739160837005
"5829_10",0.5798444598009403
"3409_10",0.8135314921626093
"3636_3",0.4618964858113124
"12048_7",0.7727081534328104
"10468_10",0.7490584272731662
"11546_10",0.6776268866318739
"9444_10",0.746460748139159
"6275_1",0.2830968460113696
"152_4",0.5564027572643817
"4767_9",0.5594903353123373
"6751_1",0.19366084689395824
"10245_4",0.41537750543118257
"5407_8",0.6597948392765914
"1923_1",0.3099581258960142
"515_9",0.48976013783147204
"9988_1",0.3985561354813359
"5928_8",0.7831497244581194
"10163_4",0.5161864689149859
"7969_10",0.6519671821147552
"1494_4",0.30491836983360987
"11211_10",0.6862272114672118
"1957_1",0.18663519083401572
"8484_7",0.4872825016116628
"848_2",0.16181366059049354
"5177_1",0.4056939331562375
"10667_10",0.6184129663277397
"3075_1",0.3156218742104559
"9443_10",0.44977340101720936
"1572_8",0.6780358967134849
"11285_8",0.4347237840398626
"3125_1",0.4914531306508541
"9265_9",0.7112989109482369
"4072_1",0.33085678849756756
"6390_2",0.3817928501838163
"6496_4",0.5175839189950733
"8766_2",0.10635836542364396
"7787_10",0.7326857071087081
"5897_10",0.8240221955768456
"9027_1",0.30748325934552406
"1538_2",0.21041848115451453
"1220_3",0.20988634714465712
"8600_3",0.3911878586827298
"11432_2",0.3312444754099223
"1424_4",0.4583663836309519
"7344_10",0.7121986166911267
"10842_1",0.3386110522042225
"10332_10",0.7191831306017314
"4340_4",0.374502423793745
"4868_4",0.32559355635551346
"11216_9",0.7296633504887186
"12027_10",0.5602791146948879
"6785_7",0.5964372147136091
"8773_8",0.7120654543693814
"8119_4",0.4160807024704154
"10138_10",0.5810573424776855
"7197_2",0.20872834293344802
"1536_3",0.28465772888137153
"9981_7",0.6374018499852501
"4753_1",0.42242690232335434
"2795_7",0.18081643810882367
"6672_4",0.44030952210769364
"10805_7",0.4854435055590129
"5866_1",0.3399990544017154
"570_1",0.1218470500444705
"11965_8",0.5459820656257824
"3288_1",0.3293995662166505
"8135_1",0.36000155593704647
"10094_9",0.7370638101616295
"5845_10",0.737336219680125
"3570_8",0.5773608411204186
"1240_1",0.28383110868153516
"231_1",0.20668710855077485
"10628_9",0.5948559400774767
"3536_1",0.2369947959259436
"1852_10",0.6428704265584616
"8202_7",0.5631684230761356
"5907_7",0.5903756202955713
"1759_10",0.7320500642529643
"4492_10",0.705022749170455
"4844_7",0.4409788874135936
"3189_10",0.6441559373206026
"3403_10",0.6441518191167509
"5874_2",0.22933555409607176
"7809_10",0.7053782804956498
"3632_9",0.7236160047167326
"11767_2",0.6948524772243483
"9925_3",0.5111907042374536
"4218_1",0.4220155418815596
"12036_7",0.5489725272744739
"8973_2",0.23299540688076556
"2464_10",0.7693174189051911
"4094_1",0.29027031063715086
"10592_1",0.3056487111416714
"10648_9",0.7508856505704079
"3887_10",0.7454826207733489
"9092_8",0.7972747031437101
"10666_10",0.6953096244546259
"8389_10",0.6247428528023474
"5281_10",0.7671418931169023
"6946_1",0.23179080157392268
"1132_1",0.2367817588919897
"10052_4",0.18623684229556606
"768_10",0.8810678513773613
"5432_3",0.367328566712247
"7424_3",0.15079691995927805
"2366_2",0.47886708306708725
"2865_3",0.25425918048665563
"7806_2",0.2630252968878748
"8878_3",0.3543877220276791
"6298_7",0.8099301449745996
"4517_4",0.47322458467520473
"12018_10",0.6650579330142562
"3662_1",0.2770199505037325
"11393_10",0.684213299502215
"2071_10",0.663139735970538
"8217_8",0.7596762779709622
"6568_2",0.33113976906802584
"3840_10",0.7460090602043769
"1666_3",0.4429273097977111
"2360_7",0.6061521765808848
"5778_4",0.5196490355338872
"5341_4",0.3762465673636935
"4044_2",0.2238109722884615
"2503_3",0.41770147261408064
"4095_10",0.6730630008939462
"2092_2",0.19733016476630566
"2707_3",0.26730835991274104
"573_10",0.6886259031390974
"6441_7",0.7294737442169222
"7565_3",0.250017341588079
"9499_7",0.6010603727155428
"657_10",0.8246522202439608
"8840_10",0.6648734078406039
"1407_4",0.47387325746296255
"12453_2",0.39455119614907636
"8273_9",0.6655723896242178
"8366_7",0.6793600579918484
"10643_9",0.4546567590096912
"9998_1",0.2942362242110663
"1385_1",0.31463165305866897
"1354_4",0.3515386673275615
"4674_7",0.6103428840614561
"3515_4",0.39764038465941937
"10426_8",0.5768113638212984
"10226_3",0.45671456921861814
"10391_4",0.2227256628224995
"9968_1",0.2166464044206276
"2893_3",0.3090558029799874
"2546_9",0.42435486308176895
"37_1",0.15976739004971627
"1757_10",0.6989721460777948
"1569_8",0.7417262772919441
"1466_3",0.37257602442310206
"7783_1",0.19283244025641152
"9506_10",0.5768323002438901
"10835_3",0.1848784832497677
"2917_9",0.710372227172192
"2495_7",0.7302516495019089
"1686_10",0.7885614181033297
"2414_7",0.5298614642519265
"5318_8",0.7570079761716877
"8858_8",0.7055774592020166
"8112_1",0.26382946615986963
"6532_2",0.2353182159644897
"2526_10",0.6939577487862482
"11089_7",0.740748882176366
"4297_8",0.5142624893432854
"3179_9",0.7256641764390775
"5832_10",0.7857378258349782
"10539_8",0.5566649467859615
"9226_10",0.6111974836384344
"9878_1",0.5200296319135433
"7940_10",0.8010834508329296
"7195_10",0.7495761212665775
"2979_1",0.3869736967800872
"3597_10",0.7847323520175256
"2931_8",0.6198817643554723
"8571_10",0.3900212448062158
"12148_1",0.07519457882696509
"4047_2",0.11849320558677007
"6164_10",0.7283331605090053
"2214_8",0.7972698719216206
"5903_1",0.4223231027664792
"7931_9",0.5875533137129663
"1205_3",0.4067202835246148
"5983_10",0.8029029671738552
"10424_7",0.588669721997756
"11032_7",0.7149294624576341
"1303_10",0.6875920598926253
"10390_1",0.20003781408354068
"8349_2",0.4052307457084203
"3605_8",0.5957165024754585
"12273_1",0.19399740691769035
"60_1",0.29361616344336255
"3879_9",0.5800290026625884
"12431_4",0.4385077313089694
"4499_2",0.3717818941285774
"5786_10",0.5862015815885006
"5521_4",0.6467643333577148
"793_8",0.6203285637089663
"7948_3",0.3566766480463553
"9022_2",0.3345203831308858
"11071_1",0.32649718750953055
"4991_3",0.4273571548390076
"8226_1",0.21563980698648938
"8762_3",0.33845991659792185
"6918_4",0.5762426457823103
"844_10",0.6319898769129028
"11503_8",0.4513434254952447
"7406_8",0.673334440907171
"7743_1",0.2773016666859915
"514_3",0.3253398558971296
"10927_9",0.6830707341299671
"3731_7",0.7616781649389527
"8870_4",0.505615557014315
"11099_10",0.8565849095581487
"8456_10",0.665187974624432
"10944_7",0.33709348169227277
"7168_3",0.3711159337672628
"3378_10",0.5681786971738967
"8203_3",0.5042773978116993
"5676_1",0.294166965393834
"5061_9",0.7459936790483344
"6238_8",0.5840257088232285
"1136_8",0.604560065424732
"6234_3",0.2684572099158747
"9510_3",0.7041744347334261
"9632_7",0.4500287076068333
"4357_1",0.5198608800420952
"1176_9",0.7568681036264772
"10821_8",0.8001946995792878
"4143_4",0.42625015583483195
"5074_8",0.5826109035462826
"11673_1",0.19881833319357667
"11072_2",0.19763838285923818
"1816_4",0.4559570408317276
"3974_7",0.5946895457894255
"796_4",0.2241102998548936
"8540_2",0.3594264412630195
"10959_8",0.6340885304836829
"4576_10",0.5990531426121662
"7030_1",0.42907060002812547
"3340_10",0.6475877233084091
"3223_3",0.2968376257192117
"3030_1",0.391336505672165
"4194_1",0.22750093340452363
"11322_1",0.23271275383260936
"1785_1",0.226984576919771
"7109_2",0.18974455788342554
"4120_1",0.29572021309001895
"3024_7",0.6486821079805566
"589_2",0.2907604226749625
"2480_10",0.5500837677473689
"4878_1",0.3595085066112183
"571_1",0.46291050546028967
"12156_8",0.689598783184629
"7547_9",0.6946390664209808
"6577_10",0.8075827058945493
"7101_3",0.42204075407217
"1731_3",0.5029547687958564
"10424_1",0.3299119747933596
"9056_10",0.7429913731765511
"11959_3",0.22529500891583468
"6952_4",0.28485298743747406
"8709_10",0.7226732237816088
"4716_10",0.7859457953454236
"2393_10",0.7477878202282982
"4007_7",0.5211804875706195
"1196_2",0.3438363250260276
"8483_1",0.284633344759017
"1840_3",0.4189461440742475
"6108_1",0.2970108674347774
"4621_8",0.6320427624191576
"11332_4",0.615445153588509
"8800_10",0.7845709353146626
"886_7",0.8640154249677185
"6495_8",0.46589515885556676
"6193_10",0.536578808474137
"10297_1",0.20468479021674202
"4233_1",0.289547221105415
"3121_10",0.6060179807558737
"1681_10",0.5655452939424792
"5789_1",0.2830072642991535
"6446_10",0.7407917367374578
"479_9",0.7389979058629417
"6401_1",0.17610831440554084
"7602_1",0.1951763896022865
"10792_1",0.37851531052417386
"11436_9",0.7648288441540227
"6944_1",0.3623089467090095
"6275_9",0.2510643493653129
"7314_10",0.7871433264977451
"8887_9",0.6145477915280355
"1835_8",0.7530000118511398
"8403_7",0.6474603720492491
"2090_1",0.25205810276124463
"12310_1",0.40969166389512685
"9795_9",0.7490215219678524
"4260_1",0.16797184810508312
"3214_4",0.3773425378952139
"10974_8",0.5900554393754824
"3374_10",0.4506749392617798
"2251_2",0.2422843730482021
"2325_7",0.6582748416546124
"28_9",0.5860421286767068
"1758_2",0.3385193121742796
"1222_8",0.6713837112590538
"1229_4",0.3331762859954531
"9791_2",0.5807610451293962
"3433_4",0.30299795452265316
"10847_10",0.7900103856586398
"5020_2",0.17278758148088108
"9652_3",0.1499550867737259
"1739_10",0.6528073664484908
"10441_4",0.644278069737867
"9002_7",0.6908335842816526
"4304_8",0.6468545322474328
"290_9",0.7026693343745724
"1339_8",0.6838780019286199
"10899_1",0.24453937505644105
"8723_8",0.6308745852522492
"12487_7",0.5690517975365058
"10384_7",0.5166240878749149
"4673_4",0.19679272968224984
"11679_1",0.24041892986348953
"3938_2",0.35477245840439775
"2253_10",0.6951796010363713
"198_7",0.6928142480359062
"3346_3",0.40872303609364674
"11543_3",0.19156656379469314
"8463_1",0.28946205172493844
"1297_2",0.2111406924859379
"4689_1",0.09596410705902643
"4681_1",0.18006038617777573
"961_8",0.8111841719517646
"9865_2",0.5146392676383257
"770_3",0.3472258459348507
"10495_2",0.276794743118406
"6302_8",0.650910614699516
"6232_4",0.3561832885468295
"10098_1",0.3841874879411345
"8905_2",0.21021476772758638
"8853_10",0.7064393570422807
"6081_10",0.8291048658773713
"12_4",0.44257258648404263
"1291_7",0.6317385338363072
"1679_1",0.36460017689434926
"996_7",0.6251107831413558
"3343_10",0.7399767185588594
"6083_10",0.8709955680071246
"98_9",0.5226930875863891
"962_4",0.3903487578141576
"4857_8",0.6630380361257507
"12394_7",0.4488740593933892
"1321_10",0.7309068504933945
"8994_10",0.6530759557827188
"7788_1",0.4416735883253768
"9708_8",0.6388845694384039
"9523_1",0.39162210649392487
"11785_4",0.29478007348788876
"5440_1",0.2794345997945415
"1091_7",0.5959058340907242
"11584_10",0.7870960379288301
"5369_3",0.4278284921375104
"3165_10",0.6311951987603206
"3686_10",0.599475849610754
"7069_10",0.5670136930087392
"427_3",0.3458871076380209
"895_8",0.5489269916590315
"4565_8",0.6317628721377877
"5139_9",0.6683804965785061
"5027_1",0.14936094155970536
"503_9",0.6513674991165688
"7630_1",0.14779718527921343
"8552_1",0.4304571486231942
"4322_3",0.3238295151594052
"3492_3",0.5757782540639553
"5301_4",0.32630399582035763
"752_4",0.32166759598106726
"4307_2",0.31053205919760773
"4901_10",0.7079052697811264
"233_2",0.3366191154487305
"10789_8",0.6268468444926032
"270_8",0.6247042608393502
"11442_1",0.40659719270276745
"3688_7",0.6157384695880689
"9928_7",0.5036043352191272
"6563_8",0.7423075217354003
"3437_7",0.5618665050851815
"10495_8",0.7058823516291837
"8775_10",0.7832568438507449
"12172_3",0.2794604646421035
"10085_10",0.6799849486552204
"8394_9",0.4814883035023399
"2607_10",0.6453848491786013
"6645_10",0.5910870383458161
"301_10",0.7840177321328032
"2153_10",0.7592405293091843
"1967_3",0.2728187875147763
"9604_10",0.6886051166147569
"10665_10",0.4958533508752824
"5409_1",0.2128667581623702
"6707_10",0.7852134817203028
"3847_7",0.47984511922797984
"9261_10",0.7259904325650925
"3772_1",0.22033544567237545
"8950_1",0.44327714117702866
"6591_2",0.5090063808749692
"2765_9",0.44262514999855784
"4166_10",0.5287849647735143
"11418_3",0.34844602346661474
"7137_3",0.3498085801354607
"3710_2",0.18121105293381146
"1153_4",0.477907050525365
"4155_8",0.5646466156453955
"9221_10",0.4957434605320859
"8917_10",0.613557398167023
"6066_4",0.4556121708753095
"5366_10",0.8139069511405412
"2520_9",0.7455407336126906
"11677_2",0.3523124431637453
"4032_2",0.1514831875720969
"4041_2",0.16594223131186583
"474_4",0.25830785374383125
"6392_2",0.2833518639178035
"6545_10",0.7573112005016275
"5009_10",0.5346256539629389
"3060_10",0.631456653453044
"11033_10",0.7493138456172703
"297_10",0.7417639089729381
"9099_1",0.27300839742494837
"10496_10",0.6103007610148546
"5619_3",0.44041364001363054
"4226_1",0.28879673970175174
"10483_8",0.7154893139242438
"1966_9",0.7734718266753481
"4024_2",0.18253950472831115
"6448_9",0.710233277913645
"4252_1",0.1143001718560427
"250_10",0.6991918967434517
"10753_3",0.4587981269331298
"1005_7",0.5968861060018122
"4415_9",0.7182831850208249
"240_4",0.7022839666776982
"108_10",0.732169865317011
"1393_1",0.4674221564275122
"4236_2",0.4565195840944966
"9208_2",0.33305286489602537
"7156_10",0.6403074635203714
"6490_1",0.35686078322218456
"3518_3",0.3060018213655108
"10308_1",0.22515028823305988
"8706_2",0.3519083562573788
"8674_10",0.6334786643436608
"8240_10",0.6503337209558661
"11890_10",0.6658503865000975
"976_3",0.4267460513925701
"5025_8",0.7498229804984303
"10206_8",0.7905480180704852
"11921_3",0.24793340100925532
"8344_7",0.5498781466307598
"295_8",0.5313867712171215
"2121_1",0.26231428362944126
"6978_8",0.6425868874587958
"707_3",0.3191289525316788
"751_1",0.15472636955421817
"1931_10",0.7579620002442988
"7197_10",0.6433308596719068
"11032_3",0.2069129265538869
"416_10",0.5738938517796182
"1384_2",0.41372959847416285
"4114_2",0.4097394035962198
"9450_10",0.710213984813905
"6877_7",0.6755741835163062
"5092_9",0.7169091702781397
"3402_9",0.539098947746972
"9517_10",0.7555579887185485
"8566_2",0.15205807543894506
"4493_1",0.30580605696565816
"842_1",0.33131944193360735
"4926_1",0.23607102303864808
"3398_9",0.8321857076730105
"8857_10",0.6261933265682361
"3696_9",0.6764958453955731
"1952_1",0.35381428502640716
"5516_3",0.4802721869054962
"3297_10",0.679692176832716
"8396_2",0.2885590506432421
"1928_4",0.38124072280593796
"7216_10",0.8367616527693922
"1648_3",0.20474730546481792
"9312_8",0.7006962049402371
"4392_2",0.2632769175942545
"4740_9",0.4778611955424771
"2985_4",0.10860905539248451
"6407_10",0.48517043830598827
"4015_1",0.38128483682464964
"911_10",0.7851954630145784
"7898_1",0.25208550209698144
"5241_10",0.6841082262829913
"4955_4",0.40059867415323597
"4199_1",0.22315160345529986
"8319_4",0.5894963598081389
"6340_1",0.33995305993463837
"2003_1",0.3270412432681299
"11213_3",0.5354969081830148
"5109_4",0.3869812704726998
"9400_1",0.5368784170941664
"10719_7",0.5348960935675345
"6848_8",0.5295107172493977
"11398_1",0.48939337964193413
"2606_7",0.5654582130609982
"5646_1",0.3078094422715472
"4103_10",0.6099686870294437
"8906_9",0.6963449290116418
"6997_10",0.6813575072405096
"9990_1",0.32498473439543984
"6573_1",0.28617648544389185
"8530_10",0.3899995964344932
"8382_9",0.6497605477044487
"4207_2",0.5701012678265254
"8794_10",0.6377935122154871
"917_9",0.636785864563187
"10739_9",0.8282377299815056
"4286_1",0.24176405449794425
"1763_1",0.41969528870509415
"5173_10",0.5235957981534711
"1764_1",0.3898392365308752
"3614_3",0.5087439686321972
"3880_10",0.6374518238913733
"4059_1",0.3026014090804306
"8786_8",0.5463826487601164
"9553_2",0.3011336065144215
"10599_8",0.27926788868585195
"1048_4",0.4275593219440103
"8136_7",0.5662444287178516
"8715_8",0.6695157786271496
"7667_7",0.5387900777631638
"5647_2",0.16037417429373108
"6267_1",0.1631296942799114
"12444_10",0.6216819255611858
"7390_10",0.6120458360438856
"7260_7",0.6963489608063316
"6170_10",0.7750267192451311
"2181_2",0.35991715237457733
"6196_7",0.684364674806304
"12058_9",0.5093059736299846
"8915_7",0.5525479761857025
"6816_10",0.7776729515860216
"730_9",0.6558119617847674
"5808_10",0.7889978852610211
"6256_2",0.13284350735429276
"5157_4",0.4509905992955385
"7970_10",0.6517747522803004
"6991_7",0.7372106566007257
"7112_4",0.5029778403548244
"12136_4",0.5049528027241151
"1554_8",0.5321710432265395
"8289_4",0.3732887684914031
"12452_8",0.7619441876552016
"6181_8",0.6504524301547717
"6237_8",0.6612846745276921
"9724_10",0.8222263872215733
"7991_1",0.23643708161271068
"8185_4",0.2619674109101169
"12162_1",0.2793243916103328
"8330_9",0.598739619379517
"84_3",0.20962971208137648
"4879_4",0.5058394976132556
"1173_7",0.7937117483776663
"11095_2",0.49120934724387466
"9934_8",0.6439445391227432
"10791_9",0.5437670568413847
"5260_10",0.7209423711604098
"3123_3",0.3094297502228774
"7500_1",0.31495744711945667
"9472_8",0.6466010585196605
"6349_9",0.6477746636789133
"8706_8",0.6435119436012088
"12385_4",0.3617398357876309
"12409_4",0.3645531341719082
"809_10",0.7213856267315486
"11380_2",0.38013713430087254
"4975_8",0.704593160376509
"5069_3",0.320654686121184
"8132_7",0.6749840532737045
"5628_10",0.7265893981021784
"12329_8",0.488085994227744
"8217_3",0.26325305483815264
"251_2",0.4582862024664007
"2901_7",0.6661614154098655
"4588_1",0.2826038987098802
"2647_10",0.6005687761100607
"6020_9",0.7679670359939771
"7171_3",0.19454519455967442
"5880_10",0.7863420849222418
"4842_9",0.806084287999761
"10657_10",0.7968110356376236
"11858_7",0.5499621361210195
"4656_4",0.41849894664331955
"9293_10",0.6729691265589586
"10702_10",0.7933321966289463
"6277_10",0.7387328785771512
"7223_10",0.6598072121224321
"11150_8",0.6972670119036224
"4768_9",0.6118185116154231
"5703_8",0.7105103501843931
"9249_9",0.547907950718393
"12051_10",0.7606702628205118
"5740_4",0.2734969173811455
"4882_3",0.3535575878949086
"11575_10",0.6823712054020376
"385_1",0.45516013325177235
"1569_3",0.46345580355890265
"7449_1",0.24656076497155602
"1977_4",0.35785327464605676
"6134_7",0.6060466345683672
"2384_8",0.8115863909690957
"2437_10",0.6769643395909253
"643_7",0.7002518636206344
"7334_10",0.7053345694298665
"12228_9",0.6264854529122049
"8579_2",0.22595066550675008
"4093_4",0.14495510115304372
"233_8",0.7484558333764626
"11852_7",0.5551935563633866
"11027_4",0.6004475025998851
"5409_7",0.5997068239676
"9332_10",0.6690517190913192
"6530_9",0.553342867960243
"7815_1",0.1171593503117632
"8317_10",0.6338871587673237
"5382_9",0.6920101904378512
"3183_3",0.5533957173641636
"4997_8",0.675336817910675
"11553_7",0.6253376146709342
"718_3",0.32798547688062124
"7128_9",0.7717112211133386
"11977_1",0.32458566216841656
"10820_3",0.3878485544209859
"3539_9",0.7484804903907764
"2386_1",0.180992083513202
"9837_4",0.5993381771736328
"2941_1",0.20511953102649177
"6669_1",0.33096252119930736
"10927_1",0.44462302312009244
"57_10",0.7264484597784989
"12252_2",0.4590287540900322
"8926_3",0.423766418293395
"3044_2",0.42823345823517045
"9758_10",0.7583303731538202
"4584_10",0.754355804185818
"1467_1",0.2794461214889798
"7846_9",0.7596035926157908
"1982_8",0.6888908881585674
"5705_1",0.15218188037284172
"9754_7",0.7101444177548126
"9594_1",0.18000357369324288
"7405_10",0.815574538818772
"8469_2",0.5028047068032861
"3713_10",0.8575823056061741
"3381_10",0.5805372418154056
"1913_10",0.6174927269414925
"9423_8",0.5745952768038327
"115_9",0.5326395880118571
"9784_10",0.5661399119195879
"1148_4",0.37323348187937966
"2911_10",0.6918886716782804
"11328_9",0.7031038003107568
"5087_1",0.36121669851080546
"3983_10",0.38725078753912634
"5216_1",0.2950443425869949
"7961_10",0.575725028873995
"10134_7",0.7629998514755065
"9379_2",0.3330865609009796
"4715_1",0.173468671819088
"6501_10",0.6822175450836871
"4146_4",0.2085279370236498
"12159_1",0.26482617945600245
"11661_10",0.5990338538322458
"7995_2",0.3309013479719997
"693_9",0.6868485238842518
"1411_10",0.7922373224814794
"7091_7",0.5399035403838247
"2576_1",0.339381949381602
"8207_1",0.11863276289905307
"10877_10",0.7231972768776253
"5444_10",0.5950742832713442
"9409_1",0.22916318719065096
"10020_1",0.32941634783640433
"2349_8",0.6444752421550874
"4942_10",0.8104579971861254
"2839_1",0.13150597934372166
"9419_1",0.22157695761099175
"10661_1",0.31025486997696927
"5659_10",0.7153798760606566
"639_7",0.6082045931786564
"5946_7",0.47102816357228255
"7231_7",0.7807518603489164
"4220_4",0.5719435313322708
"3698_4",0.46082461283019555
"1060_2",0.28384206644204113
"2398_3",0.2902757308121643
"11073_3",0.2829939960045292
"8336_2",0.14811940259390624
"5975_3",0.44730608069491984
"4727_1",0.27309160436237023
"1596_8",0.681009862683886
"5471_2",0.3470704710473826
"11204_10",0.6654256851907924
"8810_10",0.5635196768515318
"11125_3",0.1909794393569676
"9607_10",0.7086375145646546
"6517_3",0.28218436770281635
"10232_1",0.28801264021312367
"7708_10",0.8414578838277131
"1753_1",0.2858041664636881
"10946_7",0.6774413695511061
"668_4",0.3745314364508646
"3794_4",0.7424843264527976
"6867_1",0.5392065222730348
"9428_7",0.5824617111266188
"12366_9",0.7106152505939025
"12056_9",0.6302104462284804
"901_1",0.14331274336447755
"7714_8",0.6533004028605105
"6389_8",0.5016355626230998
"4148_7",0.6322251703748598
"5062_1",0.42328345171847354
"6835_1",0.506620425908655
"2901_3",0.32441479735152245
"4724_10",0.7754116125043008
"764_2",0.5061915247389404
"6729_1",0.1870664237040547
"8284_4",0.27258193698669264
"11928_1",0.22636383553588102
"386_1",0.13606085244282926
"35_9",0.7438185856924012
"4458_4",0.38411641251364115
"9627_2",0.4869481836864111
"8112_9",0.7475727196932805
"6026_8",0.6469274046450493
"12188_3",0.3987671634659527
"3477_3",0.3698557615392628
"12242_8",0.6576390629582958
"11594_4",0.3241846022252275
"11360_10",0.8071882000650831
"10299_1",0.11210174267438482
"3829_10",0.7475639516507124
"8324_2",0.19420067620642645
"1285_9",0.7482231400757309
"11370_10",0.8508610974607668
"8051_4",0.34472048357358687
"4420_10",0.7193935172873228
"3843_7",0.7308674880109945
"10520_2",0.37940346377993556
"12146_8",0.6176787992490552
"1502_10",0.5225294077659786
"6227_4",0.19260505401090586
"3191_10",0.5669957008131241
"4569_2",0.31056175632303784
"7647_8",0.4375433881244704
"6372_9",0.8032244362295475
"2105_2",0.38333913142830073
"4180_1",0.332195652188848
"11212_10",0.5692847423721463
"1811_9",0.7947075151884432
"2868_3",0.3350620773788504
"3773_3",0.21749874930324273
"8386_1",0.282109437803663
"1072_8",0.6325666760335171
"10588_1",0.49542393561325043
"8858_1",0.11373079411940473
"10831_1",0.47470886016476455
"11926_8",0.5093433228522468
"11521_10",0.7295401454876952
"4037_10",0.6610072160849217
"5119_7",0.6775304850053787
"11438_9",0.8516169167674568
"8275_2",0.3213979872753823
"4879_8",0.6933620262136034
"4520_10",0.7506552785877527
"2510_7",0.704281509560818
"510_2",0.4145801950308974
"1283_1",0.15109147277829618
"3733_8",0.6372259340127012
"7708_1",0.27057338250904267
"12219_1",0.40389856389532525
"11654_4",0.513774841883027
"3229_7",0.5492593061625188
"3579_8",0.6937680488274136
"1534_4",0.23471876649262374
"7498_10",0.6994170813673083
"11392_10",0.7358946056381868
"2949_1",0.40377333737928583
"407_7",0.6066634264696488
"12388_3",0.26066663546857055
"7779_3",0.28742341116683856
"12409_10",0.6333499926886311
"199_8",0.6230997076009614
"9330_1",0.29408078211756045
"6196_2",0.5001381896587136
"1576_2",0.37211042534145244
"12123_4",0.35102934751550424
"871_1",0.4406868235696486
"867_9",0.7285921050184518
"12186_1",0.19585899943762772
"11357_1",0.14840936018574122
"9327_4",0.333895232066423
"3092_8",0.6930197345827058
"6097_1",0.45172744977452395
"4170_4",0.41821240468658266
"3724_3",0.5556269241656842
"4219_1",0.436298863884483
"12233_10",0.6861984182114411
"12050_9",0.6523280272847499
"124_10",0.7764833643925562
"9521_9",0.6253223953295949
"7991_10",0.8911438164125135
"12284_1",0.3502657800554967
"8452_10",0.7685215886002829
"986_3",0.46325669043172835
"8504_8",0.5673285548084912
"9427_7",0.8009042330924969
"2359_3",0.4182904799410719
"7026_10",0.6565930846729646
"8726_8",0.5618347749019403
"4971_1",0.32731740120162045
"2990_1",0.3430894144565391
"5285_2",0.3896556119105364
"9953_10",0.5646059056690166
"2170_8",0.7224408981303463
"10963_8",0.518453733442877
"9176_8",0.8115451727276339
"9639_7",0.6956001622518782
"1781_1",0.25131870978000476
"1293_10",0.7711942262024228
"10225_10",0.593160993411669
"3821_1",0.2935242886186248
"1206_10",0.7463834097247384
"5513_1",0.38087035909178435
"12475_2",0.4024664807848803
"11508_9",0.6642989728659152
"6358_4",0.465092755413025
"9646_1",0.17884058474288628
"7957_9",0.5567369545078015
"5183_9",0.6461292091135665
"8322_10",0.6407734478522253
"4171_1",0.6729366719271379
"6498_2",0.23660022834838756
"11893_1",0.4816563149557984
"8209_10",0.6358013439533277
"4866_3",0.27217284472535686
"1077_3",0.3640506238230387
"10916_7",0.5429271472635048
"6027_4",0.4372221523086697
"9308_7",0.7543482754306665
"7130_1",0.13170603033652287
"3326_4",0.21277570061114195
"6680_3",0.36660946625250734
"1707_8",0.42732846269194785
"5106_1",0.35916294426905965
"1408_10",0.6496845875707509
"6773_8",0.7412654591605633
"940_3",0.3991861341145489
"10890_10",0.7395100199628082
"3678_10",0.7395824362744904
"6871_9",0.6138608823489566
"10196_8",0.7350429532723234
"12369_1",0.23370183124452457
"4070_10",0.7579416449724821
"11755_7",0.7327970075982057
"9095_3",0.490060943815817
"10863_1",0.27649985373142105
"7109_7",0.6336644030933507
"1844_3",0.277102418855237
"8228_2",0.3578896518626127
"9631_4",0.35159443837017307
"3920_4",0.4140928938577561
"19_1",0.11912586149892732
"3929_2",0.4253219333740252
"1506_2",0.21365201226543634
"6877_3",0.35903373893426976
"12154_7",0.5760261778025892
"6572_3",0.408493361010649
"1557_2",0.2202588844646335
"11836_7",0.44326027639226645
"9380_9",0.40959915142323167
"11725_4",0.36208108068183764
"6317_9",0.6649535759600784
"5022_1",0.3672549654746366
"132_1",0.11698017845297713
"9303_8",0.5771508237624209
"4739_10",0.5588249319354487
"11228_10",0.7999249655291749
"7913_1",0.4409038488004288
"1304_3",0.2652672529963248
"2725_10",0.7181606858770128
"8484_2",0.27419483093523717
"1866_9",0.7900654052436337
"12446_9",0.7421081964778974
"11406_1",0.20231483752410484
"7056_4",0.5466683398722245
"8615_10",0.6547336831931992
"12284_10",0.6403501951779774
"3279_9",0.8179640370484016
"9243_1",0.23785415500973794
"11_8",0.4903600282951522
"427_10",0.6261671735061225
"5446_7",0.7287914977029186
"846_7",0.5314958972172127
"2545_4",0.5384508527517614
"8635_10",0.8510505656219797
"4410_8",0.7851964380521155
"875_10",0.7300281721217952
"392_2",0.29150951649868084
"8819_3",0.11236139134413758
"12202_1",0.32788201688647567
"1370_4",0.6920816370049083
"340_2",0.17458012319713082
"179_1",0.3577727285413639
"11332_8",0.7944801180066342
"10396_4",0.5468816450546145
"8321_1",0.32962213733023077
"6384_3",0.4131153653344901
"5951_9",0.7689793131601579
"8137_1",0.24996039254167352
"12009_10",0.5161758161357707
"2103_8",0.7821544706006045
"11153_2",0.2745565139577432
"4945_10",0.5165308578660982
"3193_3",0.35816695886169847
"921_9",0.7870413987213459
"10446_10",0.689856618202753
"9961_9",0.7634108217237869
"11420_4",0.3185328072133882
"6954_2",0.16794023948401388
"8430_2",0.52200799925952
"6749_3",0.3550377028636269
"5997_7",0.6104535337251683
"7611_7",0.5958499685900019
"6292_8",0.7535884529999262
"11314_1",0.22638640216680023
"5143_2",0.22245495391951883
"9517_2",0.3040586746950957
"8259_2",0.2521963303146066
"5114_8",0.7550901805975154
"3574_9",0.7240076247819869
"11464_3",0.5413740514525791
"11457_10",0.728027813819285
"2496_3",0.2068923765479054
"6795_1",0.4091715352470874
"1904_2",0.3107948619678143
"11524_2",0.31053205919760773
"8223_1",0.2841888055609125
"5566_3",0.2952902043161129
"3550_7",0.7274106029195977
"6059_10",0.5922491690757421
"4580_10",0.4289568354322343
"177_1",0.22110279859483065
"8790_8",0.7154290467691818
"7784_1",0.23162165439360466
"11892_1",0.34234467992578044
"6235_10",0.5221632607130052
"6493_4",0.2168071697547582
"764_8",0.8333059108563182
"4052_7",0.4373435660345232
"1663_1",0.2421425205289279
"10437_1",0.351546891959333
"1009_3",0.38620730003964393
"11664_4",0.25984342609961997
"8909_10",0.6799424254569633
"9200_3",0.5795384306997001
"7919_9",0.5831243798049579
"8603_1",0.20924048243362178
"6976_2",0.43427123579065485
"4261_1",0.09505222939442556
"6636_1",0.3871579478987141
"10707_9",0.8055506153822446
"1155_7",0.8518552190867881
"7050_4",0.5661826540468977
"1360_3",0.30220953866982253
"8176_7",0.6362766795311564
"3301_8",0.6003127986455773
"6684_3",0.19896518140669303
"2742_3",0.33492587464352935
"7159_4",0.33542064358727436
"8944_3",0.2543861043256504
"2077_4",0.36416730689117854
"7145_10",0.6509747592581812
"6216_7",0.5529631020673613
"8606_9",0.704775491910187
"10608_10",0.5638847953738381
"8441_4",0.3418999449743936
"1782_8",0.6818307813458482
"10939_8",0.6340491087032545
"2702_7",0.7915879927776853
"9210_1",0.20228640094299602
"9075_8",0.7620895502031063
"3412_3",0.27501953683374886
"2859_8",0.7177871832132807
"6326_4",0.3372123588285249
"94_2",0.3053869128499733
"3691_10",0.6499965833511684
"2679_9",0.6998060572017882
"1568_4",0.48726092105957536
"3540_9",0.6769108536365865
"3710_10",0.6948695024964502
"5691_1",0.2688064155004419
"9699_10",0.6117266385300727
"9207_4",0.3873821333728836
"286_1",0.3043547453081819
"10891_1",0.07491478870221728
"6177_8",0.7565145707104893
"9817_2",0.42874077588053755
"8871_9",0.5316544467665169
"290_1",0.16486889350516584
"8388_9",0.7268336100786101
"9195_7",0.738830821131242
"1164_9",0.8069185156681832
"2332_8",0.6112932603511168
"5406_7",0.6515261384903642
"2476_3",0.4205904827971627
"11381_3",0.37494574254932744
"6518_10",0.6036600976458468
"3474_1",0.34426210675680724
"603_8",0.6806786428005109
"5448_4",0.3713861795593599
"3624_8",0.5779172762208313
"11569_1",0.4848123304694133
"9353_8",0.7328645978422765
"3119_2",0.4928690016657442
"382_4",0.31344235716867086
"8569_8",0.587887106415002
"2312_10",0.8882400370872425
"7531_1",0.17399392468100447
"7150_4",0.47458657499973816
"5496_8",0.8098203346389298
"1979_1",0.3647901903885101
"4158_2",0.30272007219723107
"4790_7",0.6180981882543006
"11971_1",0.2201035983734543
"197_10",0.6721113822448394
"3453_8",0.6720610859608084
"915_4",0.31337732816412656
"6991_2",0.42864449771456703
"7524_9",0.6215640826209222
"7474_4",0.42888072747256983
"284_2",0.1484963447353511
"12483_7",0.6421098494833274
"1141_10",0.7499519198992151
"7739_1",0.3472983519516022
"6488_3",0.3346638765811948
"3117_1",0.45864928857978426
"6224_8",0.6306705776795729
"9737_4",0.4516148476392876
"2399_10",0.8320207221474206
"1044_8",0.665045583340449
"1153_8",0.5235078843936134
"11664_9",0.6917451138505798
"10015_4",0.5775733975893281
"7622_1",0.40004516299942494
"8743_10",0.8449480428313672
"356_3",0.36130258727907777
"838_7",0.6742133377213104
"4922_10",0.7038244205141958
"3623_10",0.6185669424714183
"9424_1",0.35939361324085395
"8473_4",0.6865550463342082
"9996_10",0.8331948777875524
"11242_2",0.5972827997262502
"11889_10",0.6747219306257914
"11131_10",0.6924734275502572
"386_10",0.6485169061731901
"6534_8",0.8251192348061134
"11420_7",0.3371835819393527
"3119_9",0.7092735576746219
"2708_2",0.3468341682105
"2817_10",0.614343177274464
"9425_7",0.7522535250867994
"11019_2",0.47567671082894036
"1747_1",0.46806483218920564
"4493_9",0.6007974213413303
"4728_1",0.5497903281885189
"6856_2",0.1956133560945026
"10273_1",0.4515146283234495
"4822_8",0.6021717264807036
"10475_10",0.582424978799778
"2678_3",0.3431364670233322
"9979_8",0.669138660315573
"8090_1",0.16061583570237067
"10022_4",0.2113961592822996
"5137_1",0.279633331096956
"6787_10",0.75230429176501
"4027_9",0.7936306005103453
"208_10",0.6824381267268087
"569_7",0.6914997037988626
"761_10",0.7030989370052041
"2603_9",0.5244416243152997
"11692_9",0.7723170536554682
"4374_2",0.3164686652542024
"5581_10",0.5684632071684204
"10601_1",0.3823410978055537
"637_3",0.1286685019975212
"10238_2",0.6007296957765814
"6717_1",0.2165699299396324
"9145_10",0.579581090538447
"1047_4",0.5018503504949668
"6173_1",0.09890191755824361
"985_10",0.6490782465869896
"4964_1",0.32140546302809386
"7104_1",0.18292508790391546
"6293_3",0.4662135026169225
"9060_3",0.3538088529561401
"1894_4",0.5263855866661106
"4650_10",0.7455441273850621
"12475_8",0.6166634849286501
"7563_9",0.9120223313312089
"10996_9",0.6897699249570821
"8315_4",0.2291450410464685
"710_3",0.24755429489557224
"3856_7",0.6562852145004326
"10613_8",0.66908266995922
"12141_9",0.7170065457882179
"4666_1",0.15494462840431067
"292_3",0.33561172858489713
"3316_7",0.6104737951270243
"10482_4",0.2863812525683403
"9703_1",0.5166104477131023
"6905_9",0.7516944495702179
"9138_10",0.7998067252614044
"10417_2",0.3199852377989475
"7977_1",0.20008051392490775
"9350_8",0.5770457067383185
"4514_10",0.7479937722733776
"3964_4",0.6293870792536561
"6014_4",0.5779463697530691
"10198_2",0.3586082722044484
"9059_1",0.2653006865674039
"11254_10",0.5693726086828901
"2032_7",0.5327158092494318
"6895_7",0.5295342574319525
"6921_2",0.29984220524665933
"9174_8",0.7855173603506941
"367_8",0.5608770677552233
"11410_7",0.19322491756070947
"9387_7",0.4646292532316802
"2227_10",0.7631075836199945
"334_2",0.15284313367576055
"334_9",0.4645311089325501
"10893_8",0.6811671394016575
"9414_10",0.7510303140306641
"9725_1",0.1214804304121224
"10779_9",0.5476356553794202
"8654_8",0.5139362248530166
"9032_7",0.7669979353577445
"9775_4",0.35941631421259895
"7687_1",0.3033284448340617
"12206_4",0.349291596435046
"7720_8",0.6709779707191548
"6774_9",0.6393605398729704
"12469_1",0.26338905695813225
"7249_2",0.23892217752215292
"5146_3",0.4646984087539942
"8629_7",0.4708246669371031
"5292_3",0.7637786921402108
"8937_7",0.8681814481873286
"9221_4",0.5179092006931794
"3203_8",0.6235984274761168
"6964_2",0.4630854564807535
"6120_8",0.6723353256745273
"6962_9",0.530749995566279
"4139_1",0.1909914594497812
"3957_4",0.22113258110569142
"9305_3",0.45955388217319176
"6863_1",0.31966533215231163
"2164_4",0.4148312217162244
"12378_7",0.34101579929550685
"10834_10",0.8666590074360688
"633_10",0.5323153888734808
"10071_8",0.7528719253601902
"8167_1",0.11979796118174417
"4232_9",0.7218127258845202
"6710_8",0.6198913855227766
"6055_1",0.3751828303355374
"8169_8",0.7397613128838679
"10291_9",0.7235659531912929
"8149_10",0.6735378836342356
"2499_10",0.6710852077434002
"4370_2",0.16541335830309917
"4031_1",0.12611679581666158
"11372_3",0.45850713552080447
"9619_1",0.3862848605919651
"8822_4",0.40639085303685357
"7096_10",0.6927281754281441
"7009_10",0.6986646962519938
"2442_10",0.7344969074433738
"442_10",0.8200580944878414
"4783_1",0.4222466297624656
"11837_9",0.5611379789838169
"5214_8",0.7800522190202107
"134_8",0.8572941744089467
"10948_1",0.1747240960932218
"3011_7",0.8691195077710053
"4339_4",0.3942925193290763
"9638_3",0.6172915082348243
"7186_7",0.6897554617723956
"7702_2",0.22674698684299854
"6586_8",0.6957008713072343
"2420_8",0.7479263140661997
"1911_8",0.41666875952468496
"4707_4",0.44122109834476425
"3954_10",0.6153618764262002
"12071_3",0.5801885787515426
"10010_9",0.7668737928225675
"8844_2",0.2525917311946507
"12312_1",0.31908542502523485
"4874_1",0.40251910747514097
"7270_7",0.5158129711954281
"3497_1",0.23832826910403979
"9928_3",0.580149546209645
"11109_1",0.29219632110201693
"9016_8",0.5235575658294799
"1125_10",0.6658284379292492
"9695_8",0.6526794850015172
"5756_9",0.5502945045251229
"11452_2",0.23619334486438318
"8488_4",0.25316575181156986
"9825_2",0.42999102536046513
"7054_7",0.6576967656711624
"4359_10",0.6746092932914097
"11411_8",0.5905478004808487
"9618_8",0.6557225160561215
"12226_4",0.6963898622147705
"7752_10",0.7176815620923747
"9274_3",0.410903073070732
"12069_10",0.729762438245415
"4591_2",0.2843223933714506
"6065_8",0.676943116943467
"2344_10",0.42927562877537945
"10299_10",0.7508753457319722
"8934_9",0.6908568194086878
"5041_8",0.7946167410864096
"3885_7",0.560871901763792
"3994_8",0.6824700711424052
"11907_9",0.812769537836921
"10181_10",0.6874964338867393
"2714_9",0.5369238862806812
"1571_8",0.5214857712114213
"6621_4",0.4502257355640627
"1062_2",0.3819338545169003
"379_10",0.817489062259953
"62_8",0.6630761132087309
"1926_8",0.6046280655180031
"3428_7",0.452792235998022
"2175_8",0.6968432316341163
"2006_10",0.7434018936353692
"8633_7",0.4829482771779678
"12158_2",0.16918274488745155
"11572_8",0.6902522064602216
"8859_10",0.7595866425040305
"10919_2",0.185375131062934
"4131_3",0.37103185263465616
"6893_1",0.3844445000591808
"9217_1",0.08035872594767449
"1893_2",0.4381347989815756
"1719_2",0.17405442461065657
"5107_4",0.254631875057203
"2284_3",0.3354654134415289
"1430_10",0.5806066226244004
"5207_10",0.6408295165962372
"2800_8",0.6410785041051803
"7550_1",0.5123360105532733
"9035_9",0.6750035141339733
"11548_10",0.8488900171206588
"6037_4",0.5030644499108314
"518_4",0.2773827738266963
"12237_2",0.34973171989098306
"10266_7",0.655924706871706
"12032_1",0.17871423103314665
"2494_4",0.22603656843549957
"8062_3",0.3157135314483021
"4665_1",0.17212420550826113
"6082_8",0.8390719463466363
"7225_4",0.3694521893709185
"9080_1",0.44032675002859334
"9606_4",0.334581894912539
"494_2",0.4266180001247376
"6274_10",0.7351894585125727
"4170_9",0.7171405050830226
"9218_10",0.6843222920042493
"10377_8",0.4804329149353281
"10597_10",0.6766628037587947
"958_4",0.3185796945242499
"9958_4",0.5404762507480508
"129_9",0.7484239056254472
"2804_9",0.7933361491393472
"8935_1",0.32466319753249906
"12229_3",0.44298612757297723
"5048_4",0.24341044829440414
"6509_4",0.26460174780302226
"1812_8",0.48458720058232546
"5695_1",0.4390378477204921
"2021_10",0.6725383684186117
"9892_2",0.2631363271726396
"9239_10",0.6033642048605949
"5398_2",0.3332530971776134
"4458_7",0.49250345151847563
"11730_8",0.7509888176631799
"9853_1",0.186322323885125
"2258_10",0.8117640594781458
"9345_10",0.7613640963001346
"64_3",0.39791571769489886
"10423_9",0.7404297100006715
"2220_9",0.6606156798433125
"192_10",0.8229718252221357
"12143_9",0.6995840805572002
"2113_7",0.7835502855436364
"5294_10",0.8151648964965608
"7025_9",0.7922965243942168
"6300_3",0.5580817887956612
"8043_2",0.24869247528810287
"6628_1",0.40310003913459624
"12138_3",0.3985553966652659
"1333_7",0.610929731376696
"10515_3",0.21281587444781863
"11949_9",0.703609092996418
"2854_1",0.22505301880653097
"142_8",0.8003044014564964
"3706_1",0.08436627843850521
"6149_10",0.6392613000006594
"8429_3",0.47630126321651417
"6151_10",0.8014962659555046
"4861_8",0.5997406525081938
"8764_9",0.5469320483916064
"540_1",0.3838980472770182
"10693_1",0.3240830986243695
"2346_4",0.4098826793687159
"1532_4",0.48795410937498596
"1099_2",0.29305811907395746
"3818_10",0.6004194675949788
"2617_10",0.6266096701035806
"1709_1",0.3689681624265228
"4649_10",0.657601551368289
"4085_10",0.6803479717483591
"4478_9",0.6935934126998416
"1032_10",0.582135686490044
"3642_7",0.4025685036050078
"5656_8",0.6753852841849245
"11916_3",0.411142829669892
"6672_10",0.6173210582074178
"4225_7",0.5815207259708467
"996_3",0.23330943508772098
"7421_10",0.7811695379648151
"9431_7",0.459760647826368
"11121_9",0.8165514869953009
"5054_8",0.6390905655911558
"9187_8",0.6043855204051478
"9096_7",0.6278462348369725
"10318_8",0.6669819316511281
"5348_2",0.5236171688309419
"6666_8",0.6548180943042415
"6648_9",0.4310763926619005
"1405_10",0.6346231044126958
"8981_4",0.5461929457429667
"10248_9",0.6576833952330071
"4101_8",0.7315239076607521
"3076_4",0.36442391253914563
"1598_1",0.24388842063533567
"8430_10",0.5680006906093946
"9999_1",0.3760792085386233
"805_1",0.1798021881554612
"7821_7",0.662880882342364
"10849_10",0.6803697044168675
"8400_7",0.4885142745477181
"4807_4",0.3214064312063634
"8353_4",0.3219322832923889
"10445_10",0.6343780716997828
"7058_2",0.3749047043338924
"9715_2",0.2589593302199593
"10934_3",0.2585918245988539
"8215_10",0.724447150792163
"7268_10",0.522718709399186
"5521_8",0.5699926809484921
"8565_1",0.15566166549740398
"8197_3",0.136992441570916
"12004_9",0.703536644191387
"10257_3",0.308773636829317
"6260_2",0.22400960932003117
"10481_9",0.7799215965240993
"7598_2",0.27122231254268053
"8106_10",0.4889194725508457
"8049_3",0.45806133965124346
"7124_2",0.43649049330159195
"3858_1",0.23307299471827664
"1445_9",0.7784382745889938
"6346_1",0.28802358098018443
"678_7",0.48139465367887424
"10247_1",0.43792727778020407
"1287_8",0.6140017051131985
"11873_1",0.26002485257123376
"7198_1",0.35291415901212647
"3237_7",0.43547250843728097
"2029_8",0.5940822925111007
"26_10",0.7823468711458386
"9153_1",0.2340895675984484
"12004_2",0.5381747859487676
"4105_10",0.7680404576610499
"1168_10",0.6722006248844312
"5312_4",0.3088297510630333
"2907_1",0.23270652550611717
"7247_9",0.7032801866174434
"107_10",0.571062504934748
"412_2",0.5348730074484851
"2078_4",0.3605516579332137
"7997_9",0.5686653230235612
"12397_10",0.4323452184072045
"10052_7",0.7495613524781456
"6559_7",0.5418719665639847
"12143_4",0.3566714847139654
"3496_7",0.4739980083478062
"3569_10",0.6358013301340757
"9270_10",0.5407742865467123
"2811_3",0.6473579792300422
"9673_7",0.41252975652971724
"325_1",0.411161910627676
"11741_3",0.3115908321257946
"10562_7",0.6001424203130525
"5687_9",0.5263218320090158
"4601_4",0.4805540918210016
"5698_8",0.4521489504817018
"11257_4",0.27463132138096547
"4391_1",0.31029681960248806
"4703_10",0.7550161215027349
"12191_3",0.19296266921557978
"113_8",0.5069830293875295
"9831_1",0.3252024314857506
"7388_7",0.7134519823155088
"1661_10",0.6541928341738161
"3703_2",0.23968497530307312
"6077_2",0.5360103806795008
"935_4",0.3658901133769048
"7617_7",0.7312757506625778
"7387_3",0.2579243882012736
"7889_7",0.4808154272426416
"803_3",0.1555240905812847
"9557_9",0.6811551576840394
"4299_10",0.7796890347364311
"6785_3",0.3758548899798016
"5185_7",0.770611219843755
"9590_1",0.4381922176929793
"10811_9",0.8518512201448438
"34_1",0.14942727929549562
"12221_2",0.31263701440518016
"6436_10",0.6957501303759794
"8299_2",0.36359340386414957
"7242_9",0.8066564735711076
"3247_10",0.7251433519600442
"8466_3",0.23049126870462047
"5784_9",0.5968419721920627
"794_7",0.7688760700205021
"4986_3",0.34415398104859773
"7786_7",0.7493961614106183
"9324_10",0.6443048837623884
"2095_9",0.6829676986659617
"10798_1",0.0871394068744513
"4193_1",0.3033787595576138
"12063_10",0.727555019796013
"3976_7",0.5285310633159205
"8657_1",0.18458139838490478
"2850_4",0.3894905721941156
"4522_7",0.6653830872063345
"6028_1",0.4288955939030233
"6000_4",0.4486138069329377
"8712_1",0.3342200696101944
"3969_8",0.6696647126739692
"4245_4",0.4262742212943377
"3873_7",0.46191037525908707
"68_9",0.8064407437216737
"890_9",0.7308056093981619
"5922_1",0.26226835264445975
"2582_2",0.39503602983012204
"5704_4",0.4442121974809785
"9307_8",0.5780757164970778
"4114_8",0.7283030143692384
"5540_7",0.7257570653141785
"157_10",0.70381769243946
"748_1",0.26638866167420217
"7045_1",0.22913072824003375
"9526_3",0.3777073918441979
"6519_2",0.2701700784475921
"11254_4",0.4380311383665659
"9498_1",0.2710859912855232
"7192_8",0.6296795510920092
"2388_1",0.3355931175495467
"12002_8",0.4661036517701433
"8394_1",0.1773424174278058
"10656_8",0.6174253920545348
"7261_9",0.7566425643943417
"10434_8",0.7981992867196082
"139_9",0.5912462599345789
"4538_1",0.18396696470813093
"4038_2",0.12811444223967217
"12228_4",0.3833434617666733
"3619_8",0.8172763158542972
"10411_3",0.34676401245611593
"7278_1",0.2586562567143476
"2304_3",0.2885870325189739
"5636_3",0.4393483279538026
"8833_9",0.5903379241790943
"504_1",0.3120727745415472
"12313_1",0.14047710530860524
"11161_1",0.30401495603340456
"72_4",0.3164070632190529
"4976_1",0.4284046529654038
"10018_8",0.5469286656248304
"12142_8",0.6942675470581966
"4821_8",0.5867705381730296
"9058_2",0.30037892429206897
"6347_1",0.19146378584837964
"3346_8",0.6348690915678847
"1481_10",0.689463365796778
"10178_1",0.21683020599675606
"2851_8",0.7154806874788869
"12095_3",0.19171430409419957
"11978_3",0.438661018646733
"7172_9",0.6978270656054345
"8450_1",0.27962760134177705
"7464_1",0.38071310045086126
"12327_1",0.41316159851586487
"5622_4",0.36924317513348737
"9170_3",0.4837549708995525
"10955_10",0.36731380119214924
"6161_2",0.386335748570437
"11222_10",0.7898576272973066
"3844_7",0.6227698265182225
"11443_3",0.3539572781146595
"4004_7",0.577125617908207
"11015_10",0.6457259685306547
"3860_1",0.3164891830127597
"11600_2",0.42325071704851597
"6849_8",0.5940811536510494
"1966_1",0.222153084538446
"4828_8",0.4304959377580395
"675_8",0.5745038964020728
"9068_7",0.5312321776946034
"5924_8",0.7173332932295314
"10733_10",0.7034637063668856
"8369_7",0.77078164023959
"5213_4",0.5300038869125239
"2558_4",0.2897066331364598
"47_10",0.7122713519124023
"2601_10",0.41580819381003853
"7360_9",0.6866423649648604
"1289_1",0.24859994330729673
"9875_4",0.30450496941078947
"2449_1",0.34288978685445
"10020_8",0.7711786587497981
"6761_3",0.6715253189481426
"7544_10",0.7059989923241583
"4380_3",0.24032551789587997
"3946_10",0.6689424629846478
"6968_10",0.5950009183866249
"3006_2",0.3344257280949806
"11942_1",0.11674468543783857
"2715_9",0.6523697689572056
"6065_4",0.6072277405170242
"6866_1",0.5397854453144479
"6620_10",0.6391631816809661
"3177_1",0.23821725242811995
"4051_10",0.578071556933439
"880_3",0.25144576904869176
"6504_1",0.4455406570700997
"12193_3",0.1922299993177698
"8570_3",0.2382363212790848
"8025_1",0.2029935305505858
"12316_1",0.22480510342775156
"10842_10",0.883373556537124
"2066_10",0.6965328432009246
"4416_10",0.6113515693095546
"5327_1",0.27441461416702934
"3500_1",0.273027157706226
"4072_7",0.651249221772787
"5833_7",0.7469622095885031
"2989_8",0.6800955259023047
"1905_8",0.5880809793828148
"5421_1",0.20678536944623388
"1479_8",0.47393989804515696
"5092_1",0.2131111059715166
"4840_1",0.39737125048420524
"54_10",0.5993792419973487
"9203_9",0.393191779294429
"3949_2",0.14070234904609047
"3615_1",0.08901319508927914
"8748_10",0.6099412709816545
"108_2",0.4262245676223908
"2280_4",0.5122508673919199
"6454_3",0.3866889118471726
"4071_1",0.186994389500132
"2022_9",0.595426640494957
"2600_1",0.2964248712666444
"2482_10",0.6674723415804508
"7347_9",0.8357102805188681
"7190_4",0.3893826595469035
"7174_7",0.6463876308987184
"5823_3",0.3089059378553745
"8051_10",0.5586365531318503
"7503_2",0.36064811278259307
"2341_1",0.23856341830925773
"516_9",0.585341497897922
"8309_4",0.2619806001907361
"10789_4",0.4050400673546096
"11286_1",0.2788121201469229
"4770_1",0.19720759797464812
"7262_4",0.4459830537001593
"11636_9",0.5001007894575377
"2340_1",0.375176128935622
"3407_3",0.14731675546301667
"2922_9",0.7022823319903919
"9708_2",0.1740173801037608
"2362_3",0.28031088124607545
"3729_8",0.5515385561438171
"2265_9",0.871475158962798
"1439_1",0.11368321057077349
"8020_2",0.3600013338401451
"5581_2",0.3820286908353358
"6503_1",0.3706071076899736
"10101_9",0.7602671489477487
"7853_8",0.6372014291323117
"6229_1",0.11557102030489093
"1351_7",0.5912697497852729
"2764_10",0.6698436234680383
"4617_10",0.53726866506536
"1265_2",0.3369073366521258
"11424_4",0.4440862129351991
"219_8",0.6016357763084371
"2241_10",0.674215753552297
"8400_2",0.3248162131099091
"4399_1",0.12371512944027535
"9110_4",0.5143322306550886
"294_1",0.5013373508532719
"4646_4",0.2579389323952007
"8267_3",0.4175900916708871
"8829_4",0.4237283660414701
"3174_7",0.5632747157239728
"6557_4",0.31393000080330147
"8286_4",0.47015537903332877
"2611_8",0.6125357090547247
"3422_4",0.2979058810492868
"4632_4",0.4894073625833877
"6448_4",0.41358078873968557
"11485_3",0.4622722664315073
"8526_7",0.6469441265061745
"10172_9",0.6261361084405324
"5043_2",0.38299793914362773
"7865_1",0.4701803191584465
"6343_8",0.6571995698262325
"9225_9",0.8235100126073129
"2764_4",0.3937237140305734
"8446_10",0.5156588151994954
"3329_9",0.714652183028172
"9142_8",0.6449145476810233
"9567_1",0.15218188037284172
"7933_8",0.5987115022441245
"5655_10",0.4893405078867187
"12076_10",0.8510801783852684
"6455_7",0.7419905305781409
"7202_10",0.6196279864009665
"7747_10",0.8172036817181403
"9072_10",0.6058572328795555
"11374_10",0.7462324547794568
"3032_9",0.6720182987427437
"3065_10",0.6530941827548088
"1216_10",0.6598173081966652
"732_8",0.5812016435038273
"7586_4",0.18621171908652
"12012_10",0.579125374141251
"5280_4",0.3849320771175192
"2687_4",0.3762121319676581
"7659_3",0.2831175162401652
"2813_4",0.4835360548221744
"6992_9",0.6210127089049763
"5468_10",0.7585371911653065
"10035_1",0.2728975033230128
"10283_10",0.6746427909608915
"5439_8",0.5589020715075725
"8930_2",0.23241393446283493
"8681_7",0.43212302684662146
"8521_1",0.16179155349843333
"4213_1",0.4216673422850682
"9751_1",0.1350075164746402
"935_10",0.8041609682079981
"5082_1",0.1953233531453749
"1802_1",0.1913140860862343
"11455_10",0.6690942877692775
"1794_9",0.6093633614612025
"3708_10",0.6308397236665491
"6174_8",0.654369048896003
"2210_8",0.503850505431095
"6259_7",0.46713235891101806
"12471_8",0.7610363421922822
"3260_10",0.8803283938681697
"4717_1",0.20828582917773383
"8673_2",0.3116479208299424
"6362_3",0.47123700933063506
"7986_1",0.21510163101143037
"10555_3",0.268324185289866
"10468_2",0.3513444018244523
"5354_10",0.7461765576277085
"5760_2",0.3421631138328563
"1380_2",0.3433399921671365
"12054_9",0.7276437285710221
"3794_10",0.4903968694118178
"7842_1",0.24030703017540855
"2236_7",0.7161178205246018
"8449_1",0.24475587268281063
"9993_2",0.32937817932699737
"6947_1",0.16472521979828283
"11369_10",0.5849022084240756
"8186_4",0.521392665910065
"7017_2",0.6346214134517233
"725_8",0.6269218126677211
"9298_8",0.6526699996348967
"1695_7",0.8095318921598138
"7762_1",0.3631300520522724
"3466_10",0.7464753118900231
"1794_4",0.32834013141644214
"3804_10",0.5903823086117848
"7642_3",0.3546254742827448
"9538_10",0.4006247245237061
"10107_2",0.3219835454971642
"4755_8",0.6572675451571837
"9679_1",0.12634423480430115
"11300_1",0.17651408885007747
"8747_3",0.3499958678599538
"4145_1",0.11129088704963366
"8066_7",0.5622026645176341
"6306_10",0.6832268618537172
"6021_10",0.7122950228840149
"4860_10",0.651424117961085
"4608_2",0.2883447987602503
"2380_1",0.20964071761196698
"9709_8",0.683628718537574
"8057_4",0.5248781251122308
"8624_1",0.13202144744653732
"6117_10",0.8023748699867157
"3641_9",0.5049061182793849
"8710_3",0.4693983599450416
"9158_10",0.6337456249564803
"1129_2",0.2745815689629946
"8320_4",0.3893972652461799
"10219_4",0.3895990190466193
"6625_1",0.34811186758550927
"1988_1",0.39102212372513157
"5032_1",0.26523830534006493
"1042_7",0.541091267132831
"1895_4",0.4690003580001219
"10057_1",0.34657152556686766
"9898_10",0.813952174395656
"3809_2",0.30028373644619316
"7994_2",0.2976590697130515
"2751_4",0.34889552916345173
"3102_1",0.28229861028737663
"12393_7",0.5456889387341047
"4521_7",0.5968521457959357
"11169_8",0.7729277845735704
"7227_4",0.7889338503980058
"4956_9",0.317566106068759
"7592_9",0.7167936559455451
"656_7",0.7023525775607444
"11534_3",0.34398631019264486
"774_8",0.8524417156172491
"7756_1",0.2819233888266358
"2720_8",0.7038890602983953
"11227_10",0.7730891706688121
"10462_3",0.33940423333081376
"4041_10",0.5479036930252642
"7327_1",0.17654627533220008
"4056_8",0.8036952978338797
"11684_10",0.7185381583316856
"5544_8",0.7173040164167855
"3799_8",0.6670137173181973
"3593_10",0.6879263017492819
"4602_4",0.5700291099016297
"2123_2",0.24975719415514375
"9773_10",0.8037670888923345
"10956_4",0.3751198897515895
"5139_3",0.3337237062619676
"8804_10",0.7322649102505013
"1784_2",0.2700102421981954
"11022_1",0.19468614983043675
"9366_1",0.137851197774358
"12113_7",0.5254895404883079
"2375_7",0.4911150469819644
"3911_10",0.8631326394487412
"10834_2",0.2142947665167172
"9319_1",0.3261269237524474
"3923_3",0.33962446024281917
"4630_10",0.7150410553371525
"2625_10",0.7116038064701715
"10159_7",0.6770294910635923
"2339_1",0.37840950947606916
"8577_3",0.4797292694489267
"4062_7",0.8105049114895552
"6677_2",0.19713615854701763
"7818_8",0.6551635922547222
"4939_2",0.408273352736005
"6937_4",0.4785810132684602
"1286_1",0.2783748269469589
"878_2",0.41977842012230887
"2357_7",0.4945837612602974
"3397_3",0.5483486889121809
"11214_10",0.7341538044916428
"8045_1",0.49049867791098545
"2943_1",0.36800187730759704
"1518_10",0.5784246006851093
"2792_9",0.7025503134014932
"6437_7",0.5682676523124359
"8734_7",0.7499860628448213
"6165_2",0.3063891668028577
"11956_2",0.1920318047847328
"7021_1",0.45656227555343176
"3369_1",0.6913885969083008
"5829_2",0.38084546142794495
"11742_9",0.7661136641457824
"11370_1",0.15294837435877323
"1502_1",0.3501877004003004
"9933_1",0.20619529943192538
"4619_10",0.6702955904413657
"6842_1",0.6359541205657275
"2770_10",0.698216719053393
"2343_4",0.4295241892488334
"3071_8",0.7770578025219127
"3046_8",0.5286166714088449
"8354_4",0.2740539950446204
"5632_10",0.7303001354031179
"3901_4",0.5557381680650536
"6950_10",0.688997623149608
"2431_9",0.5786293236820792
"10614_9",0.8345258627550282
"41_4",0.2760394967633993
"5039_3",0.29836171241507153
"2827_1",0.26062193775130643
"2860_8",0.38899190891928137
"6868_9",0.7481246348267778
"4597_3",0.45813637383566436
"8795_10",0.6718921555425372
"11941_7",0.5808938783685064
"12442_1",0.27807190305087776
"9736_7",0.6943151392346487
"1102_9",0.6010707183693247
"4291_7",0.7691880001301573
"4523_1",0.27557319442107164
"5349_1",0.3914446324699863
"3363_7",0.6739141299615888
"11393_3",0.4116371159253256
"1647_1",0.270158871647967
"6143_4",0.5249998945073159
"1863_1",0.12211933986479084
"10099_9",0.5082771204596991
"4163_8",0.5253327020932915
"9357_8",0.7215665754619071
"10941_10",0.567370055991488
"6883_10",0.7052133755585176
"11090_4",0.6601230289914001
"3480_1",0.26675953487966125
"10795_1",0.4548095179502693
"5865_1",0.23968499126576395
"2484_8",0.5292027538190918
"3023_4",0.3094966671061749
"2818_2",0.15664507214003948
"719_7",0.4517649773925613
"5297_4",0.36361062884454165
"12194_10",0.7890701477224312
"2929_8",0.6567152004638447
"7911_2",0.24061746353290345
"10619_9",0.603979970949209
"5192_9",0.7000027201980806
"2170_1",0.563400327922261
"4659_10",0.4657473972526777
"8536_7",0.6461593204233558
"11119_1",0.25383202856727816
"7887_3",0.5034857710086339
"11742_1",0.30313422413493046
"5867_7",0.6057847537156884
"7538_7",0.5438959366593533
"1834_9",0.6521263344218197
"6499_8",0.40381561721796255
"2073_10",0.6958755490572556
"3881_10",0.6916991348788047
"802_7",0.5391983590039938
"1733_1",0.1214674952650604
"11527_1",0.3403406747865459
"4316_2",0.17935992754431354
"9812_1",0.3509022769835197
"8911_10",0.528308534164647
"7687_10",0.827013686155553
"4240_10",0.6834101565525531
"1778_1",0.3049495410852321
"11822_1",0.18403680725213864
"7820_1",0.07635838095254815
"235_4",0.3308456298472528
"8373_7",0.6341199748674571
"92_1",0.2608333844880164
"716_10",0.5039981794664935
"4028_7",0.6724519112212998
"5533_7",0.6358509037111416
"2605_9",0.7705251772376716
"6665_1",0.21422424381528324
"178_10",0.8377031618879612
"9886_2",0.4040172081377833
"11779_10",0.4979338725328284
"5124_4",0.40248611426242764
"1956_2",0.35824843730327316
"2933_1",0.4736706250110356
"8737_1",0.20190694177850552
"8755_9",0.713899808060852
"5032_8",0.817928730003372
"9246_10",0.7575127353036555
"9610_1",0.35042559690303077
"7011_2",0.5329511612753556
"1602_1",0.368958563937083
"3367_1",0.06965769056716892
"2756_8",0.6891564685896693
"12042_9",0.698229141169765
"2641_3",0.1661925314615872
"9202_10",0.8369823699026139
"1953_2",0.3897688851267413
"5303_1",0.17452867007800163
"975_7",0.6007637758888967
"2447_4",0.32469721413924146
"294_8",0.5824460162220956
"11643_7",0.5566372663671931
"8743_1",0.1714564743264275
"2661_4",0.4445742755930961
"8638_10",0.5413086396106537
"4793_10",0.6289751842198299
"7461_8",0.5243249764662046
"830_4",0.3053876134647428
"5770_7",0.548582852917109
"1989_1",0.2811716574544804
"5514_3",0.1818311953630355
"5842_3",0.16858500022168424
"11813_1",0.27806204141683394
"7811_10",0.6394891040198841
"7707_4",0.36012450678183056
"1205_10",0.8542102708967465
"10326_10",0.7051124750799678
"4881_9",0.5735408793800634
"8244_10",0.7787969103728604
"7647_1",0.2406688312497862
"4376_10",0.7237855132196941
"6744_2",0.29289714499644226
"6769_7",0.7128442911660471
"494_10",0.5867742808404646
"6188_4",0.34180858899202327
"5859_1",0.2018000975871625
"6801_3",0.3728122467109072
"10990_8",0.6788109999279639
"6057_8",0.5557424961926656
"3017_1",0.4917706855040238
"7617_1",0.36538136872279964
"8340_7",0.693030372939075
"746_7",0.5819372859311507
"9290_10",0.4624705456659016
"1525_10",0.5084821702105284
"11044_7",0.6646881055461995
"9367_10",0.7587457251312573
"5705_10",0.6635393837375716
"11375_10",0.7021301528668884
"11320_1",0.472760696965758
"754_9",0.527445869395082
"7040_10",0.642512399099295
"10740_4",0.24429171535212016
"8839_10",0.6768308468569545
"11614_4",0.20488127015826998
"10867_9",0.7410048363969081
"12406_10",0.6764811813036747
"12081_10",0.6517010653324667
"8763_10",0.6593214640293237
"4103_1",0.13848887974880292
"5600_1",0.3283510041800499
"5345_2",0.12384310068686165
"10679_8",0.5636627203251946
"11709_1",0.24941476284781874
"6872_4",0.17017586442440252
"9096_3",0.5829799209965093
"3417_9",0.7234518281969261
"5154_3",0.5702980987444851
"6071_10",0.6053843767965223
"5685_9",0.6410781371249036
"7937_10",0.7060734117314483
"3628_1",0.29065703709425567
"7374_2",0.23713818978248657
"1862_8",0.6202684713218617
"6602_1",0.17784766200013477
"1401_10",0.6561061855807282
"12157_3",0.4418398183124819
"5636_8",0.7266324944284034
"2049_10",0.7230910901746114
"9402_8",0.5968385132134969
"12455_10",0.7159872297439166
"11062_2",0.28726536838257904
"9163_10",0.6432525146298581
"2879_7",0.5045140335785305
"2840_9",0.5205086496241081
"9893_8",0.7313903056131279
"11857_1",0.2585600008978131
"7776_10",0.690123667423389
"10365_7",0.5684687205154717
"6186_7",0.757569086457224
"7071_1",0.22281334413082557
"5132_1",0.22529888679648247
"8971_4",0.5155867800329812
"3415_1",0.22662320773571723
"3622_1",0.2527290990302591
"7446_10",0.6418628028458544
"4644_9",0.6167527903525772
"3923_10",0.6722608761112364
"3503_8",0.6446875844485941
"8685_7",0.4404726893409306
"1683_2",0.3469848851674462
"3417_4",0.5106910321740656
"10443_3",0.25225081150873124
"4620_3",0.6943456541860432
"5658_1",0.32867767507325946
"4185_1",0.36015528124284574
"3727_10",0.6043250431597724
"5334_1",0.17624065291287075
"7113_7",0.4441736850961319
"8713_1",0.28672075220866705
"2865_7",0.4826606950887022
"2956_4",0.3907432903457029
"2455_8",0.7431144654798167
"97_7",0.5780182331392175
"6789_10",0.8260941546900823
"8639_8",0.7008749506677868
"1563_8",0.7628196822506573
"3169_9",0.6791694536375712
"7627_10",0.6660326743768676
"1649_10",0.7195616968891626
"2287_10",0.7890006547211758
"9479_1",0.23024498906130939
"7705_1",0.3167894045730026
"10803_2",0.3909620279886038
"6076_9",0.5984088888096594
"4263_3",0.4123316206900102
"4726_10",0.6554612923381603
"11738_9",0.7556518788713117
"9250_9",0.6352501391905705
"2638_1",0.20598474706353767
"11357_7",0.6120383362977523
"12135_3",0.3897090543597453
"7296_10",0.6038640028136598
"10674_7",0.7664549145188693
"7674_9",0.8529978622854836
"5575_1",0.17856828027670774
"8120_7",0.752539126039653
"1617_1",0.314560307570247
"7090_3",0.23158598809517764
"3793_4",0.32791969302225366
"2658_10",0.6335574060184068
"9942_3",0.5399981303678258
"9520_9",0.6918963271240629
"10638_1",0.3355293189354621
"9066_10",0.7612375862398377
"3408_4",0.27728107173073524
"7526_1",0.3444694849567151
"10821_3",0.1656085078000143
"5887_10",0.6678465595098187
"12470_3",0.2940185827703589
"4033_8",0.6427130246162491
"1949_10",0.7733539591112363
"9859_4",0.26304933287053045
"11183_9",0.8681840858780099
"8533_4",0.4113488420396883
"10236_10",0.6329225577213092
"6111_3",0.41702480084865
"5475_8",0.7321611388427723
"3342_3",0.3094297502228774
"8335_1",0.5959768816191824
"4812_9",0.6240544187835126
"2306_4",0.4755255122227698
"4596_7",0.458545785832895
"10431_2",0.25428221309329835
"5077_9",0.727458264706162
"1301_9",0.7235550392317508
"8979_9",0.6313130491655803
"4226_9",0.7962734649710199
"5544_3",0.2868435864407622
"7954_2",0.20343820953530758
"3935_4",0.517647078413569
"7076_4",0.34924299092594235
"10208_10",0.7005680432911419
"3737_3",0.4754524852453759
"1689_8",0.6541214069266291
"6585_9",0.6845860061139499
"6096_3",0.40884470287277086
"11052_4",0.4521882840229009
"7783_10",0.5353821849755566
"5157_10",0.5755803339181458
"5465_10",0.5739920357476497
"11361_10",0.635045450553046
"7560_3",0.5327602509802887
"9781_4",0.3146918189034184
"11681_10",0.7770237721691053
"6127_7",0.45914137789688925
"1799_9",0.5500669209384855
"10849_2",0.1552286435467558
"4274_7",0.4776269081872378
"15_10",0.7329382478265766
"11338_1",0.2750343830329811
"5750_2",0.2961585343442245
"9335_8",0.7096682720762733
"8359_7",0.5795584281672167
"9527_7",0.7895140282788166
"1336_1",0.289674081904363
"9893_3",0.442316538789842
"11229_9",0.7076337334754476
"5948_9",0.6377717591743695
"9733_4",0.26565951771265933
"6377_8",0.8034275309157463
"1427_10",0.5519848661525697
"9023_3",0.4008895818150399
"2151_2",0.21581130835232007
"1744_1",0.24240342368086978
"6367_10",0.7737982452178127
"9143_8",0.6065586482758368
"6176_8",0.8901050547266407
"11388_10",0.6892326718383804
"1493_10",0.56147207750221
"6615_1",0.1482830541393716
"4654_2",0.17518111491328214
"599_9",0.6791221359887469
"7256_10",0.7951384158533575
"11993_1",0.5071193899861052
"992_7",0.7396609206739791
"8871_2",0.1413432515565603
"11483_1",0.32410523547040737
"3322_1",0.31430686991515616
"9827_4",0.40690446315612516
"8063_3",0.2035048170594996
"7397_3",0.30652972928472405
"3040_4",0.3050770265954689
"11682_2",0.32125119118201834
"8738_10",0.7547674653666534
"9905_4",0.3976187210310254
"6437_1",0.36631128035222743
"4319_9",0.6602999425983717
"5353_4",0.35256934839754345
"12207_9",0.63096346286272
"6166_7",0.8378451044942037
"12243_4",0.541207155015064
"1219_1",0.1522197046884244
"10292_10",0.693951514804474
"10132_10",0.6853327069818742
"6898_10",0.637245210694004
"8469_8",0.5171861006204719
"10393_1",0.31807007852007013
"7509_1",0.37649276626320693
"9468_9",0.6968701489273829
"9002_1",0.17624834880150447
"891_9",0.6001147310399516
"5156_4",0.5150981077418716
"2321_1",0.252984063055234
"11859_8",0.39790475877708187
"12262_7",0.602574232117792
"6198_4",0.5233859196201376
"5699_1",0.2614728401080034
"4252_10",0.5335652321998008
"10618_10",0.7011552960434919
"3226_10",0.8796055506408805
"7227_7",0.6514261882165774
"11047_7",0.687654460518683
"9569_7",0.7302314395331336
"8933_4",0.4783283434654392
"4513_8",0.6343109481074705
"1271_9",0.6743809906784634
"6327_2",0.3310156846541449
"10012_9",0.516449660654783
"10090_3",0.31076268009278146
"8564_1",0.2514700331938757
"10905_8",0.742892013651599
"6828_2",0.3764049927769385
"1730_1",0.37095355258416013
"3404_3",0.350000737047465
"12428_1",0.25104498295051886
"5180_1",0.4332760281011686
"10554_9",0.7146327010464782
"527_2",0.6168347181524567
"10296_8",0.7225620604500039
"543_4",0.353422487624442
"10235_3",0.46569359953386813
"3743_4",0.5585806824781727
"8792_3",0.31388438864406704
"3597_1",0.3939941678667912
"12320_1",0.31765379860394805
"11672_8",0.8013896497698911
"7237_4",0.433495366037155
"3726_7",0.48133158529667747
"6643_2",0.42088956055411353
"2743_10",0.6647754063687835
"10184_9",0.702796212550786
"1929_1",0.5055562915205387
"666_7",0.5312520058359388
"4548_4",0.31069391136517405
"4153_4",0.30053645422892006
"7356_4",0.49893196216904345
"8843_10",0.7119410194765039
"7552_8",0.711284426262912
"6494_8",0.7001230851141125
"3547_7",0.5922377604360789
"810_1",0.5772814438249549
"7672_9",0.6368143420137707
"4945_3",0.3356385530319814
"12427_8",0.6508715469980386
"749_7",0.6845392553510771
"10706_10",0.7303237943000811
"10969_1",0.161254072290067
"340_9",0.6869394503797775
"2154_8",0.8357444776377342
"3715_1",0.1809585149263814
"2388_10",0.8033708234519698
"5905_2",0.24064498880099236
"3774_10",0.6883459932823662
"3070_1",0.2990668043266729
"4789_10",0.7496702059351873
"1509_2",0.1606262768126008
"2350_8",0.7180405011501493
"11137_1",0.10342478490177173
"10987_1",0.2008474884684521
"5815_1",0.4873265568402088
"7272_10",0.6890335083258076
"4651_10",0.7455441273850621
"4184_1",0.1878904456433539
"9636_10",0.5259962445380513
"8592_10",0.6636983272527804
"3068_3",0.2710892031092783
"8899_4",0.2927265602545323
"10018_1",0.3714077882126397
"5821_10",0.7327016107788195
"3232_4",0.33674131332349205
"10795_10",0.5404512570621923
"7461_3",0.17491700793901485
"10874_7",0.45399082486763215
"9672_10",0.769634934877778
"1908_10",0.6384237095447333
"4014_9",0.6897978560190828
"10488_3",0.4064669193377806
"2501_7",0.6871253525829748
"12339_3",0.2985702473756822
"2698_10",0.6948685342529799
"1674_1",0.39941991224867884
"10366_8",0.3887935123995121
"12059_10",0.7389848966130033
"8285_4",0.39412381046060885
"4120_8",0.5585070863951754
"4238_7",0.690239127146487
"10516_1",0.28994540768125504
"2478_9",0.6046252520425602
"7807_2",0.26589471143137466
"10704_1",0.36894846637396045
"791_4",0.31970753975585836
"2514_4",0.6200281887315096
"3095_10",0.6022492462031224
"1770_10",0.8255519749124866
"11115_2",0.49406266780095115
"10797_1",0.4885780964380045
"11347_1",0.2239543076813859
"7077_10",0.6715822004849892
"403_1",0.4668159854937883
"5852_7",0.44967863912873346
"8451_8",0.5828928949174479
"7013_1",0.175184466761843
"10346_9",0.7722361377035898
"3055_7",0.7089305515256614
"4687_1",0.39674591822504246
"8467_10",0.7761619849473445
"11363_10",0.781006453108098
"277_9",0.7606172361442416
"1715_2",0.43582655375936896
"9249_1",0.18227023176753007
"1895_10",0.6839358476737712
"5505_3",0.2711685546975077
"1323_9",0.817537415912524
"4200_10",0.7113614666948465
"682_4",0.5548373090899078
"12020_4",0.2784870234843852
"5824_10",0.5907673455176454
"4475_10",0.8249206757266155
"891_1",0.5363109343732632
"2713_8",0.7067105982487526
"2084_9",0.4471249034710046
"1535_3",0.3423570309051591
"7862_8",0.7412804585976491
"8055_9",0.6865744026042426
"6604_7",0.6899137961437437
"7714_1",0.2679235942611967
"5606_7",0.6715007393318032
"7277_10",0.7887417634443995
"3197_1",0.14234332623996726
"406_7",0.4150336544798885
"6948_9",0.6010526581047041
"4196_8",0.4813033907186512
"1723_10",0.7882575430014893
"11625_4",0.5701523605693677
"1259_1",0.32934425664520545
"5283_10",0.6446303173547558
"8407_4",0.33095892263562804
"5561_8",0.6122188943957505
"7653_3",0.4076553439881807
"8646_1",0.15470907427183114
"8053_8",0.5579632182864066
"1879_7",0.4788707591595351
"1645_2",0.5167264342633806
"12222_7",0.3071309276316981
"3966_1",0.38093223931299997
"4754_1",0.09141180558587188
"8920_9",0.5377648843315728
"11920_9",0.776711599025544
"4747_2",0.2118419158610611
"2108_8",0.42970338048815737
"9017_7",0.6748090305251389
"994_7",0.5878705398502995
"11155_10",0.6192445626846071
"6249_9",0.6619013169591382
"5926_9",0.6493751228182697
"12486_1",0.400636855434052
"4918_8",0.5372312462159639
"1357_9",0.7454228182995
"6051_2",0.2603653660145362
"4589_10",0.47064283058692113
"12401_4",0.2127464063268077
"4083_8",0.7275239590266102
"10373_10",0.6844713142678541
"7467_8",0.649715655914985
"2220_1",0.1297480944864931
"6882_7",0.5985899671844316
"10551_10",0.7404631127484093
"4043_10",0.6153663288030335
"11078_8",0.6299859253123262
"4280_9",0.6621582487541139
"8594_10",0.7968918439503937
"10652_9",0.6003781234437195
"2206_10",0.816284408752453
"9014_2",0.12898489192948032
"10215_4",0.3404443227775321
"3549_2",0.23724120630061785
"10445_1",0.22486424461326077
"10819_9",0.5504484649622453
"10691_1",0.3181610363015005
"3855_10",0.8224075504272371
"7809_2",0.5819844162906063
"3022_7",0.5329586785152184
"694_8",0.5268710812070772
"13_9",0.6494520555514914
"10972_10",0.666693173451592
"9187_1",0.3288015688097018
"12354_3",0.5351265730414351
"4793_1",0.19817018495635783
"10696_1",0.35923954474804864
"12446_1",0.10866938660916028
"1488_10",0.6626093769703356
"904_10",0.32662215304915365
"11057_1",0.2770683796406879
"2132_8",0.47361188714319863
"1406_10",0.8070529940533965
"11366_3",0.3247265320869668
"9957_4",0.42923374789846824
"12096_1",0.12179845666690961
"3827_3",0.2656051305261553
"11686_2",0.1428391122309
"4387_9",0.8153842182622079
"9955_9",0.5467883903196579
"12103_10",0.8419188922376126
"11506_10",0.6766956166945031
"793_1",0.34372268653682103
"8001_1",0.1423621265843065
"8823_4",0.49966511658878215
"1787_7",0.6848436068091417
"5484_10",0.6026279702146262
"3557_9",0.6107726878087543
"615_8",0.6093088971552498
"410_2",0.45853861491455433
"5800_2",0.3825441282958945
"3143_4",0.27302813471266524
"11359_2",0.3197833409198277
"7016_10",0.738876725801188
"3711_2",0.23624175501995842
"8580_10",0.5709727890188389
"5615_9",0.8350632276314813
"9202_2",0.18774281142951108
"4776_2",0.34961391621379717
"8436_10",0.7532335016337505
"2097_8",0.5255806662722423
"6935_4",0.5899158697879439
"2656_1",0.2523329309566674
"11446_7",0.7303681958791933
"5392_4",0.2685461839915957
"6451_9",0.5588603921677188
"11054_8",0.6284102917050904
"8677_8",0.6899634168574601
"8761_3",0.43020711100035663
"9297_1",0.2584121438772514
"12480_2",0.28290535742105755
"11736_9",0.5229198779986277
"4156_8",0.6315162690522143
"1955_10",0.7652973123165149
"12350_1",0.4337744951266241
"5439_1",0.15862530196325061
"1342_10",0.631903148778844
"7271_1",0.29484567967033526
"1868_4",0.3650464207058981
"4497_9",0.470256427983402
"1729_10",0.580916317589917
"4593_8",0.6342820107033619
"11296_7",0.5975712924143075
"9573_4",0.5235899497144141
"11678_2",0.2229946780811998
"6790_9",0.7783080312556377
"12298_2",0.18343407300657044
"9839_3",0.5163163187085755
"1348_1",0.23911540593168973
"7004_8",0.5696175377826168
"10414_10",0.7731963936786239
"3826_3",0.3915617377450112
"9313_4",0.5608236207842409
"10543_3",0.22225433502826009
"6909_9",0.6426404466348611
"11377_10",0.8733320448331126
"2591_9",0.6404647377957096
"11355_2",0.1957039690698048
"9274_8",0.6985217664819635
"4521_4",0.47512294798642396
"12208_9",0.6818707963284973
"4948_2",0.341476250191913
"3732_1",0.31055792061946547
"12096_10",0.6410450978852787
"7135_3",0.446586646760888
"10310_8",0.5947938470205822
"1959_1",0.06965769056716892
"10383_1",0.2644752105527061
"106_9",0.7587823492868109
"7085_7",0.6270852558637151
"11070_8",0.8285598102456508
"6850_10",0.774633489028131
"12476_4",0.32360933718800744
"1917_10",0.7697218733352557
"1341_3",0.34127813915326344
"4062_1",0.40852334908634735
"5594_4",0.29906562781912727
"11963_1",0.3042619593143477
"2777_9",0.6649060615561208
"9871_7",0.6069490049004559
"949_8",0.4277369663440544
"7436_10",0.6803775314680685
"738_10",0.4964741905271735
"4893_1",0.3423930026879888
"6100_10",0.6168483440639011
"10219_9",0.37597968967072765
"4004_2",0.2427719153507909
"5945_10",0.782355375220338
"10183_9",0.8048598948608893
"3465_10",0.6999878594747527
"4408_1",0.19031637439964888
"5810_7",0.7269916006186374
"188_3",0.3965356067249552
"7835_1",0.34623616572801275
"1648_9",0.5193567699988906
"7971_8",0.6821392390333391
"11809_1",0.41936504272841085
"5352_10",0.5627184410573512
"1476_8",0.7280805018598278
"602_10",0.787486025117292
"9669_2",0.3409010980905219
"93_9",0.6048120226507719
"10787_10",0.7259449923386347
"10958_8",0.7001316839371963
"6608_1",0.2005442770048145
"7058_10",0.7892597569711768
"4401_10",0.6394889757832766
"9315_8",0.4665198385860578
"9670_3",0.47020398888570025
"10537_3",0.24378844346795317
"1033_2",0.298673056419334
"12085_10",0.5894786687029329
"9373_7",0.7257225302114645
"8302_2",0.17502964632831197
"10138_2",0.3132413068104069
"6814_10",0.6378395121244521
"9778_1",0.23397552304052385
"5149_7",0.7128332795940385
"6191_3",0.5593649375840615
"7466_3",0.43550774797406033
"10051_2",0.28091384904384936
"5262_2",0.3175219977001471
"2906_1",0.21272532524030208
"8625_9",0.415321552151236
"2118_4",0.4844334728634705
"11547_3",0.24398271020943677
"11384_7",0.7448401261889039
"123_10",0.5975685971283552
"11115_7",0.505957011955218
"9348_10",0.7492249029265056
"568_9",0.6173081107564936
"7731_9",0.778425627262187
"6548_8",0.49300884795610783
"9235_4",0.4782089263623852
"430_10",0.7660503069493575
"10790_1",0.27422844438598326
"10691_10",0.4545716421588364
"2324_9",0.7865694792124978
"11031_1",0.5115296947467156
"5465_4",0.39765990391064054
"5545_4",0.41384238188787525
"5546_10",0.6284334681724358
"9010_2",0.3748982032419807
"7205_10",0.7146819846273496
"7580_10",0.6923570851714249
"2052_3",0.2700326296661378
"6284_7",0.7449840728757997
"12001_3",0.14828994908385387
"3458_9",0.7322323119018072
"9013_2",0.2473701445616654
"5839_4",0.3600304948128278
"10809_10",0.7760590795722144
"3077_2",0.19379338260324783
"11373_3",0.20426385347990617
"7083_9",0.7932522193725549
"10846_10",0.7383204283816084
"11815_10",0.7614808470999564
"4730_1",0.3243236100025399
"3320_7",0.5038697147192672
"4782_10",0.6097043508538392
"3410_3",0.3284039657975726
"5142_10",0.6619951392933503
"3947_1",0.23865894109880526
"3016_8",0.4734460385593907
"12114_4",0.4678871308948469
"11039_8",0.7151214996112407
"5902_7",0.683183135803745
"5351_8",0.6951827764960422
"1654_10",0.6936451900703348
"5731_4",0.32463671438559943
"10985_9",0.6358830932239206
"8724_1",0.2542154399678319
"9854_3",0.5853200531038986
"2054_1",0.05486177625508695
"11385_4",0.5191744550659195
"5919_4",0.2723365616456749
"9898_1",0.2112816317672755
"11874_8",0.5438284044976821
"4496_3",0.5105215604800492
"5231_1",0.2983935491045059
"10070_3",0.3644799711918234
"2345_8",0.7604834209972322
"9311_10",0.6241217643272646
"1036_10",0.6016381892743788
"6603_4",0.427921896570905
"2138_9",0.730429242029441
"10546_10",0.7647977727774993
"3217_10",0.5428931528241006
"12188_10",0.7276797907255022
"5986_2",0.46161540533443857
"352_10",0.6931203939140919
"8557_3",0.5190203365855016
"10453_10",0.8426228033189411
"4397_4",0.3778808847361058
"673_2",0.4562793562393498
"10305_10",0.8746697772550712
"11985_1",0.08345192608308781
"3457_1",0.2762407132697515
"500_1",0.14593405490295705
"10637_9",0.6256709976589463
"8144_10",0.7319957042802204
"8485_1",0.32455929440585696
"1632_7",0.31827934880964887
"2404_8",0.7150428630578344
"11489_10",0.7065935943337115
"7590_1",0.331768971101358
"12460_2",0.4786317226237059
"11729_10",0.5876965396804124
"2796_7",0.6632466857976622
"8015_2",0.22428962557545312
"8258_4",0.29814475899173787
"2272_3",0.3423943038055059
"7178_10",0.6101110727301049
"8476_8",0.7694268474273099
"3411_4",0.36383048424913994
"8319_10",0.6401451425335407
"11799_10",0.656867467714384
"8585_4",0.49942152987204275
"4640_10",0.6550961293246603
"12199_1",0.16405583851858074
"8380_7",0.6324000398418861
"8712_10",0.6733993029464153
"12482_9",0.8477883007691531
"4813_1",0.303447965677371
"119_9",0.5862443480366096
"7850_10",0.6550347693222612
"5536_1",0.24950065098094718
"10576_1",0.23137333988257133
"2803_1",0.2739077566585561
"11788_4",0.2490807543810501
"6681_3",0.36660946625250734
"2503_10",0.7485465743797863
"88_3",0.4302887241413637
"7389_4",0.3599262720100482
"8793_9",0.7232510543102427
"4911_7",0.7512557460872821
"6495_4",0.38086603264873664
"10670_1",0.3607871273330255
"2203_10",0.7949915378052694
"7588_10",0.6846943677161685
"7095_7",0.6436606052160377
"6748_8",0.6747778807868674
"10348_1",0.2429933821858353
"2568_8",0.5633645386262027
"10292_2",0.30422935520675576
"1112_3",0.27293748865788314
"5322_7",0.6478478597179056
"4291_4",0.3027541038416059
"1212_7",0.5284185203326849
"7963_10",0.6100320391736969
"6156_1",0.34891235902507306
"713_1",0.49073298302564267
"11606_8",0.7463295912998716
"10975_10",0.7115722567092271
"4638_10",0.7794138692909255
"800_8",0.5803007945665473
"1389_3",0.31708922172605625
"10045_1",0.23334981135268917
"3529_1",0.5069495158949738
"1921_2",0.397204233201446
"4824_8",0.5653304004013032
"10688_10",0.6312599195418128
"84_10",0.7977561210352814
"225_3",0.4236565258043865
"9756_10",0.581396312218477
"7601_8",0.5209539289810466
"6342_3",0.3610645283705794
"7711_1",0.4179721586601869
"12133_7",0.6502859991823079
"8026_3",0.4483639575082448
"4551_10",0.7255289133411852
"545_4",0.2881501663574571
"343_1",0.3850761357740145
"10788_4",0.5669678691509688
"8711_2",0.21166795671367916
"5493_10",0.7976197987829973
"9358_1",0.5304246127230562
"2185_3",0.20496729840931457
"9720_2",0.2639435002400091
"4481_8",0.6527242457182642
"6528_2",0.3181464827405419
"11928_8",0.5465582847955771
"6591_7",0.6840009933455692
"10876_1",0.25798553610978353
"11253_10",0.6097595476668849
"2190_3",0.34875426253649217
"4281_3",0.23341684438473775
"7971_3",0.30067790504124714
"11649_2",0.27529873559586193
"5199_3",0.4151439568853717
"12258_3",0.5733733686459183
"5922_8",0.7631469861961493
"11136_1",0.20815360352680182
"7941_10",0.6413744558632231
"1412_7",0.8142948488548805
"11053_3",0.5014649334968322
"5586_10",0.782327250872568
"5762_9",0.569916115737753
"8328_3",0.4489700289165745
"10354_4",0.4408899547665145
"3563_8",0.7095250682010656
"8246_2",0.4236266012707582
"7740_10",0.7130669368219308
"4972_1",0.252801162109995
"832_4",0.5057591338094436
"11386_10",0.5988845102991195
"1273_3",0.3407749886802673
"5085_2",0.3077798903600317
"11414_4",0.2550456077893448
"885_8",0.7827562979936404
"3943_10",0.6028161121076381
"898_9",0.7499444181354068
"8168_10",0.6667984035807596
"9779_10",0.6373910180936564
"830_7",0.702223449856185
"77_10",0.7493577770455347
"648_8",0.7787880046156738
"10629_10",0.5563957822896706
"89_10",0.7217220420681212
"11955_9",0.6244772602168551
"7883_9",0.7144748242225379
"243_4",0.42489908207009414
"5148_2",0.2236173098226288
"1056_3",0.6407130454241604
"5206_10",0.5295816236122963
"8777_10",0.5468344475314105
"2969_2",0.3059583888023942
"6729_8",0.7510446626344476
"11860_1",0.3292750084660009
"6307_4",0.5014252524646791
"11589_1",0.25459616474762314
"8016_1",0.2175807700779528
"3461_8",0.7023780286900251
"8767_1",0.14942339376766872
"7692_10",0.5532561317108498
"12281_8",0.5974952989741888
"7763_1",0.5392859847076904
"5301_9",0.7273577955589102
"5112_10",0.8242431482868224
"10757_10",0.5404557757812877
"1066_8",0.6869453722287543
"5413_10",0.6112017176586589
"2733_3",0.4172587115846673
"8534_10",0.7010513416398598
"5915_8",0.5715517851025331
"10566_3",0.3549352474111303
"10900_7",0.6748343186560284
"3120_10",0.5648212696485135
"4394_1",0.17184660454595552
"3090_1",0.17364324813284993
"4379_10",0.7318077632065672
"5259_7",0.41216315918932445
"10792_8",0.8151489733610071
"2599_1",0.38780844865234393
"1912_2",0.2413984571036129
"2517_1",0.6405068535641677
"2946_8",0.7670082427048021
"3020_8",0.6279168912480256
"1850_4",0.5427984135235142
"9463_2",0.2433178898251602
"1721_10",0.6845037101172691
"7952_7",0.7319347447728324
"1806_9",0.7099136824718557
"11403_9",0.6014202459081118
"2013_7",0.5392958921452788
"5556_10",0.6592279820500476
"1746_3",0.35761454758483713
"11125_7",0.7674354748021672
"9270_4",0.3781496759796605
"7343_10",0.660908547018969
"12465_10",0.6020953672983512
"8550_9",0.5943086479540945
"6213_8",0.5111628612350864
"10861_10",0.7925234243079291
"4109_7",0.6275851666820587
"8652_1",0.09475225843920915
"11546_1",0.301333201026626
"9133_7",0.6126198697688299
"5964_3",0.10908417006490531
"1575_1",0.4628492637010968
"1337_4",0.4906068383172499
"7610_1",0.09936399119631051
"49_10",0.8055796329939535
"6505_2",0.29839105912823355
"7177_10",0.5154123159237476
"5947_7",0.6098790918620013
"1723_3",0.20518357720111702
"9055_7",0.5668306090867271
"7972_1",0.23117361498803907
"5340_8",0.5277688512144072
"6938_8",0.4012043842143492
"12400_8",0.5131084194913075
"552_9",0.5962803172698262
"11844_9",0.7599085964313907
"1080_1",0.20567613427075346
"3078_10",0.811775539314923
"8713_9",0.5896764497508676
"7300_1",0.21755005663545707
"12464_1",0.43536228703901
"3812_10",0.5102319934634587
"3313_4",0.3970931371868026
"6880_4",0.3415048854614053
"5478_9",0.720073002953197
"10951_7",0.6100983024141882
"3327_8",0.7244253842606336
"6332_10",0.6029548135308878
"4385_8",0.5650782682343409
"2387_10",0.7421772795663863
"5756_3",0.3178107224950665
"4020_7",0.4331317810024541
"6190_8",0.7078404493585063
"517_8",0.605363001937349
"9018_3",0.34707383673665204
"9449_10",0.7472183996320917
"10715_3",0.27674113383796933
"8195_8",0.668528283174256
"9605_10",0.7215125217634265
"4309_9",0.8223825184331005
"1783_4",0.3356120274788688
"1658_10",0.3893626531833962
"1403_7",0.6179300564862016
"4268_1",0.2518237401986586
"4822_1",0.47689496016799265
"717_4",0.37583055591882836
"7768_10",0.7022952144693397
"7803_2",0.16775674540239494
"7190_8",0.6054701611500181
"11035_1",0.16020261933136162
"6288_10",0.7683552741931855
"10690_1",0.14782734802018024
"714_10",0.8153250471381034
"9210_10",0.649062695929067
"12462_1",0.11119276889043449
"9325_1",0.13269306027570715
"8370_8",0.785807064907565
"10583_1",0.1807559183371854
"4016_10",0.8267132909824678
"6465_4",0.40289377878072097
"1512_9",0.7962050712771287
"4769_8",0.5511844418495061
"11160_7",0.5484862968141557
"2175_1",0.10846590249391734
"12261_7",0.7243252438999612
"685_8",0.5842234310777425
"9208_10",0.5852030397619796
"6296_1",0.20054702398652077
"8210_4",0.3412848165810239
"11237_4",0.36290569404043144
"8139_10",0.7109441767455905
"6996_3",0.5003205279946192
"5168_1",0.40701935386360977
"5528_3",0.3701333090566177
"6635_1",0.42020919924779737
"1670_8",0.6464607238761075
"7099_4",0.4146066549291824
"2239_1",0.6414583398622564
"7313_4",0.3985864805830364
"3304_2",0.38943597653722495
"10505_1",0.2251432302057242
"9681_10",0.7923201609452817
"7569_4",0.5244430697059895
"9926_4",0.4546399065145114
"8339_8",0.6790345098236364
"8553_10",0.6015008324321737
"387_1",0.3849886529555451
"4715_9",0.4240417223922186
"11447_1",0.4360472245741167
"7425_1",0.4341994218142836
"10514_1",0.3157439421882703
"6979_10",0.5995562017272804
"3104_1",0.17032856263314947
"6833_4",0.5120135182372317
"5931_3",0.38957965643238807
"12103_2",0.21531079771443654
"9413_1",0.4328805367263696
"2730_7",0.51469891033583
"7293_10",0.6359923591335729
"8479_9",0.6584682725620701
"9099_7",0.6637504739086163
"2061_4",0.41868761829902695
"4680_7",0.6976196241594733
"4067_1",0.25560130688158145
"4663_2",0.1747102204020117
"3069_1",0.19449334864967963
"8739_7",0.6237172889053068
"8279_2",0.411970123356049
"11078_1",0.2564895137709706
"7917_1",0.2946678863523282
"7636_8",0.7003897213652251
"5071_8",0.5311663379019677
"1720_10",0.6807489653159268
"885_3",0.43664886691399496
"734_1",0.21140664918600016
"6309_9",0.734440275298229
"4346_3",0.3166357399153335
"4087_10",0.7996861441802909
"678_1",0.16311315651014333
"8348_8",0.5529920325856584
"3572_2",0.41194592435642463
"10285_1",0.5383699181976801
"11126_4",0.4195938327165612
"8071_2",0.48550157485304757
"8150_10",0.8288190055767828
"4652_4",0.34543641089132304
"3674_8",0.7578294863867757
"1046_9",0.6416932952955898
"1986_8",0.7079375022035784
"2516_1",0.6267701328189961
"11758_1",0.2289192875533759
"4747_8",0.6745824660617983
"10426_4",0.4142440999519213
"4331_1",0.2515645707943463
"9146_3",0.38770885267227
"312_10",0.6433778183000217
"4160_9",0.8020304710487189
"5277_3",0.3478563189154761
"4896_7",0.6704672804445477
"4327_9",0.5314860883776814
"4136_3",0.40884470287277086
"2324_2",0.5777001706080699
"10407_10",0.7911435264558201
"5081_10",0.635835953484713
"2892_2",0.3820278423868958
"367_3",0.32414026385787925
"6523_3",0.20791807549754363
"9037_7",0.4670281920056922
"8790_1",0.16106711428637213
"1839_8",0.6686275190565241
"4149_3",0.287633412290241
"7950_3",0.2722209821081766
"1686_2",0.39212263982648937
"7855_1",0.25437342200969815
"2844_10",0.7127470144544524
"4006_1",0.4398358042106688
"1077_10",0.5289001516330789
"9294_3",0.3735121317014123
"8866_1",0.1721530204445277
"8414_3",0.41847132534906545
"11736_3",0.3345426619945537
"11683_9",0.6723756777639902
"6399_10",0.5292886542513078
"4876_2",0.19778710646550868
"8818_10",0.6412152319891844
"8874_3",0.4923643690773691
"2595_7",0.5928889809134789
"9287_1",0.38355136320722527
"11446_3",0.3531859395477765
"10016_3",0.4216446163435984
"10381_8",0.6242607705567077
"2222_1",0.5233879805026159
"10875_7",0.5083875905935463
"5708_8",0.5711068704833913
"2727_9",0.5102911731021066
"823_1",0.3404623598951124
"3616_2",0.21324283777825953
"10522_1",0.309682054072673
"5340_3",0.46973712749379637
"4218_9",0.7280957996219397
"6551_4",0.5524237941791915
"4506_7",0.5543908787154047
"487_3",0.3676377321742594
"3215_2",0.2501914583348908
"3884_10",0.8106783442644767
"8163_1",0.3622715153058184
"4878_9",0.662858679849392
"10428_10",0.6286573227297894
"6394_10",0.6506676189273902
"5318_2",0.2809227743065311
"4829_3",0.43986648461369504
"9175_8",0.744364341325008
"10213_7",0.39984348375123335
"1484_10",0.887025855911733
"9646_10",0.7394271333854621
"755_1",0.3392613196151242
"4988_1",0.3226459897052817
"10640_3",0.5344337880143134
"2780_4",0.18176471431860836
"5867_2",0.2642841418250302
"9212_10",0.7876730015792551
"8554_4",0.34247921802162606
"4703_3",0.394809962708426
"8779_8",0.7521307880262648
"953_10",0.583413611051263
"10349_8",0.7248292253024232
"3280_10",0.7474036928793293
"3646_8",0.7523715468923611
"6054_1",0.2109607904976596
"4894_3",0.3840778188283303
"11235_10",0.5931977176292363
"513_8",0.6959056299677182
"4166_1",0.3477777034951233
"742_8",0.4927027666222411
"7671_10",0.7913497952933759
"2835_4",0.5974889273803138
"8556_10",0.7820458768227954
"4764_7",0.6121985447391181
"1626_3",0.19294262712156027
"6883_4",0.30144573266825353
"1014_4",0.3087349257103539
"9419_10",0.6906310280354038
"7918_8",0.483278691628877
"8912_2",0.29890430174674915
"7996_3",0.4549582582024308
"5045_2",0.3312472110147674
"9612_2",0.4440633728892552
"1658_2",0.2963272771663553
"4373_2",0.20022742343995292
"11771_7",0.5181751022128533
"5458_4",0.4500698033262738
"10492_1",0.13134141909750602
"5551_8",0.6158792293919516
"811_1",0.37389034777767854
"12209_9",0.4185390920378442
"1514_1",0.35399734132578203
"6684_9",0.7965247462121633
"4604_7",0.7067524702808733
"3350_1",0.43346392889469465
"3336_7",0.6703296018748363
"9645_4",0.38718742213082474
"1664_9",0.7408996979653949
"5109_8",0.7119769420725063
"9294_8",0.7014473180237826
"7439_3",0.17837996179219864
"9098_10",0.6897939254870548
"10353_2",0.21789295339221978
"2356_4",0.5198557340955225
"884_1",0.34371024785994564
"704_2",0.17417200936733776
"9429_4",0.4146311293304395
"11563_1",0.18318002051516052
"10345_7",0.626637723041489
"12301_4",0.3311428308296708
"1021_7",0.6352337675803693
"6353_1",0.15080445730909348
"2608_7",0.7537177895093845
"10508_1",0.26616248873787407
"263_1",0.2613110953371613
"10127_10",0.7992647813817801
"11517_4",0.3902106965712395
"4758_4",0.5532302599246773
"2210_4",0.4607787749971632
"12396_1",0.15465340017394938
"9405_7",0.5079253822861027
"5945_2",0.37877064829172236
"1931_3",0.41676367241885287
"3972_9",0.6951700673418054
"7949_3",0.3758163367329812
"1958_10",0.857246951794357
"5834_7",0.7115537215000834
"11040_1",0.19944945946357534
"9453_1",0.25171350145294785
"5841_10",0.724349830799489
"1144_10",0.7734869452773024
"5678_2",0.5154695103775107
"11361_3",0.14457140588458592
"5999_1",0.21967268587625888
"11810_4",0.5271324714147171
"10502_1",0.34406098197643026
"11821_10",0.8495376511654976
"8270_10",0.6022203707331877
"4627_4",0.6134569530012947
"5588_2",0.2071807496500681
"4877_1",0.23239727270800503
"2289_8",0.7691738268267015
"2582_10",0.8536902121621264
"8749_1",0.5154065070434916
"1653_1",0.25311629442619676
"7060_3",0.4196626702527054
"4299_1",0.1815697971820255
"7198_10",0.6424823481266354
"5597_9",0.6329202113490559
"11592_10",0.6809248455738194
"1516_1",0.3118392815910797
"1428_10",0.6041478009285538
"9349_7",0.5791141728008634
"4182_10",0.6411387712845412
"522_10",0.5080842159361671
"1942_9",0.8490634325034561
"2570_8",0.6847402872012205
"1188_2",0.39226168224612995
"7454_10",0.9182163639418529
"6859_8",0.7216947002303145
"4278_9",0.6448656123581656
"3538_8",0.46453781961414214
"6499_1",0.43084922829598515
"7715_1",0.14624862619451148
"5847_1",0.41491202140186423
"2109_10",0.7883182631617177
"7570_2",0.40236891438136635
"3725_1",0.1904444777850837
"8736_2",0.4247975921658615
"2007_10",0.8825356763562062
"9738_10",0.677301091798285
"2763_7",0.7802451057765395
"9081_2",0.3596622088795609
"6647_10",0.7481055347062117
"11207_1",0.4369906133489122
"5182_3",0.20434046742781134
"2171_10",0.6252892344137885
"9091_1",0.5186932244849386
"3970_3",0.1597252936262729
"7432_9",0.7248669803390368
"2169_2",0.14176593646414848
"720_1",0.2758812233332339
"866_2",0.11120724900629374
"567_3",0.4657564293837919
"11812_8",0.5939634364094395
"11195_9",0.6793722716486268
"5877_10",0.7429717262648509
"5526_9",0.7595337279964577
"792_8",0.4769975633359155
"8673_9",0.7648630738043454
"5163_1",0.39392368139351314
"4722_8",0.6178011281526076
"11423_8",0.5576002684503465
"3239_8",0.688414786215023
"2235_4",0.477917881351681
"5799_3",0.25958154945237344
"8592_2",0.3195072842163618
"5229_10",0.6391934418054791
"9285_10",0.7700645343129082
"6092_1",0.45337370779993247
"8940_10",0.4802861063768194
"12220_8",0.4720267151498173
"4417_10",0.7193935172873228
"10462_10",0.6581023932096286
"3241_9",0.5650581433854555
"8744_10",0.7934021794380314
"1016_3",0.41226501883076894
"7382_10",0.6885959528324126
"8458_8",0.5538791056649345
"629_4",0.505957015489951
"1971_3",0.4185216977508619
"4471_4",0.2764827573331555
"7890_2",0.32056418350364985
"10164_4",0.4750173774220216
"2176_8",0.6697793542301513
"2500_2",0.4024133045626007
"1155_2",0.23949299725773215
"7102_8",0.5925688648653467
"3618_10",0.7135608111191805
"4940_3",0.3348194918075125
"10263_3",0.3859605285921014
"12495_10",0.6876494190770116
"7170_9",0.7056329479657305
"7322_3",0.5669848065767158
"2938_10",0.5468069803146519
"8128_8",0.6166153134533647
"4900_1",0.25377631960272945
"5672_7",0.43681231691992306
"3387_10",0.7827463539521576
"806_1",0.37617095562075076
"7385_2",0.16278745946144946
"3043_4",0.18631067837409873
"6845_10",0.6801963777619252
"979_3",0.40923763481592496
"6853_3",0.46565994628190466
"4871_4",0.3833939418529485
"12172_8",0.5079269605582486
"4105_2",0.27575149951202493
"3171_4",0.40981273731487916
"8686_10",0.686982709564571
"10187_1",0.23323027801056687
"5305_7",0.5620845970743171
"1728_10",0.709632261625671
"11284_4",0.5806315250383941
"443_2",0.27642985732119635
"8542_9",0.6898915849926404
"7634_2",0.4618921343482382
"2598_1",0.38775600667022064
"124_2",0.30364629478578414
"10145_8",0.6578909016697938
"63_1",0.09940244213343148
"5522_3",0.5269859320649337
"1264_9",0.6476534540893157
"12181_10",0.5489929512148488
"6508_1",0.2531802697095005
"2146_3",0.3406519450134806
"5449_4",0.3218223610615601
"2660_9",0.7806222246440963
"6594_4",0.2755221507173643
"6285_8",0.6151824257830227
"12200_10",0.5835008920152115
"6710_1",0.42203931071084133
"10399_10",0.5516993178403596
"6703_1",0.24342094693653693
"5795_8",0.64272219328135
"3427_4",0.26516167859192363
"11306_10",0.6743625029676098
"6641_3",0.2977879493915055
"9364_9",0.5558257198942506
"6963_8",0.37679747058492036
"6896_10",0.5191877879202346
"10154_10",0.6574741818496547
"4690_10",0.7784599807367445
"8125_8",0.5608555857535437
"4978_1",0.38703099617842973
"4999_3",0.10949443099188964
"8921_8",0.6449957153025727
"6089_3",0.2586616164127616
"12279_9",0.7070121614623536
"1209_7",0.6693434871891981
"2083_7",0.6140825554594598
"10162_10",0.695369820759121
"1266_4",0.5399521594899828
"10892_8",0.7442260007449998
"4864_4",0.3220528981417866
"10743_7",0.605703687858218
"6427_1",0.13232872991285322
"8633_1",0.2574306114710547
"6158_10",0.7158936095504446
"4952_3",0.1422314895894964
"7508_10",0.6225491449454716
"637_9",0.5622431225607432
"6734_2",0.4917306087649416
"10685_1",0.2568108866912343
"6269_4",0.4992057731960143
"9073_8",0.5127384774916793
"9551_2",0.3225264686566196
"5499_2",0.2989574593829746
"3573_4",0.22711887777868306
"12089_1",0.44424684653606095
"3962_1",0.40332729582917537
"2169_7",0.6710252129973486
"959_8",0.6569841159477753
"10514_9",0.5076706658238557
"4430_7",0.540773247939985
"10802_1",0.537759344001638
"280_10",0.5768648531758556
"8041_3",0.5597088290411668
"9040_9",0.807267462526751
"10653_1",0.4179672903535783
"10783_7",0.7266247683906114
"4711_1",0.2039198449811478
"1523_4",0.6348235513760879
"3903_1",0.15222510363796976
"4216_8",0.5311256474440424
"10108_1",0.31642682506444275
"4098_4",0.39445140023177633
"9433_7",0.6412199940775891
"11013_10",0.609294037670455
"3968_10",0.5589929605946301
"7916_3",0.29701640002082236
"5859_9",0.6449817314029134
"11194_7",0.6857812111725489
"9376_3",0.2781644977166496
"1808_4",0.3167458326019388
"12029_3",0.44240969578700207
"5854_4",0.33006142248863685
"6573_9",0.759332981884632
"6747_8",0.6598649828105946
"4366_1",0.2995898777754077
"5868_7",0.6457871576285495
"7712_3",0.3495571777569725
"11617_1",0.11233882485163349
"5362_10",0.5762100858111524
"1950_1",0.2790222293545067
"9724_1",0.2685858192307494
"7537_8",0.5536309003911919
"6950_1",0.2900855338415575
"6035_8",0.8253063119057118
"11191_4",0.5941880292092906
"4759_9",0.8216257140640483
"1228_7",0.43569230471947573
"10380_1",0.3194301064319708
"271_7",0.6174914965225207
"7826_9",0.5911684183609901
"4336_2",0.3832520560352265
"4209_2",0.3782936277761061
"4898_7",0.4412894427443574
"2987_1",0.14194038202580497
"9976_4",0.4533010205414124
"7521_10",0.5832502825736621
"5680_2",0.17781070640978516
"4310_10",0.6449645122864013
"4484_10",0.5871299062378927
"5748_9",0.7120804983789173
"6798_3",0.39257374526581595
"9598_10",0.5699074093971601
"4834_2",0.29682043250240053
"2505_10",0.8402576059177703
"1984_8",0.43583689515520163
"476_1",0.48672032036383317
"11578_1",0.2563813751058753
"2223_3",0.3977853321551542
"8215_3",0.3159733156335939
"3108_1",0.2782286987840926
"4371_1",0.26710080205099085
"12399_4",0.28508205133937176
"4913_1",0.1602788282392766
"8431_8",0.6539882190170414
"3445_10",0.6821931061165378
"8268_10",0.7545448287712924
"4271_10",0.6036343980633727
"2136_3",0.2522281914624966
"2479_1",0.3474028805370507
"11798_2",0.41974013329580695
"2893_10",0.639387953040614
"7754_3",0.2811658135473477
"7568_10",0.68096877042546
"6221_8",0.7973474265850696
"1687_10",0.7199416514421019
"4744_1",0.222987066649042
"3730_10",0.6199960629269381
"7543_10",0.6225578174587398
"4449_1",0.15861469023668337
"2802_8",0.676395694103199
"2834_2",0.210525172263892
"11243_2",0.5764921766557604
"6638_10",0.5684223470692232
"3299_1",0.1537383628315801
"1378_10",0.6185150682220854
"1867_9",0.7288817185510998
"3371_1",0.38075033458348684
"1340_10",0.74083363295203
"1810_10",0.664546421397239
"11773_10",0.5362549564253108
"2111_1",0.40489713648327896
"2234_4",0.5319037501094296
"4958_7",0.7005315875585738
"3514_1",0.4516082063482022
"8488_9",0.5925595283131869
"1650_4",0.3613549230438072
"6538_3",0.3592461401385425
"9930_9",0.8993732540515191
"10594_1",0.1683372719051518
"6248_8",0.6524658232981376
"1384_9",0.757776691651253
"11526_3",0.3990610863566409
"9847_10",0.6716181671276676
"8994_1",0.2357194936865874
"11595_1",0.2974097347816184
"9840_7",0.5463110577305627
"1027_9",0.5626214058400935
"11691_2",0.20274098488555548
"1154_10",0.4563720380826195
"4599_4",0.2583624144142769
"2126_1",0.34375436996774333
"10719_3",0.3527997800589284
"11925_2",0.24086328553593883
"1938_2",0.20773173415358256
"7233_7",0.5947054428804555
"1747_8",0.7631393299306733
"4994_8",0.5634581082329401
"10696_10",0.536840345388294
"7348_10",0.703084320215151
"9121_8",0.5637152040700772
"902_10",0.5209586208909607
"8046_1",0.1996064643516892
"3604_7",0.4027845101097107
"4886_8",0.7939224274530005
"2821_10",0.8290094036923105
"10180_8",0.5209409107918247
"11376_10",0.7532678530132693
"11195_2",0.1771632130224996
"5625_9",0.7571956070560911
"9284_9",0.8034283809839137
"6747_1",0.47904989207256277
"3910_9",0.4397723052962603
"11412_7",0.8281543456778496
"2456_10",0.7659874476653533
"6105_10",0.7318998614990584
"5732_10",0.5755178994839472
"1960_9",0.6196634319929147
"6363_7",0.6469171378282089
"9596_10",0.7115479958368676
"8605_3",0.2668454091164827
"174_2",0.22104590102238533
"8251_1",0.2742553787539855
"8567_10",0.5278730157202329
"7007_3",0.4314393809423956
"2418_8",0.7104606595435601
"12030_8",0.6462823712086012
"7626_7",0.6924461363666348
"6070_3",0.373263256667981
"802_1",0.2862062274715165
"10801_10",0.6011001803465061
"8559_1",0.314894533236806
"2495_2",0.3782516855452573
"10777_9",0.6554509929627904
"2958_7",0.6618555836816147
"3701_10",0.5840071080689364
"2754_9",0.5475248167353001
"1210_1",0.2679834960806326
"7830_10",0.8147912175852409
"4523_9",0.7600916564997466
"12408_4",0.31575863991254427
"5748_1",0.16239311375639665
"3982_2",0.24081146430338154
"9658_8",0.7664134643908351
"73_10",0.7097455528123382
"3952_1",0.32486452921958214
"4064_8",0.4621398843212415
"9835_4",0.31367767860727114
"12463_1",0.226551672422465
"905_10",0.6624879038811835
"5634_8",0.625260969617782
"800_3",0.3169962011434174
"11576_10",0.8026155971974388
"8546_4",0.3979585408654426
"8456_1",0.40075899217864686
"163_1",0.3417941759178184
"7616_3",0.22667272795482085
"17_3",0.5085333124543746
"620_2",0.13638234557493276
"4250_4",0.5157153709526247
"4403_1",0.18129179252797553
"7107_3",0.5704522201613543
"9691_9",0.6172974271154339
"4069_8",0.6564873473024057
"3747_7",0.7335969608338635
"7930_10",0.7973229534573212
"1088_3",0.3539268201735836
"3683_1",0.37255592070031707
"11138_1",0.35380277873571736
"1825_10",0.6603383313486735
"9888_3",0.2165199487778423
"8079_10",0.5323982890197653
"1508_2",0.22815417275012653
"2471_4",0.2627887285648668
"5238_7",0.5309016299016248
"4947_9",0.6769395778513367
"1791_10",0.5287214250304245
"5824_4",0.3174802673081517
"10408_2",0.4457917433817495
"6053_8",0.6884930468024941
"6811_4",0.1645699706577126
"6398_4",0.3684800576825774
"137_7",0.6011645123699931
"3920_9",0.520558764355241
"8179_2",0.4667191346810895
"10602_8",0.5041206730016403
"10509_8",0.6141914515510868
"7346_3",0.3257530859126972
"2663_1",0.3315587839533619
"1342_2",0.25604332597006224
"5714_4",0.261537300441007
"9669_10",0.647620658911345
"6038_3",0.49492949151163507
"11957_10",0.6640834033693677
"750_2",0.35051058971878907
"12386_10",0.37340060284869225
"7178_1",0.26597560718103624
"8070_8",0.6197454169152159
"8993_1",0.1732635723028915
"1178_4",0.37717562230065915
"10457_8",0.7410569140256953
"5287_1",0.23179370776631783
"3098_8",0.6479325446815661
"3505_8",0.7414176430762827
"10271_1",0.5732474258824539
"4354_3",0.2870324030213029
"4817_1",0.36000190341605703
"11313_1",0.377751435730736
"9023_10",0.6216580944334049
"8404_1",0.11903229055628681
"11847_1",0.14804973199211593
"5374_9",0.6528628032725552
"1009_8",0.7247593702865308
"4197_1",0.1520156527659897
"10803_9",0.599690069360546
"6609_9",0.6573784694288208
"519_1",0.21155649438289514
"7675_3",0.2339536036878685
"10204_10",0.7345426138298293
"10565_1",0.14027782387984372
"1641_1",0.2730247534427761
"11170_10",0.7745549649299657
"451_2",0.2203246508156137
"4526_7",0.6249350645620424
"5639_9",0.6691369553193847
"5642_1",0.22208016429914265
"9159_3",0.6514065958093009
"11173_10",0.5236549813268284
"10772_10",0.6753227689785131
"11172_10",0.7026758030973056
"10213_4",0.5510529298966127
"11256_9",0.6159145874190973
"5863_1",0.24563529720146174
"5125_1",0.418614146593158
"5624_10",0.6791925108430419
"10355_10",0.4806329601603145
"6623_1",0.31253181568073213
"3674_1",0.35767845212204696
"540_8",0.5467620649882655
"5202_10",0.5613351378888902
"9644_10",0.833539870377015
"4780_1",0.36880271690823346
"2002_9",0.5132229647993635
"7228_10",0.8310900311958057
"4036_2",0.13352918640495184
"9925_9",0.6509727576502341
"1137_10",0.6761832109945256
"5679_1",0.4204211032639905
"9162_2",0.20520439471699461
"2849_3",0.1358035551228466
"3546_4",0.23755929194987654
"7164_1",0.29485470651849555
"1749_10",0.5657178004374266
"11988_2",0.35997856096020114
"365_10",0.6518670707073296
"7340_10",0.6797980866464379
"1543_3",0.29741430580405487
"6008_2",0.20056215624744403
"2230_4",0.33476839909460815
"10105_3",0.15663196476721947
"5443_1",0.27504832286843084
"5024_1",0.2133110193015676
"5630_8",0.6766616875974534
"7603_10",0.6678001283392979
"12205_10",0.5300810656662831
"5910_7",0.5962770898862034
"7006_8",0.6820197323316549
"3287_10",0.6762795378266206
"3136_1",0.3722164600308254
"6547_4",0.5691518868334682
"9329_1",0.24210541944361372
"1679_10",0.6703585673148781
"1659_7",0.5859502445552022
"2015_1",0.17900751166909792
"5236_1",0.44012405203689886
"2201_2",0.2129540403346452
"6026_3",0.5549016742934584
"12093_8",0.7486638273288189
"11394_10",0.5990259873416236
"9512_1",0.3325767888049891
"8401_3",0.3600008688859762
"5239_8",0.7304954078292316
"5018_10",0.7085879420734744
"38_8",0.7786719558375059
"2968_7",0.475297553976915
"5359_3",0.22186265494927007
"10419_4",0.6218907189115928
"1551_4",0.434088382224283
"11346_1",0.32207686721940254
"809_1",0.3585244794973292
"9823_4",0.3920088595970009
"10125_8",0.6955444020793394
"8819_10",0.731436551544588
"9038_4",0.2723612308218208
"1968_1",0.2808501412421216
"6642_2",0.28337802577811216
"9015_10",0.816739332393901
"12198_2",0.45839682085131617
"2758_9",0.6543451920530639
"9206_3",0.24943815679848916
"4370_7",0.6661337459589262
"1985_2",0.45773693938073623
"3031_7",0.6647479151576534
"10172_1",0.31370506486877164
"4527_1",0.189732025815276
"5458_9",0.8098787300404862
"6534_1",0.41823146276882206
"4347_1",0.29869640681761006
"11152_10",0.6263280698699312
"9238_3",0.4315516147282505
"6161_8",0.7906177151081923
"2299_1",0.4630652099371545
"1133_1",0.5705169759243093
"11774_3",0.3518971943692138
"1095_2",0.24798751506748687
"11311_10",0.5697286053469001
"1126_1",0.16377459643855963
"2385_9",0.6529543541279729
"10710_10",0.8189583403177216
"10106_1",0.21611707519295612
"3363_1",0.295877276379035
"11480_10",0.7558582996560764
"5183_1",0.11271048191633266
"7100_7",0.45092952362246125
"752_10",0.7660181111095785
"11958_8",0.43921024610297554
"2518_1",0.38000855579844584
"4744_9",0.5991223623064231
"53_7",0.6300107122626348
"12289_1",0.54496537744699
"9239_4",0.49405310278131664
"8758_10",0.5393802753446202
"9050_9",0.543805211404136
"10390_7",0.6449126958708955
"11780_8",0.5439011734312181
"9518_1",0.28885634309430147
"3442_1",0.39331965121822793
"6316_9",0.6161540906781979
"2826_9",0.747433781560593
"5908_10",0.7761108245209062
"3720_7",0.8424407663639047
"8481_1",0.09655050969898954
"1188_10",0.8068265974865827
"2784_10",0.6337247819341429
"12352_3",0.6172687003387702
"1771_10",0.7152291539128224
"5255_1",0.5101321673075971
"328_4",0.594653032466567
"313_10",0.7165906556662449
"10530_1",0.18016332754028655
"4866_7",0.7193515157345239
"8936_1",0.20287457329151598
"10029_10",0.6069996082998212
"12383_10",0.5074900649673852
"1922_1",0.4693741730771628
"3012_7",0.526197213807468
"11593_3",0.416334089919474
"8661_1",0.35764144229474665
"10457_1",0.3100723344256582
"8074_4",0.6958672871446809
"11993_10",0.40427887376251637
"6_7",0.6946888570809453
"2542_9",0.6658319345588869
"11454_3",0.32524464937295616
"6776_4",0.6223034561882378
"9466_1",0.5711003734894955
"11100_4",0.21164239419785072
"6429_10",0.658002075981825
"11218_3",0.5237811178522959
"8310_1",0.3671739664492803
"7432_4",0.2985867273444101
"10115_1",0.25569738106972545
"11127_7",0.6771682044381057
"3306_2",0.3027812219572511
"6998_7",0.3569643379870963
"12166_2",0.31448767626187
"7792_10",0.5910441233314259
"9250_1",0.25946313403530763
"3351_7",0.6727438661428417
"3350_8",0.42646134143288994
"2393_3",0.3924066556343962
"5473_3",0.36248699746331625
"73_4",0.2738959950045007
"1504_1",0.18706838453956787
"10317_10",0.6418659359348513
"5795_1",0.2649338683632098
"1511_9",0.39583326656042905
"2537_2",0.3333054407979535
"8010_4",0.23707147684945912
"1616_3",0.535448865732047
"4332_2",0.2466598980320825
"8499_1",0.2914893502225097
"1636_8",0.5610579912655854
"7752_3",0.4367431926253943
"5848_7",0.5789978055826847
"5370_2",0.5052658012099225
"10600_10",0.6184741802675533
"5501_3",0.3607636759247696
"9948_7",0.5505490313110171
"10683_4",0.39620210019406904
"10013_4",0.4564026907806195
"11704_2",0.23178697661993594
"431_9",0.5357494316902642
"11855_10",0.7031179854602236
"2671_7",0.6546034728469474
"5831_2",0.33716653341283076
"7920_10",0.7051870667061797
"276_1",0.248460763778948
"6245_2",0.33267690667532945
"89_3",0.4068303511179346
"7871_1",0.18130786224110165
"1707_1",0.3427807045411216
"6640_1",0.21897709555836917
"723_10",0.6457915214536869
"11391_1",0.47542490105638274
"3534_3",0.1294424226677882
"10449_10",0.7188887595647973
"180_10",0.845065825386895
"5128_1",0.1602663789808924
"471_10",0.693227400704164
"2341_10",0.7361455783286921
"3204_7",0.5762421742741011
"1818_10",0.7311467090842402
"4489_10",0.588984058512337
"12034_10",0.5124754321335234
"11264_10",0.7280188549339656
"8077_7",0.5009159107704932
"12206_10",0.548955523866013
"11549_3",0.22752506759724206
"8993_10",0.5477022908355665
"1937_4",0.4486167237360323
"7778_3",0.33470508567201596
"9714_9",0.54963419378649
"7219_4",0.21376636950973626
"6518_4",0.3336580757743063
"8421_10",0.6801443337672509
"10563_2",0.2204277959901252
"2527_9",0.761796273725316
"11147_10",0.7571342351780191
"832_7",0.44668584313181414
"8972_7",0.4023172681563489
"2311_9",0.6937845604663319
"6794_1",0.35146109992455066
"1769_10",0.7794981667421749
"11130_1",0.21899164532500734
"8331_3",0.30944948191319815
"5564_10",0.4609972309962663
"2594_10",0.6030587296348159
"11037_1",0.3724937875101316
"6679_9",0.5763628313278297
"419_4",0.47483472492159795
"2635_10",0.36825183499050756
"4436_4",0.547981133162175
"10972_1",0.21632480598328185
"708_3",0.45077472162716387
"9113_1",0.24686807519407217
"1438_9",0.7297375146716314
"2048_4",0.1335632160241503
"4488_10",0.5624386017756369
"7889_3",0.5271097865874855
"11498_9",0.7856452002731843
"8780_1",0.3893568815527731
"2036_7",0.6385802680570332
"1861_1",0.4809420159364862
"581_4",0.4707298702523759
"9253_10",0.6783148718346097
"977_4",0.43966799031408577
"5693_7",0.6519870505093863
"6515_9",0.6432145100579573
"9378_1",0.29600541954827214
"6695_2",0.3273738460041041
"8507_1",0.39109793433852624
"829_2",0.281888835805214
"11023_8",0.7362757333993708
"70_1",0.2268692009819693
"3669_8",0.5715205725172805
"10033_8",0.6476381470605469
"9158_4",0.43311953448827367
"817_1",0.31412345611892734
"4679_1",0.3189222534201122
"8133_4",0.26490588893681744
"3531_1",0.29960536234809015
"10742_1",0.20642240721436272
"5579_3",0.32165154365567306
"9041_1",0.337443366521676
"4938_1",0.25904882883701696
"4246_9",0.405160293060917
"4275_9",0.5131766317308301
"6819_3",0.2691835283100007
"6327_7",0.4931754703226926
"6101_10",0.6944059796671777
"11852_2",0.22251806867867704
"10252_10",0.651068253648004
"4348_8",0.5453809686271798
"5328_4",0.44823009867215646
"11964_9",0.6830970224869288
"8634_1",0.33933364913238406
"3702_8",0.7124852827855604
"1677_2",0.2033736815249413
"5907_1",0.35478797296001724
"8432_10",0.6493045280176447
"3570_3",0.5901737963182724
"9624_10",0.677711105059826
"11466_4",0.42895059315295114
"9062_10",0.7828658444371354
"12336_1",0.18679099755501083
"3476_1",0.3280944560654199
"7033_2",0.17934327910422498
"2660_3",0.4428867734348914
"741_1",0.2644097748377339
"11490_1",0.2873408668333501
"6580_7",0.6745986778911155
"1807_3",0.29648139490758785
"4785_1",0.3031753559436384
"6319_10",0.5579726982392241
"4437_8",0.7864608212608052
"3533_10",0.7971672011836688
"12119_3",0.4112714788871704
"151_8",0.5180406625511875
"7829_7",0.5365166595150127
"5497_1",0.31082409419682755
"7477_10",0.6402227851029682
"5879_10",0.728685887937241
"8068_10",0.6626083803236543
"7989_3",0.5701445251445221
"8480_10",0.6308707311275443
"10352_10",0.6382749576407564
"120_2",0.2655669247969021
"10135_3",0.28406079238392556
"8091_1",0.17517375485121278
"8505_8",0.6797541965174344
"3282_1",0.5320620598083164
"11570_10",0.7019129538923354
"11052_8",0.8209944828296603
"5549_10",0.6884596185115783
"3891_8",0.7725491093222954
"3537_9",0.6633009714012961
"8503_3",0.4749591947375897
"3995_4",0.35033708024952653
"10979_3",0.20496729840931457
"11681_1",0.3560434102870384
"536_7",0.4421298370999345
"11739_8",0.6945932152070434
"6951_10",0.6939231313307649
"6210_2",0.41748449455794573
"1449_4",0.38878760902954657
"11860_10",0.6173713447513978
"11149_8",0.77177229205113
"4021_7",0.7294005273140118
"5104_3",0.4615580631841832
"2989_3",0.29901974220609884
"10112_10",0.8607232255397644
"6718_1",0.15725923099917363
"7654_4",0.27168341597709517
"9481_10",0.6116941068060873
"7984_2",0.18523609441149286
"1348_8",0.6750470274594373
"11079_8",0.5517740395177747
"9554_10",0.6056376961986123
"8617_8",0.7141593200153443
"315_8",0.7126485586672989
"6085_8",0.820481682546329
"1823_9",0.8214020647287567
"3208_10",0.8209731972715619
"924_4",0.5872998822835478
"6479_10",0.6072384411976799
"7017_10",0.5489879790877887
"8595_4",0.48784702718589157
"4532_10",0.7482271093672934
"5145_4",0.40357041925849185
"2358_7",0.7208819671931457
"11151_4",0.4118119158232213
"10238_7",0.746845548978247
"564_9",0.5336235250157417
"4054_10",0.7968743775450433
"8852_9",0.7156122186766349
"10137_10",0.7685865344470157
"7014_3",0.18064273523379046
"1533_4",0.16313156373010343
"8257_2",0.38661162861254583
"8719_8",0.6226854774702824
"5041_1",0.19659713226241696
"1469_9",0.7046463410965939
"11726_3",0.3178229266840925
"2002_1",0.22375937708642968
"12293_3",0.32425735191996385
"3672_1",0.24412992358788999
"11110_10",0.7743928613966218
"3931_1",0.5973810140243524
"6972_1",0.29910660461708305
"10186_1",0.2220912363755082
"9265_3",0.34576732423203665
"7412_3",0.3528516659844085
"5427_2",0.354646288186215
"5006_4",0.4193656130551793
"3199_1",0.23664345877002185
"6256_8",0.3552120713056211
"418_9",0.7400789862824994
"8834_9",0.6366884337765506
"5093_10",0.7410134852560478
"3190_2",0.20190158704267794
"12360_4",0.12906193940891122
"9477_1",0.357964106615163
"6085_1",0.20590436174066906
"7773_10",0.7894071896450869
"255_4",0.349349866812519
"1661_1",0.10376015176440541
"1627_10",0.6339415087438439
"9204_2",0.2983130897405379
"3704_8",0.45951893512643505
"11898_9",0.8139674013095172
"1137_1",0.3059307170173878
"101_9",0.503956134847451
"1142_1",0.0998416733150224
"5314_8",0.6854052641035808
"10932_4",0.18422694762506095
"9639_2",0.3410303226615228
"12125_7",0.7877257112049351
"10998_1",0.14246453176775747
"5186_7",0.5241234818096238
"10340_1",0.6198605752916494
"7419_8",0.6770977133348186
"6929_3",0.2935729989071267
"7238_4",0.20277158426592523
"10869_7",0.6335114547567905
"4106_1",0.08595129105805246
"6589_2",0.3551094834290157
"9619_7",0.4951460163937771
"7116_4",0.5137939261234558
"8889_1",0.1652647579152998
"3901_9",0.7853712230340663
"7052_7",0.6090900992632788
"6439_1",0.1937839256340334
"5309_1",0.42268535710462235
"4515_3",0.3034526310315522
"3029_4",0.4496582903938676
"10310_1",0.22105726616478302
"12350_10",0.7198546968199202
"532_8",0.3172830818193294
"11145_8",0.6445558106589865
"75_10",0.7738480238032506
"6137_3",0.25391347432124795
"1637_2",0.2301108874554926
"12327_10",0.7687608235757235
"2177_7",0.6503836073569059
"1879_1",0.397462607554068
"8745_2",0.19187563061890317
"3099_8",0.6364596010834686
"7354_4",0.23512284825051324
"10103_1",0.09899627452992807
"3296_10",0.7074948899456381
"8494_9",0.7241694956305537
"3423_4",0.48281556526026803
"7609_8",0.40779947615395357
"4265_10",0.5483901269910355
"1872_7",0.655017841569544
"10987_10",0.6450992967252258
"2849_7",0.6784035180326868
"628_1",0.33651051657923253
"1391_1",0.2878520645586153
"7456_1",0.231630923532645
"12150_1",0.31109867998410645
"7718_9",0.7633169453173579
"5787_3",0.3148507401296123
"12162_8",0.6620367407546992
"11670_7",0.45161718433824916
"1784_8",0.5823861770667523
"7483_8",0.6638642209967319
"9564_9",0.6799604919142445
"10832_9",0.5324624775099838
"12230_1",0.20131800768746833
"2291_8",0.822924662943335
"8416_3",0.5004971668298867
"9486_10",0.6944001525052858
"8153_10",0.7360505828715573
"5164_10",0.6811491514889038
"6347_8",0.7153269128207255
"7773_2",0.3910716613769092
"12215_1",0.2982569315149066
"10039_8",0.4249160774880141
"9803_9",0.6993756778376846
"1589_1",0.2753024916893534
"1615_9",0.7650450669349333
"119_3",0.21928321927066302
"623_8",0.7998756162922624
"10427_1",0.3820545848016571
"11697_4",0.4063117299816201
"6168_2",0.24740827195078322
"2658_3",0.276728179988693
"1841_4",0.24707437856774747
"10572_1",0.3925842298449889
"6964_8",0.31036607145468814
"5172_1",0.36295890561278504
"989_7",0.5124772388809055
"159_10",0.8034117324944002
"5240_1",0.19281921608716532
"11777_1",0.20368454589534424
"8350_3",0.24873062318492978
"2565_1",0.328988127787161
"7694_10",0.835371956017071
"7759_1",0.37010605761749543
"3003_4",0.3777151569718769
"7128_2",0.12247114786487494
"8147_4",0.26426883594405587
"6595_9",0.5553932777034125
"8949_3",0.49687070005280576
"9848_4",0.39656449435908975
"7496_8",0.6220371376046818
"11857_10",0.5642584940158856
"3237_1",0.2757288495937143
"5404_1",0.3339398119933802
"10699_8",0.6310173589880794
"6138_4",0.3356980970240942
"909_4",0.5780743934751377
"11833_10",0.7946746036286763
"11817_10",0.8773767158419868
"171_2",0.45911288122218175
"2517_7",0.4602057953784285
"10307_7",0.5353595368986446
"370_2",0.4029183979085203
"5995_8",0.6108588175182142
"4612_1",0.33823628035240916
"6561_8",0.5640036434058545
"7454_1",0.15460535770522082
"2951_2",0.3098766681204649
"8860_1",0.24190812696724842
"411_3",0.2356310391985381
"664_3",0.20023197130396725
"4345_10",0.536919545725456
"4452_1",0.4822538976608888
"2833_2",0.1352584725379472
"10374_3",0.45297679860542966
"9322_1",0.3315265047586266
"9923_3",0.3011310565210969
"8687_3",0.13719679694423076
"7567_9",0.6904488398203839
"137_3",0.2687675811844758
"7872_1",0.16741885743095808
"6968_4",0.417366666451306
"1540_10",0.6497323965352809
"9157_10",0.5972400747458682
"4102_10",0.701428298838247
"6645_1",0.568753510922048
"7630_10",0.44764782295908156
"3958_9",0.7553537540739721
"11437_9",0.6869325552400576
"6982_1",0.40646508580972635
"4870_2",0.5027315215321043
"3545_7",0.6818029997409866
"204_1",0.18900577257918758
"6844_10",0.6116190923161396
"4736_1",0.22149892428771334
"9120_9",0.6221477193476297
"1608_1",0.18915572886394982
"1251_10",0.7410479256099325
"12315_10",0.7687536056069918
"11754_10",0.8268414831536269
"2399_3",0.4390625020000289
"11499_8",0.8274718123671575
"3870_10",0.7092844716818358
"5503_10",0.695365146825444
"4045_10",0.6894953029123867
"3063_1",0.34151100671139606
"10914_7",0.45389292465660036
"8509_10",0.5935094881680251
"5872_1",0.13966428993253943
"5729_4",0.3204515340735123
"10865_2",0.327139325248641
"10218_4",0.4249471104009556
"2096_4",0.44676227145606595
"11344_1",0.28629534385581296
"10623_2",0.32424584218775465
"11241_10",0.6381411774638686
"7254_2",0.4363732257582748
"7892_1",0.12978544549809362
"3472_8",0.6099765087528002
"11637_4",0.4329894415213655
"11853_9",0.7096140113621533
"1096_7",0.7266181990013634
"8508_3",0.37177571716941726
"9400_10",0.8807742441470858
"1128_10",0.6658279420299746
"5989_10",0.6914685748328859
"8021_1",0.11655367962014394
"7860_10",0.7372321152384785
"1131_10",0.5083053094837656
"5589_1",0.4120834710185391
"5662_8",0.7471778060556413
"2161_7",0.5970199706586544
"323_10",0.7302324686578987
"2431_1",0.5048626366244506
"10147_7",0.6039072497444055
"2956_7",0.5804241798148996
"12005_3",0.41712773020808974
"477_2",0.28364829441627476
"202_9",0.7865856642459266
"5710_10",0.8703632339130883
"2262_7",0.7803464411022141
"7103_8",0.6408850418045721
"10237_3",0.39517551797771916
"12151_1",0.22978335595376284
"7485_2",0.1656005307647598
"2438_10",0.6563494690495413
"4069_2",0.22576054341734433
"5593_2",0.17035318756420287
"11163_1",0.31927200836849445
"6754_10",0.8773267201856254
"9147_2",0.30722394886684906
"9614_10",0.7938082634492938
"4427_7",0.5921288790091604
"1382_1",0.20562700335007397
"11132_7",0.5902010176904448
"6371_3",0.24333696856226342
"11221_4",0.3333640065685758
"10071_2",0.41517874323619125
"4936_2",0.3758806958308918
"1797_3",0.4369422191679663
"6692_4",0.507634709949862
"5816_1",0.4215863054316129
"6163_2",0.2626719237804822
"2042_8",0.632691596246158
"856_3",0.30402655477125734
"1233_10",0.691911574239999
"9537_10",0.6373697385823658
"9504_9",0.5498535799634165
"788_10",0.6458523097661689
"3399_8",0.6765804697732201
"7142_4",0.17100257268813804
"10371_4",0.42698875818534027
"760_7",0.6388476848740914
"3614_10",0.682848674936391
"3314_1",0.42748892271022776
"3447_10",0.6110543481617545
"12240_10",0.45282879085943023
"10083_10",0.8041122431843962
"9936_10",0.673623113557887
"7651_10",0.7898295157538473
"1470_1",0.25729080954282507
"2703_7",0.5753178338928054
"5637_10",0.7125799255897852
"6102_1",0.40562454782115326
"8991_8",0.6021345423147476
"9606_10",0.6486439526332552
"10568_4",0.2702799023986885
"7126_10",0.49282982003164955
"4203_10",0.7394051137309262
"4486_2",0.13872610021794948
"3408_9",0.723227822926662
"2867_8",0.764699607655046
"7338_8",0.6972983717005107
"8065_4",0.22025450089457024
"2510_3",0.2833556333966813
"2110_7",0.6133022992706759
"4097_4",0.42338427865490175
"7484_8",0.4453870265028164
"5789_10",0.6756507108208321
"8070_2",0.14218232794479954
"867_2",0.1251824588444484
"1364_3",0.382904516589722
"10654_2",0.1914329690561046
"12417_4",0.551124483653006
"10470_10",0.7116534442463548
"6544_10",0.5081809526788228
"8904_8",0.5886092382198753
"10282_2",0.3305600398775892
"497_9",0.6846332952831617
"2659_10",0.4875285005230008
"9609_7",0.7061533320868539
"3010_3",0.5386939380248319
"9134_1",0.19747191942524306
"8990_1",0.43888487908715157
"6960_4",0.3293433676199745
"9566_9",0.41991714601020796
"7923_4",0.3616236555990955
"4542_10",0.6781956731321083
"7185_3",0.27798583511756597
"1918_10",0.8065904555694111
"2316_8",0.46474752713134126
"5846_10",0.7436837583545751
"1023_10",0.750254985749879
"7141_7",0.5019568348262927
"3724_10",0.6190019009802917
"3617_2",0.2038842679413377
"7095_1",0.20449625474593705
"12201_10",0.6853108864802633
"10309_2",0.3399128854780563
"5584_8",0.7597930615964814
"2063_10",0.6657359127743552
"10874_1",0.21562974173972918
"4084_2",0.26338117507632214
"2765_1",0.2664500354807927
"11390_3",0.33163154794666466
"4676_1",0.4035365227079224
"2130_7",0.35875149675560986
"12032_7",0.43186020528611446
"9671_3",0.18395871140105763
"816_7",0.6106914945772359
"11320_8",0.5043909448814279
"1458_8",0.8083102305012579
"1938_7",0.619931791790979
"2861_8",0.5610636306777883
"5768_9",0.637775521934278
"5049_9",0.6524821175586003
"8083_1",0.5106729509239207
"4825_1",0.1937839256340334
"1740_9",0.7649630444870209
"3034_10",0.565240339387866
"9977_7",0.5141718229022721
"8459_10",0.7043903539961393
"1103_10",0.5153116604899513
"3783_10",0.6274355354289882
"754_2",0.42510836364146765
"5580_10",0.6688254831525259
"3472_2",0.3901419908566962
"2640_3",0.3349462403039178
"5400_2",0.27858755389264966
"5881_10",0.7102636114831582
"10970_4",0.6069208991376237
"8842_1",0.2654511701501291
"5336_8",0.48224577164282656
"1398_1",0.5244585987890237
"12310_10",0.7511115513473093
"6012_8",0.6915048108291117
"1508_7",0.4861939967983531
"2981_8",0.6624681088575748
"576_8",0.6074253060827822
"9683_7",0.5452581591944046
"10336_1",0.2925630608898709
"3345_3",0.3638194670339161
"7683_7",0.5583301945991793
"6366_9",0.6533716905254875
"6741_9",0.8173788502947962
"11396_2",0.5101964573065977
"4964_10",0.6514228526002772
"12285_10",0.6625322058758795
"11018_9",0.46836344148416226
"3902_9",0.6169963600776536
"4147_8",0.47881203116005405
"1748_10",0.6394978876426989
"10084_3",0.41388398497874185
"3265_7",0.7590766821042395
"6160_1",0.3517687416857254
"2984_10",0.8275684253401566
"1305_1",0.24413841740911915
"9075_4",0.5687627369258784
"11710_7",0.6570430059378618
"2443_10",0.7454651019645284
"938_10",0.7171381992864544
"1392_7",0.493731649907913
"10406_8",0.5955980738247397
"4302_7",0.7259876603449469
"2836_8",0.5831072967369424
"2365_3",0.33019624720946283
"98_1",0.4293348430486795
"8325_10",0.7384493603969129
"300_9",0.6526729356858303
"7667_1",0.5264958708678027
"4313_10",0.5978314371340395
"12450_3",0.36940509719371634
"8582_1",0.37167975037180023
"11325_9",0.5459748194060171
"8482_1",0.44491244559954934
"7304_8",0.7462994955812553
"9439_1",0.2342714778631612
"2656_10",0.7267984738454966
"4306_3",0.4912794392337019
"10079_1",0.1540098535216044
"11172_1",0.34616623279717834
"6095_9",0.7426423974865561
"5698_1",0.28118214279569603
"35_1",0.5975025361834098
"6043_3",0.26295712681516514
"2261_1",0.14556171589056605
"4784_10",0.6725813254133505
"10936_7",0.5116582037968649
"5316_10",0.7460764112846927
"8361_8",0.7142224936666993
"10373_2",0.31102390212267267
"500_10",0.6979643165660668
"371_4",0.3762269463574023
"3434_4",0.26022616386446834
"3654_2",0.2941310609940651
"11280_2",0.4558552761340902
"6542_9",0.8143055021155065
"10313_10",0.7680144336750526
"7267_1",0.3856399946241716
"11897_3",0.5166461253005062
"7321_2",0.2746596508508172
"1516_7",0.59268934083305
"1640_1",0.17067917556186382
"9456_10",0.47509168637487587
"2769_10",0.7053594870546689
"6280_7",0.7288743038523106
"12399_10",0.5795878997339289
"6206_7",0.5993668374957241
"8836_4",0.38397909648311646
"5254_9",0.7329692101577651
"10903_1",0.26391794922322326
"3966_10",0.6505278989293918
"4048_10",0.7333853795998028
"1528_9",0.5714398206325901
"6219_10",0.6707046436209181
"8280_4",0.48599193683094877
"7974_10",0.6562273811386927
"6956_8",0.7429959995299322
"5975_10",0.7729865072648683
"6759_10",0.5570663699329326
"963_2",0.43356723987714485
"12158_10",0.4598935435664894
"148_1",0.6167874965533825
"8831_1",0.3827903709132326
"11556_9",0.5016004858997319
"9038_10",0.5677930360147745
"4421_10",0.7632942575036276
"5236_8",0.6695706220295895
"3753_10",0.6997554420411648
"9334_3",0.44780843463134484
"2444_4",0.2553336285702486
"2890_3",0.2735274235368821
"9132_9",0.6124137246250101
"11413_10",0.7187373866163728
"3424_4",0.2757325431338814
"1258_3",0.4338585138619291
"5277_10",0.625186927347983
"706_10",0.8493810143145477
"3527_10",0.7075408618888985
"4081_9",0.6402310499596308
"3895_2",0.41031813899594827
"11528_2",0.27877473678664877
"7285_9",0.7852780162300345
"12339_7",0.45844675897275644
"729_1",0.3737703257233329
"6291_1",0.2901299235014571
"12296_9",0.5016004858997319
"5913_10",0.8073758171914639
"7770_10",0.8003154516791596
"9546_2",0.11492265875952587
"2383_4",0.7119166478858785
"6802_7",0.7063674023609141
"5445_2",0.42158935490847604
"687_3",0.32816596754316846
"9982_8",0.7124128992983239
"11830_10",0.49787009943266075
"4271_1",0.2818082644284053
"7279_10",0.6448651573112385
"1599_7",0.24025922006108308
"10880_10",0.7046055941661818
"2838_10",0.5562801462128955
"4234_9",0.7024016294868372
"7674_2",0.3175667236110665
"6156_8",0.6717076314111754
"11657_4",0.33946062607185923
"11738_2",0.2800344232407406
"11962_8",0.579820108148287
"10966_8",0.6624118801836405
"6421_1",0.13318437242417897
"1476_3",0.33614312524232126
"7022_8",0.8210304693908489
"11500_8",0.6717880739564535
"6263_2",0.06408665176478122
"8989_9",0.6973099565149052
"2395_9",0.5777790823270803
"9311_1",0.45238285055321803
"6386_4",0.2223028452051005
"91_4",0.4224848190782467
"3759_3",0.34408785750373744
"11766_2",0.44850430568348393
"11290_7",0.6988250346574786
"5627_3",0.3354390184573979
"3278_1",0.3426208162265892
"9682_9",0.6962513809296419
"11894_1",0.21079104006485655
"10387_9",0.6563746610804992
"884_8",0.7837509722275645
"8408_2",0.352528678681213
"5772_2",0.40333355434777257
"11422_1",0.3549357430262204
"9709_1",0.304512122990321
"701_8",0.6000712167679294
"2721_8",0.6452960736771737
"4875_3",0.32552437776868703
"6356_1",0.20988028367839223
"7446_3",0.35409052160617327
"2440_4",0.5103431855054409
"9732_1",0.20268639267883418
"9109_10",0.7330092277765167
"7578_2",0.587195866941735
"11017_8",0.6380691202035986
"12498_1",0.1774402778586093
"4942_2",0.36659094301798395
"4939_10",0.8036412173106854
"8451_4",0.4926961538282077
"6274_1",0.456826883314957
"11635_4",0.2635417862591997
"8931_1",0.3923601958994967
"109_4",0.4832881269400256
"11744_7",0.7305991793996005
"5351_4",0.40356529864241025
"1120_9",0.7573048677690537
"10494_2",0.3031399828727076
"5317_10",0.7091932984999266
"6139_2",0.38582174716578393
"12322_8",0.5642069558930918
"11239_3",0.37187337206163806
"4815_7",0.5876512712566297
"11979_10",0.47679828215759473
"254_10",0.7573125351426598
"10286_3",0.4156360796005929
"6457_10",0.8202591955319684
"4662_8",0.7036951810554942
"6298_4",0.44464677587782536
"2704_4",0.6467485949936146
"11313_10",0.508239875525103
"187_10",0.8322773777574451
"1166_1",0.22107440149794544
"12126_3",0.17003794650070628
"1813_9",0.5416664038688679
"6282_10",0.8090879123054663
"10525_7",0.5659195279264089
"8887_1",0.19409763537134214
"11605_7",0.40252588574079706
"6533_1",0.22042814994820448
"1210_8",0.7067396515908259
"11904_8",0.6238730968250465
"10659_10",0.6661985991309686
"7004_4",0.35196111251618284
"10260_10",0.6995415796188504
"11997_7",0.42835249733217146
"7850_4",0.5322225355486413
"2085_3",0.39066818600165576
"11839_1",0.2124051177744957
"419_9",0.8583600588469384
"4157_10",0.6043393397643116
"8253_8",0.7204690357029719
"11268_2",0.24088504830478283
"12119_10",0.6421526118180377
"10259_10",0.4514402662573923
"978_1",0.40908876203072975
"6848_4",0.46213817257840284
"9368_4",0.3766516546033293
"7863_9",0.6845988797010008
"4157_3",0.333511007129448
"4184_10",0.5811654996562661
"2888_1",0.1832664166451904
"8073_4",0.3142525099233825
"1755_1",0.4157973424521866
"7688_2",0.38975851638445713
"5966_7",0.6596633971792174
"10673_9",0.5988911803928101
"4110_7",0.45717104429320793
"699_9",0.698069843123133
"9240_2",0.4272205626128843
"3651_10",0.7562630748305424
"3933_7",0.6667477902232442
"2960_7",0.6433322594609845
"10664_1",0.19848539614667318
"358_9",0.5948658887405941
"11200_10",0.7210741798693301
"4471_8",0.7154543023108747
"11661_2",0.37809696049112057
"12304_1",0.34334763270660135
"2442_4",0.488577746994409
"7134_9",0.6865127295718675
"4214_2",0.452511646260032
"4869_8",0.6615497141611046
"6372_1",0.5900010215141255
"10236_4",0.4148197511394655
"12189_1",0.5543526347569623
"9715_8",0.6284367463581866
"5751_10",0.6395406694980658
"166_7",0.40177691501086493
"11889_2",0.43912723236609363
"5098_1",0.596518811903541
"8126_7",0.8191735390900932
"9302_7",0.6145048911079096
"10430_10",0.7626703568659287
"445_9",0.7316680193544017
"4550_10",0.7394897706642577
"10995_10",0.622915601251811
"7154_1",0.15937362435322017
"3983_3",0.23297115434843682
"1446_9",0.7625172647388486
"865_10",0.6023763284847755
"3012_1",0.30479965027470746
"3562_3",0.34344313442641633
"2551_1",0.1604731989778506
"6440_1",0.4599258147000629
"10241_10",0.789739188233644
"1542_7",0.4245636498963368
"1405_2",0.23748362371136947
"11835_10",0.7340365912877206
"4023_3",0.35706803096914863
"1287_1",0.15882267772797276
"11059_2",0.2823639735766347
"2583_8",0.6329917949452017
"1550_2",0.3959042302967276
"11382_3",0.3027172541074374
"5567_10",0.6928923254801788
"11033_1",0.31354870011088165
"5543_1",0.18844982802904833
"8631_10",0.5724663576433116
"10871_1",0.0676627098199346
"6955_9",0.8306261959096252
"6254_4",0.4420801586582413
"2179_4",0.3608998250270462
"7559_8",0.7539016748851628
"12431_8",0.7256475871630528
"279_10",0.6823901315453805
"2127_8",0.7298352422081527
"3803_10",0.5476525990597262
"12200_1",0.1598635104530968
"3480_9",0.5136447456531111
"5156_8",0.6132553600581079
"1718_2",0.2034765684935947
"12145_9",0.8022073365312139
"1560_4",0.5357747006984435
"11646_1",0.20721389227180723
"10378_4",0.347226106801491
"8281_3",0.15037123610691006
"10393_9",0.5952103920341582
"1402_4",0.5005901350015134
"3958_4",0.24569013797435985
"3676_1",0.2219600968438519
"3709_1",0.20908774046338252
"10668_7",0.6150742007695598
"11972_1",0.28272129040617555
"4842_1",0.23942285258924306
"1889_8",0.5990438008114517
"3990_1",0.2590720077739042
"6467_7",0.6514642705747816
"5928_4",0.45703298859282365
"4639_10",0.7328162849478675
"4748_8",0.8353019673647625
"5417_10",0.7250652531251512
"2351_4",0.2542124112080279
"4365_1",0.2887116579616449
"3591_2",0.2642996634370353
"5914_10",0.5999130947518552
"8099_2",0.3534510233748768
"5510_1",0.17014083174748496
"314_10",0.7987275709001936
"8544_10",0.5034584446546049
"3799_1",0.36040054269383986
"5650_2",0.2541093544164784
"1646_7",0.42496119571873414
"11586_9",0.7228947410036678
"2389_9",0.7345321694674931
"908_3",0.2850532526047441
"654_9",0.7231856681502407
"6323_9",0.5859659267906528
"3014_7",0.6081256201003676
"11312_9",0.5842440436850962
"5457_3",0.3749163331546713
"6071_3",0.346642544999436
"12459_1",0.13893883347177577
"8639_4",0.27323668408836965
"3600_8",0.4710274062704169
"9052_3",0.39569420413010953
"528_1",0.22061151064490808
"7692_1",0.41036951158958895
"6885_3",0.375162337483586
"11395_4",0.6670405303903338
"11763_1",0.5148890770272027
"3631_1",0.3113858860766633
"4296_3",0.5103503054602402
"4810_3",0.36098252888862403
"6660_2",0.2943393846156028
"850_7",0.616505756238431
"6731_10",0.5894770969452483
"12129_1",0.1961878140834768
"11525_7",0.587453761242769
"5782_10",0.6396607276142184
"4613_2",0.34035584943398745
"4460_8",0.639245524020221
"2992_10",0.7060997832098098
"570_9",0.5884538723362275
"5908_4",0.44120893055503035
"4677_4",0.3628468366076586
"5791_10",0.6768322796822843
"5718_10",0.7711857509888163
"12453_10",0.6002877038662872
"8364_8",0.6492610829865745
"7761_10",0.7064366854562598
"3459_1",0.3004426588534199
"9169_1",0.36593167452506176
"12022_2",0.5096545998058513
"10869_1",0.2893152309993349
"4997_1",0.09336731897324266
"2430_8",0.6290775929577989
"5011_4",0.32654615844054324
"3011_1",0.2843546309799576
"8425_3",0.352230469246404
"6517_8",0.7014358197154282
"9300_9",0.6874698814563815
"840_8",0.586704515505453
"2662_10",0.8101095953259235
"2724_1",0.2998258329382267
"5654_10",0.5320887605163749
"5574_10",0.6271410953656232
"5606_3",0.2403825052780964
"7717_8",0.5023033877431665
"11202_10",0.5650981012747883
"6889_10",0.8242134185963544
"3712_10",0.6845435533045456
"3042_3",0.21740734417312566
"7858_8",0.6477524998032498
"4902_8",0.8272468649027439
"11885_1",0.2619960630679842
"7582_1",0.37090482635104227
"8450_7",0.5849248153075577
"9368_9",0.7042307530557712
"7616_8",0.7795053986553295
"4443_3",0.3354408924242944
"2344_1",0.17585303390593884
"11861_9",0.5803356238876874
"7738_8",0.8131999724083321
"327_10",0.6150604077702282
"8175_4",0.2734800906794249
"10189_10",0.7155245755452369
"8691_1",0.22672925128105073
"12236_2",0.1948358641578229
"7341_3",0.601174788903474
"3261_1",0.15999820484351293
"8809_4",0.3254600817639179
"3735_3",0.3531418645773836
"9339_8",0.5685742020480417
"8242_4",0.5746664907806904
"6787_4",0.5909426245029512
"4379_4",0.3010391639757778
"5967_4",0.5975938483531671
"5568_8",0.5190486399582349
"4579_4",0.3629401226357926
"7066_1",0.34836633618092305
"12323_1",0.2768041216280445
"2673_9",0.28665444775942994
"2639_7",0.6275526039264153
"8323_10",0.6823643346126456
"246_10",0.8260098125391027
"653_1",0.24262987310757758
"2407_1",0.25623739578771126
"2795_1",0.1033286932974716
"11793_4",0.5005773130457893
"2848_4",0.4546399344507157
"6040_4",0.42711859640800093
"9388_2",0.3061138055442125
"909_10",0.5687146397114841
"2567_2",0.4020452632500499
"4473_8",0.6526534559098514
"4451_3",0.28943100610952427
"10296_1",0.42742950409529556
"5111_7",0.4365832070362804
"8281_9",0.8174438339732962
"4957_8",0.5481793778481653
"8249_1",0.5030353505669539
"1572_3",0.4887694646721553
"5718_2",0.5225337667957091
"5959_3",0.4718819672534843
"3013_9",0.7274150285545161
"3544_1",0.2652880515014054
"11250_10",0.7461645778650847
"5162_9",0.6372316147043884
"8872_9",0.6156431027427001
"11122_8",0.7298304907365545
"991_4",0.3846232804216689
"6322_9",0.47304620286196664
"7065_8",0.6805530887904013
"9704_7",0.4939800132876413
"4317_9",0.5505639052324078
"11622_10",0.7065870542947296
"10725_7",0.625332082926908
"6549_1",0.11062281784891315
"9062_3",0.44999625239614627
"10253_7",0.6923620993706805
"4035_9",0.6572964974915466
"5437_1",0.357473905622526
"1779_1",0.21055838273273725
"8740_2",0.1016653026867532
"10175_7",0.6418527108479921
"5331_4",0.48591106198189893
"9506_3",0.3216067649147201
"11199_4",0.3026443554801051
"9948_2",0.3733371515524209
"252_9",0.7353128255659033
"1094_3",0.37351165663691926
"9145_3",0.4270930481636901
"506_8",0.5367207888905328
"7126_1",0.26153123204894707
"3317_1",0.26351439432170826
"11439_4",0.3536072174285175
"6583_1",0.35521833691763094
"2805_8",0.7343846510410951
"1841_10",0.5868480047806378
"2698_3",0.30576967574250036
"6956_4",0.3475001766134814
"7664_8",0.7420406554438099
"97_1",0.3009509192413714
"4588_9",0.4896077871427287
"5220_1",0.2731788029696869
"45_2",0.18915991718143702
"5812_4",0.4118422124935573
"6625_8",0.7244884202309261
"2816_9",0.8126389490841276
"11463_1",0.192663164840482
"158_9",0.6627711392520736
"6633_1",0.24798886601721737
"1184_10",0.5162432269819147
"3967_1",0.34548412552179064
"6653_7",0.6237813566207894
"6093_1",0.18657932977265623
"2932_7",0.5625127628620271
"1522_1",0.32213230881810884
"2529_1",0.35565262151187244
"1475_1",0.384434965266061
"2027_8",0.6679960310748658
"1854_1",0.2554840851610859
"6269_10",0.5426224460862688
"2184_7",0.5754707310224683
"4923_3",0.49389938751190693
"10827_9",0.7831567724643926
"10885_10",0.7953931526992254
"3281_1",0.20917445136138132
"1468_7",0.7064889334096376
"104_1",0.21126387965163546
"3898_3",0.2813955106389566
"10973_7",0.6657868741741791
"8900_7",0.6474491142961473
"10735_1",0.4077641106045674
"4992_1",0.11706196621353225
"368_8",0.8158267593572296
"6709_4",0.10920053288265012
"10453_1",0.3607549505748666
"139_4",0.5169526009276695
"12079_1",0.13843336957520397
"7001_4",0.3890363721778621
"10533_3",0.5140730407867984
"2307_8",0.7200923399287747
"7241_9",0.6717348723141172
"7717_3",0.2646072695519695
"6223_2",0.32518261928818465
"9500_2",0.11478941808795573
"669_10",0.4689961051416863
"1596_3",0.481389953197368
"3576_7",0.614700854719276
"8263_8",0.6931589505662413
"6832_4",0.39979561248032985
"5158_9",0.8104684896039722
"5899_10",0.7107845806279208
"5794_4",0.5609075973721606
"8854_10",0.7500238689489561
"11036_7",0.6108148892724743
"8803_3",0.4559520961548309
"5733_4",0.25023801412511865
"5268_10",0.6456701495641628
"12297_2",0.33606814418051384
"6862_1",0.5551266706120384
"5515_3",0.3250614059837517
"3382_10",0.6961650144860451
"6738_2",0.11451018339196324
"3832_1",0.2821153954788486
"10210_7",0.6682083372562723
"12080_3",0.34782699726548916
"7748_2",0.36408408755225036
"4788_1",0.7599755866931769
"182_10",0.505159636613369
"4478_4",0.298791932658282
"6544_1",0.12438097336060425
"2705_7",0.6101549922388134
"10334_1",0.1786481992695211
"10374_10",0.6710479569731246
"2031_1",0.15906325516418426
"4671_7",0.7508860092291683
"6231_9",0.4226582142639673
"9077_3",0.3497769456106518
"6381_1",0.3749636072291959
"216_2",0.2137470884756085
"9956_4",0.4094383106652746
"10882_9",0.5347253297321017
"6192_10",0.5259322820668502
"10442_8",0.6697935594004636
"3199_10",0.5708863244640278
"7649_3",0.3753790830391878
"1793_9",0.6322196464094616
"7987_1",0.413067779538752
"1678_1",0.3451944118126572
"8176_4",0.41657255323932924
"4674_2",0.3549108578715178
"5751_3",0.5875628021082278
"6904_9",0.6885694830748375
"8869_1",0.1923458163620192
"6844_2",0.17251938245588408
"8744_2",0.19419976464009908
"5430_3",0.4265100252535604
"1556_9",0.6853616483928859
"10830_9",0.7867102619194948
"5642_8",0.6554827275309106
"3337_1",0.21824832983590695
"5339_1",0.14703173236863037
"9198_1",0.24656377278041353
"5759_10",0.587383118272502
"10632_9",0.6216608990265756
"2067_9",0.6604866066630235
"3442_10",0.6414429520770066
"3341_4",0.46805822318825185
"9055_4",0.5016193892275033
"5793_8",0.6830948814572972
"896_8",0.5902256219511681
"1804_2",0.25442837768449744
"1134_8",0.7458152312965287
"5532_8",0.6357016469112455
"2453_9",0.631735573544045
"8113_2",0.3238629628864525
"12046_10",0.8968516657206193
"11873_8",0.7042003340941909
"4525_8",0.6067482280150556
"10377_2",0.42555860638355897
"2008_1",0.31629224088692887
"10288_1",0.5338614010078686
"1083_7",0.4824791338139517
"2415_2",0.5798844802214813
"6688_9",0.7753680821322217
"4448_9",0.6313990214863241
"9407_10",0.7239581080558667
"3976_4",0.4776838420944419
"3930_8",0.672659068229408
"3950_10",0.6046491280498136
"5645_3",0.26684589038287476
"6064_9",0.7143203145076207
"8064_1",0.2422066349969154
"3643_1",0.23949399862428938
"10321_1",0.2232592557334292
"5858_1",0.38509105747361977
"8535_9",0.5353648703226195
"3643_7",0.4137151426351782
"10041_1",0.1652149571112489
"11014_10",0.6545123557081948
"11776_4",0.2301019728687824
"8227_7",0.8373099080185359
"11445_8",0.6369305303697942
"8756_10",0.6300834797766458
"9328_10",0.7820576702590788
"11734_10",0.6818441288529214
"10118_1",0.20196977227281665
"9690_2",0.35920184885405515
"7713_8",0.8096794611721873
"545_7",0.49954542383525624
"10603_8",0.6688824382740806
"5925_9",0.6566678244391595
"3105_1",0.10474165096620167
"10134_4",0.35917774660819224
"6354_2",0.35299456436075227
"9866_2",0.35661249186866806
"7553_10",0.8125695641531213
"11324_2",0.44299389531259475
"10532_1",0.4059512897670286
"439_1",0.26076872940051204
"11265_10",0.7290199681603072
"6568_8",0.7365164426941896
"9218_3",0.41136844610220474
"1939_2",0.24089316709758424
"4215_7",0.616149843265437
"9968_10",0.6022456292818417
"12022_10",0.5317769142455346
"897_8",0.32885049244711734
"7129_8",0.6468962927982926
"7414_4",0.260143115882204
"8118_9",0.5984010496460388
"6179_4",0.23727946935042726
"10124_8",0.8173451629241996
"7379_7",0.6882191725384185
"1075_9",0.7512792089259153
"2594_3",0.38706043365680554
"11482_4",0.3069682670398942
"7675_10",0.7140423305373128
"3127_8",0.5435347505803552
"7440_10",0.862131505127768
"10215_10",0.5711713098949532
"5098_10",0.8944684144792447
"10534_2",0.18625056693279687
"12364_7",0.5070351937772116
"5191_1",0.28736426266333903
"4179_9",0.5918183050930992
"1433_3",0.3880657499955231
"12177_8",0.6315626159407849
"9519_8",0.8480871688709987
"5781_7",0.660978113307513
"10031_8",0.599950153771729
"2631_4",0.33736805751266474
"195_4",0.4867594828630915
"11432_7",0.7307565599389397
"3952_10",0.7695130139472023
"5805_2",0.36636679955335905
"5555_10",0.742352136368166
"7161_4",0.333620598897662
"1399_1",0.37864695573319357
"8332_3",0.42139434856144803
"2132_2",0.3208244108765794
"12031_1",0.5058776548474334
"8480_1",0.22465526984964065
"11103_4",0.390041883956015
"12124_3",0.4956160603224835
"12072_9",0.6122477659415422
"9371_9",0.5245983647707771
"2144_4",0.3210573466338318
"5668_10",0.7850158328650825
"11790_10",0.7135041709060559
"6933_7",0.51925160329155
"4932_10",0.7685069987149022
"216_10",0.6426909496721983
"5862_7",0.6419483211572424
"11669_3",0.3829113192607233
"7488_4",0.22760640882933658
"6402_10",0.6383724040689309
"3244_9",0.6522313024374744
"5108_7",0.7261198255573297
"10854_1",0.2609856571466746
"3404_10",0.6793287444415624
"4282_7",0.36487909110351835
"483_10",0.6731652402113381
"2110_4",0.2993540676710911
"6199_8",0.643223782326339
"7942_10",0.6918993480335656
"314_2",0.21810460294719064
"6395_3",0.3288723871243831
"274_1",0.3301633928016004
"3421_2",0.2661628544833384
"4100_1",0.26216643409358187
"9232_1",0.3281351190520869
"7152_10",0.8503804097641822
"10721_7",0.8987861801518556
"3565_3",0.3885718386410631
"4223_1",0.3782423858172532
"3543_10",0.5952147178391711
"1256_7",0.6992313867414673
"6567_2",0.1929801832188074
"10658_9",0.5756421112210788
"1381_1",0.5221286263386125
"2591_1",0.18775466025027898
"4775_2",0.477271354863509
"1743_8",0.5755778661006273
"3004_1",0.397178431542005
"11712_7",0.5580229839408783
"2966_2",0.19136887894802204
"3139_1",0.23803977597401105
"989_4",0.4049416236105608
"2141_1",0.22823710944784348
"8224_1",0.3972881406808352
"10222_8",0.57243089319822
"6540_1",0.3559754897593317
"7427_10",0.8224944875948713
"5519_1",0.576223731486426
"945_2",0.3560726397019809
"3996_3",0.1993757363497748
"10202_9",0.8103146511384185
"1328_9",0.6741724857381499
"11425_2",0.3812277699748676
"1252_4",0.42442517123825363
"10086_1",0.46489132503980063
"3946_3",0.2674112914699432
"11834_8",0.7462987336038632
"10710_1",0.5436594731793751
"1858_8",0.5832021254779919
"1532_10",0.7448361447640394
"7082_10",0.5408266891818477
"9813_10",0.5430355334524635
"38_1",0.21736611451154356
"271_4",0.4036677696936643
"7184_1",0.3351840251753161
"11866_10",0.5992326220249633
"5983_1",0.2078683561097273
"5026_10",0.6333095019529853
"9030_1",0.09744734885440191
"11133_1",0.18942257037926655
"10130_2",0.31451120165084645
"8357_2",0.43012874452679045
"9824_1",0.448454784554448
"7264_4",0.4499160720851126
"12449_2",0.16020570339806708
"1735_1",0.33002383044702827
"618_7",0.5643748694487668
"6421_7",0.6034068032956468
"6294_4",0.42617590945706896
"2174_2",0.2019138112259208
"5985_2",0.21835165312386126
"7121_10",0.5998065365966884
"7912_7",0.6729485024658209
"5015_1",0.41645249418143365
"6476_2",0.26502574141473945
"9954_8",0.5690471179002597
"10122_10",0.7271203756931001
"9334_9",0.7537809155593682
"11751_3",0.285872885206843
"11607_7",0.7583890540366756
"11310_10",0.7415172076533924
"300_1",0.34317818705273345
"6520_4",0.16620779905654304
"6735_10",0.827523814218949
"10008_8",0.6177018949878275
"7817_7",0.579601202013054
"3634_10",0.7939391018264427
"5927_2",0.23977796095027604
"3414_3",0.11177518338754909
"12266_1",0.3390341768399738
"11276_7",0.6230656436770402
"5478_3",0.446183440676179
"6992_1",0.16516096102082384
"8039_8",0.619294014309172
"11491_4",0.5676778701596885
"7823_7",0.7582713819831375
"8662_9",0.6829521091018249
"9921_2",0.36370443249012224
"2058_9",0.6809365532267962
"3321_9",0.6012281406884433
"8634_7",0.6241238931073608
"2161_4",0.629383400728538
"3441_9",0.7159345323069536
"10096_1",0.1803302718130889
"774_4",0.2736047758591183
"12086_9",0.7131808362538073
"1968_8",0.48369186041602646
"3269_1",0.23149262517543928
"2988_10",0.7356898301862012
"853_1",0.24472436873058123
"5303_10",0.7974852695160367
"11628_10",0.6584019165504109
"7772_2",0.2583764323474667
"2712_1",0.13819124056879023
"7362_4",0.4016991359120762
"3681_2",0.21108304650508322
"2066_1",0.11303334995895063
"7089_3",0.534777995395088
"7393_10",0.3162335682434323
"7284_1",0.3722338601053095
"12199_7",0.6550653956127555
"3512_1",0.3887444033812106
"4349_2",0.4601292839353896
"11825_1",0.49224940473983136
"8351_3",0.29254936599189457
"467_3",0.31108402990286643
"2523_10",0.6399968718821964
"12078_8",0.6183468787317735
"1418_10",0.7272543611771692
"6552_10",0.7311955187137118
"10070_10",0.7536725444441363
"10031_2",0.282938479929879
"7179_2",0.24210433067662968
"4533_1",0.31484014333993654
"11788_10",0.8363944590710722
"833_3",0.40066719293229186
"9777_1",0.4251524039581849
"6930_7",0.3107965498462864
"2310_10",0.8088883445751164
"2924_8",0.6097146477581653
"7252_10",0.8494653455998128
"10216_10",0.6276815140796231
"104_10",0.598975930931024
"4283_4",0.3357725836564454
"6351_4",0.32805009313301964
"1272_4",0.4779147641103773
"11226_9",0.6977402895322392
"3342_10",0.7857027973932984
"3326_9",0.7257479231595422
"3541_8",0.7777818329928422
"8142_10",0.6469655332090801
"6491_10",0.5043065799909237
"2125_10",0.8316722438454318
"7008_10",0.7525683111263867
"5347_9",0.736998455049023
"8420_9",0.5775148115791889
"10767_3",0.503933612265217
"12094_1",0.18541959060699575
"11904_1",0.10785972365548296
"2635_1",0.10502490908024482
"4074_10",0.5519427305588885
"2470_1",0.44327765329242685
"5888_3",0.32117625612340656
"9164_4",0.48413455181064796
"11312_1",0.3062830956155087
"2588_3",0.238553275964232
"9177_1",0.28739493806137956
"10361_9",0.732059264579459
"9216_10",0.5750024071517589
"5754_3",0.5063362490298733
"12314_10",0.7277692072827792
"9044_3",0.37957894051367874
"5677_2",0.30940967317658746
"6664_4",0.40201900363613524
"2308_3",0.2898528280064102
"7377_3",0.6011756363316219
"9149_8",0.7477596648247109
"5244_3",0.3672493053600883
"10656_3",0.35854662868000714
"10885_1",0.24838029504330697
"4296_9",0.6286687289155947
"1770_2",0.2904297594968615
"4940_10",0.5657645666178281
"3984_10",0.6355947259433622
"2976_10",0.7306188851898563
"2767_1",0.27572195755909534
"11848_2",0.1978634132502054
"3096_10",0.5314911130868591
"9792_3",0.39344441831412974
"9785_10",0.26416520352952244
"10264_8",0.6068093319469466
"12277_7",0.6262417979665901
"8110_8",0.5351161421581677
"10396_8",0.5112596039835222
"3233_2",0.3635928104501696
"1903_1",0.21997054118209683
"4743_10",0.48001802730258825
"1417_9",0.722330325913525
"2662_1",0.30727680426236237
"11231_4",0.4650064127626544
"9747_10",0.5265669937659999
"27_4",0.4396822961796919
"3310_2",0.5753006083839135
"3212_10",0.6514146710829085
"5608_3",0.18659354496792824
"1241_4",0.34727832808302705
"5543_7",0.6792730950821986
"7945_9",0.6443266876679431
"3705_7",0.5921932138763928
"1598_10",0.4616353893343041
"4273_10",0.7579272137417534
"5985_9",0.6039891290299975
"531_2",0.25596733886570167
"6744_7",0.6492784654420638
"10270_1",0.1739736868922235
"11199_9",0.7658706026648235
"9755_4",0.5345731427128768
"12080_10",0.6331544910797183
"5600_10",0.8655181911963098
"12216_10",0.45405684622995074
"10783_4",0.6429843346677834
"3307_1",0.28244358443592377
"10954_7",0.5660211284324368
"9959_4",0.24350010034453848
"10223_10",0.8129649894471092
"12130_1",0.7817037940117316
"11939_7",0.4808050888611269
"12318_10",0.7741520060979954
"6204_10",0.7087684317414686
"2927_9",0.5551572190200721
"2779_10",0.6888754417537435
"3661_1",0.3726759587539483
"9068_3",0.2196781391534997
"1970_2",0.3736021510118843
"7539_10",0.7916998869620464
"9241_3",0.20967050443278146
"9350_3",0.3744675827930527
"7885_8",0.7214970912491426
"1078_9",0.6645239905494655
"6062_2",0.32461396810368054
"1215_10",0.6640796721897383
"1561_3",0.43945893051299395
"2159_1",0.3781571298752606
"8637_10",0.6868420731257917
"8375_4",0.33131010641087905
"2864_1",0.364783764580214
"186_9",0.6613663657138388
"1669_9",0.7209665360588663
"6936_9",0.6275816904213003
"7541_3",0.37073609009132663
"1515_7",0.37273539993258714
"5039_7",0.6494382505985765
"9269_1",0.23388265246174528
"4965_10",0.6396340354630107
"10028_3",0.28687056497154506
"3547_4",0.6403593001457508
"6070_10",0.755000400240535
"11334_7",0.664476806785123
"4980_7",0.6418595306705296
"5063_2",0.4643084139808796
"11637_8",0.5226948693451169
"310_1",0.39655116779396865
"9847_1",0.28141740078478
"4433_9",0.736359710064869
"4535_1",0.35528138687935307
"11209_10",0.5397187266753252
"242_3",0.3885786963101236
"6150_7",0.41177086848914957
"7499_2",0.20643401674352915
"10073_7",0.3814180015596276
"7352_3",0.1631110057915567
"6616_2",0.3360900811829563
"2148_1",0.37130911911872794
"322_1",0.25444811352312285
"638_1",0.1784007144223712
"3236_10",0.7304538475108647
"11913_7",0.5783349793444332
"7188_4",0.362005169717788
"3999_2",0.21764075148359088
"1397_1",0.35490690219502175
"11768_8",0.691355924857137
"10301_2",0.429902263720702
"7486_10",0.6467230406211493
"7915_2",0.2976888980076038
"103_10",0.6718965788284433
"2249_1",0.46131229645482136
"11559_9",0.7011969010702742
"11374_4",0.4944966420846657
"7639_3",0.2355433331322676
"11922_3",0.2756422762823208
"6068_10",0.8327991949245745
"7681_3",0.3777629875011278
"3097_1",0.24035960778837426
"10233_3",0.41561353098060466
"9111_1",0.2454891920862752
"7240_2",0.13820938660029497
"10394_9",0.5029341454957573
"792_2",0.4172918712497332
"440_1",0.16955616452328418
"11141_1",0.24758282114106273
"7488_7",0.6625442387343866
"2731_4",0.2641436403561385
"11632_10",0.47204911099349317
"7577_3",0.3364998354217609
"12047_8",0.5501113137504972
"7055_8",0.7274203323924271
"394_9",0.6687386980268799
"777_2",0.23462773410674376
"6460_8",0.7169460607428259
"10412_2",0.17110572240957592
"9910_8",0.584351248822265
"826_8",0.6465798474850784
"7381_1",0.34935234774551727
"1700_8",0.5735524726690113
"1131_2",0.3651888461887385
"6796_10",0.6319040518110682
"7084_8",0.48603392487955643
"5735_1",0.2735331560769862
"6290_7",0.6300503165127954
"10506_8",0.5959522334617772
"2276_8",0.7090895401741796
"6221_1",0.6403699599475109
"1404_4",0.31282805439552985
"1440_1",0.28559949645839144
"8199_9",0.6407808820464244
"1145_2",0.3535691105905297
"5546_4",0.4882723177587658
"816_3",0.6282968751545044
"10535_10",0.807584281278398
"2_3",0.2717573501905594
"6735_1",0.17334537148244059
"2684_4",0.15958608356594822
"1765_10",0.7259992818137779
"4346_7",0.5877565214437201
"1157_9",0.30495568361819886
"4216_1",0.14556171589056605
"3937_8",0.5585920905300682
"11140_10",0.6286403297130116
"1635_1",0.1721162061110106
"4457_10",0.754462427488583
"7250_8",0.7500965941125083
"3801_7",0.405956168703383
"7892_10",0.583352895719296
"11022_8",0.6130873246861608
"5856_7",0.5263790303591475
"345_7",0.5191423547275329
"10809_3",0.24491996007493974
"9474_4",0.2718111239432362
"5775_10",0.6395787045284644
"2845_3",0.3744712743873109
"1383_10",0.5094457766202544
"9171_7",0.6501325385002718
"10866_9",0.5555750724882224
"12161_8",0.514840299544727
"9118_1",0.430142570756983
"9122_8",0.7246221029926154
"5142_1",0.13413951034120952
"2798_9",0.6760380439687228
"2260_8",0.5009251295184188
"11677_10",0.6431939151695115
"2788_1",0.22431819268996517
"8896_8",0.7246264110304125
"7685_10",0.6127400169864107
"760_1",0.21752995003300618
"7811_4",0.34731001202679895
"1964_8",0.6768933835230941
"5059_10",0.58100098066512
"4568_1",0.23599526886262281
"7475_1",0.28357981408984523
"11400_3",0.2808997722902151
"6082_3",0.16377772273427937
"7961_4",0.3644254613951965
"7502_8",0.5003148630525678
"11351_10",0.7050728804887845
"9851_8",0.6710837012359563
"1172_1",0.35669244906930997
"1815_10",0.5439797288622366
"6218_8",0.5623568331784222
"9628_9",0.6555806821175519
"2312_3",0.2595560018708844
"5014_10",0.6209959931533906
"7845_8",0.7657643560344731
"4468_9",0.7464207746360507
"2247_10",0.7306690673495867
"4408_10",0.6820033821720236
"2957_2",0.4877757916574058
"4716_1",0.3153316934675116
"9909_1",0.2419739409579082
"8611_1",0.2851225937200472
"5055_10",0.5935503815386262
"5828_10",0.5832555609108964
"1147_1",0.19110889872922146
"11716_10",0.6483169343197439
"5289_8",0.7747075852894373
"5566_10",0.6456564547197752
"3389_2",0.28860156136524956
"6169_4",0.17424840313776271
"12019_10",0.5591165814391313
"4136_7",0.7152726760118835
"2421_3",0.3172540576671456
"607_10",0.743972318735167
"4084_8",0.5984629963140923
"7333_1",0.25758855776586914
"8208_7",0.36739838780895046
"2971_10",0.7277594977160055
"7508_1",0.34731500551587247
"988_8",0.7201918363663518
"1124_8",0.8572643376920955
"3658_10",0.8147550298202733
"5155_7",0.5621362001360655
"11362_2",0.5260162369107493
"8776_10",0.6595539864350303
"7294_10",0.6445696583256817
"10853_8",0.686794318851906
"871_10",0.7571200662482035
"11513_1",0.29635634710861414
"5605_10",0.5139827677669555
"1235_8",0.6243126705017898
"623_2",0.36208614674854966
"1271_2",0.5224113278464178
"7590_7",0.7196059655127592
"5075_4",0.26142156235585207
"6175_4",0.37771911801036884
"10629_1",0.20635515295812198
"1474_7",0.6348290822369403
"9077_9",0.48867953268198505
"11630_7",0.6934007689861733
"11060_2",0.19763838285923818
"664_9",0.7339911027613504
"4778_10",0.6958910768557599
"3535_1",0.1341947523315835
"1130_1",0.22887127815196595
"10718_1",0.1609620697659549
"3334_1",0.2894071775128726
"7133_2",0.2286598198435454
"12073_1",0.29472131572146437
"7877_10",0.7578252847175698
"12286_10",0.6073921478333273
"8675_4",0.32484562589763133
"8968_7",0.49805942037775175
"8118_1",0.10616365058054685
"12109_10",0.7883877531092918
"6476_8",0.6445077756281863
"12248_2",0.3250653544789076
"9444_1",0.2207687307088225
"9932_10",0.4984976598825039
"6863_9",0.8490219059486076
"7810_1",0.2975396370177101
"5463_1",0.25273170812767703
"8385_10",0.5467053947219306
"5560_3",0.28013058520330286
"12391_2",0.4843202997498798
"3644_9",0.5419633500109072
"1225_1",0.17884616578205292
"375_1",0.2964737815642838
"11515_7",0.6116333058055543
"3812_1",0.27150324121994973
"10747_1",0.4049119892582696
"8059_8",0.4857433478733195
"633_1",0.13362031337338065
"9189_10",0.6739117863507134
"11404_8",0.5016542792031745
"11871_8",0.578838473218361
"2883_8",0.831913342388524
"9048_4",0.3585852357962855
"1066_1",0.4480213737515943
"630_3",0.32143405623377336
"61_9",0.6858412597496333
"9264_10",0.6873067495336858
"5132_9",0.8377126040205027
"5796_9",0.6269420017501468
"11232_2",0.17695383359139935
"327_1",0.2581323319791398
"9787_8",0.6976624095987226
"7780_2",0.25174505193500946
"2533_2",0.21786613459138907
"7349_10",0.7761954537076718
"2593_1",0.6204342931827674
"4672_8",0.7982893949124512
"11191_10",0.5438195541425909
"1301_1",0.13736932779736571
"10632_4",0.31116959468040545
"10750_1",0.36752379260533086
"2621_2",0.2496231154421464
"12045_4",0.6277851785442166
"4276_10",0.8336087128857333
"9960_2",0.30808710929974176
"3307_8",0.5405328279054403
"3007_10",0.6801295170136862
"7204_9",0.47228334684761103
"3988_7",0.5900441320183228
"4129_8",0.7184515797907535
"2071_1",0.28326015201933835
"7310_3",0.41189206197157846
"855_9",0.6767572129323086
"5380_1",0.10531816780406797
"5067_2",0.24265109060353626
"6320_2",0.3452774913953615
"1019_3",0.27523108087386605
"8216_2",0.3865047839654555
"3814_7",0.5266595683189637
"7888_4",0.5268596184890187
"3419_2",0.4096422518449382
"3039_8",0.6838785756850126
"12039_4",0.4590480486810793
"1191_7",0.8259020324790377
"2361_1",0.3724659503641721
"8291_10",0.8289183724137412
"4954_3",0.4690211740455175
"12430_1",0.43149672371495146
"7634_7",0.4502041464289426
"11902_10",0.7753223802650844
"1603_10",0.47596303119980604
"9395_8",0.5353769125010743
"9384_2",0.4979547759079935
"11687_1",0.14860953848909722
"4148_3",0.50124182922302
"171_7",0.6892348077016938
"11814_4",0.326429915368345
"8124_3",0.387265483100691
"11387_1",0.3334402916186056
"3249_9",0.7534702020537414
"3591_10",0.7275407551346311
"10171_8",0.7309493017434963
"1100_9",0.6681548581277211
"7144_4",0.6494327517012431
"8060_9",0.6259720234781952
"11063_10",0.8000299944380274
"3481_2",0.324926626494774
"7413_4",0.26895743234669006
"11121_2",0.28812557527600846
"4700_2",0.3706067749479246
"1566_4",0.5482378079936863
"11731_3",0.425116873201703
"7346_10",0.7955478675760885
"7890_10",0.5117636783280592
"11704_10",0.6149949377901437
"4635_10",0.41758396321279867
"2369_8",0.4994230733362574
"9655_10",0.8780188299322378
"2115_2",0.34273329123753377
"6408_7",0.6533042902870881
"10470_1",0.15970982724357294
"11512_8",0.7979066444367895
"11523_7",0.5565163793878846
"10379_3",0.22578121423794473
"9164_9",0.6266730550334556
"3150_1",0.5536607310314584
"2880_3",0.3542673030001589
"1608_7",0.7142049437860855
"2406_9",0.7366503874870858
"260_10",0.6828423643845146
"10658_3",0.21104607851564172
"10609_1",0.2950508515993196
"6861_7",0.4591150750556837
"10058_2",0.5084538737135693
"11618_10",0.6773201433828622
"3727_4",0.32529948474459447
"1924_10",0.7639062915957269
"7471_1",0.2724685083006698
"1856_7",0.5386375669282792
"10132_3",0.4014992124132096
"4010_2",0.20611765150900066
"11752_2",0.29022477805424646
"11122_2",0.2862875665952677
"11065_1",0.3604923385425427
"1211_1",0.36246228043373374
"8973_7",0.3332851296877843
"1888_9",0.6065605994186992
"8521_8",0.4583604926157332
"6671_4",0.3650772783622219
"4241_3",0.3287922020930438
"10925_4",0.31962005086233464
"4030_2",0.11601082521206053
"9410_1",0.16254389691160315
"10004_2",0.3589210062777022
"599_1",0.20260447579191684
"8656_1",0.22629822944515646
"10087_7",0.5558140623874125
"5118_10",0.6557909252821947
"9780_4",0.16938842443269986
"586_2",0.3531223122157408
"6464_4",0.38107945794544684
"7482_1",0.16696722589224922
"11075_8",0.6822777026632333
"11984_1",0.2505222563328362
"6808_9",0.6552487090209745
"6178_10",0.7285622578498607
"12196_7",0.329661698120194
"7771_10",0.7428148060823843
"10801_1",0.38966191899986896
"1243_2",0.27675299382430346
"4028_2",0.20389015109183403
"700_4",0.5866775523149659
"758_10",0.8312351886787747
"5393_8",0.6042799980220912
"3552_4",0.43812111091109257
"3440_10",0.7486339984943282
"12357_7",0.561029625939166
"10850_2",0.4549361804647957
"5083_10",0.6454205706125928
"790_10",0.5104575177134911
"302_3",0.1987310737947284
"11160_3",0.34216343397996624
"1170_1",0.31623862816834486
"6341_3",0.28766472856639164
"289_1",0.33034584837262826
"3075_7",0.35163370593919013
"12016_7",0.552745768646652
"5998_3",0.36340789775828297
"5295_1",0.12308932762877531
"9712_2",0.3208878101975432
"9689_10",0.5732800636686756
"9441_1",0.1746562692176468
"7426_10",0.8324841504565488
"612_9",0.6482964868047768
"4331_8",0.4116715558259094
"1016_7",0.38692449373621396
"4463_7",0.5569870418995027
"9520_1",0.2617065227316663
"1557_10",0.4746526139719959
"6277_1",0.14977014825033116
"2279_3",0.2982524766996596
"11591_10",0.7663115991545639
"3503_1",0.3297387340831185
"9814_1",0.379867794402746
"11342_4",0.4369729086714632
"5133_1",0.2671224846214535
"11189_10",0.7368943609413453
"2343_8",0.7115968722573527
"2234_7",0.6989557901724817
"926_4",0.2067277000215615
"9829_2",0.37689024483748185
"3338_7",0.6139250819714203
"4272_9",0.645062422434819
"4826_1",0.4599258147000629
"10529_3",0.4264982613688322
"12398_1",0.2790965553031185
"6965_10",0.6449758997336472
"10737_9",0.6900758497501935
"9356_1",0.3000001511689063
"2087_3",0.25318700086730495
"5802_4",0.6397195751842577
"6514_8",0.7479636945728395
"11607_4",0.5196821692988316
"9117_4",0.4901293354807881
"2011_10",0.6163160377823007
"11952_4",0.4122858677106809
"8753_4",0.765501271523151
"5338_8",0.7361364234021716
"10799_3",0.37731233724945007
"6388_3",0.35357979352383284
"4667_1",0.3079766786699941
"11302_9",0.7911205607902082
"6587_4",0.25618166640434126
"6822_8",0.5408494718880824
"9725_10",0.8623659161120402
"7237_10",0.49450971759809603
"7710_1",0.16041965052513038
"6090_1",0.18262783041203895
"9864_4",0.5862044893788412
"9759_1",0.2500716691537052
"8926_10",0.4839149976538548
"2454_1",0.29128359285334515
"4364_1",0.2738810398511143
"10672_1",0.2609532769308471
"7703_4",0.1919318191181389
"7289_1",0.19321926347767523
"6370_2",0.5615523821668833
"8898_7",0.5701215733681395
"245_8",0.7356166697081074
"7786_2",0.4868990720332542
"12092_8",0.663215647727145
"12495_3",0.21568782998901595
"2762_2",0.2691163317585622
"11009_1",0.2571912911008559
"7735_1",0.5710732965108746
"5377_8",0.5456287678921993
"6074_3",0.2605512396616221
"2133_1",0.16494877300575136
"2291_1",0.10528496001851465
"767_1",0.5119104874467546
"2677_3",0.2883616529344555
"5801_2",0.22305088698541675
"11416_7",0.698815369790693
"7083_3",0.4647520161091672
"7268_1",0.4358053315339905
"8613_1",0.5452239943853128
"446_10",0.5422249211086768
"6513_7",0.43431062526190145
"11229_4",0.4099347591489645
"11155_4",0.5154648392686451
"10298_9",0.5885364178623174
"1521_8",0.6552601079101219
"5682_1",0.6558908868648481
"11575_3",0.2289701438505152
"10144_1",0.3429301141380396
"5819_10",0.6975179929873624
"7287_4",0.28553486796860855
"11507_10",0.683923868633258
"10458_7",0.6276742206612032
"5935_1",0.33939309303340937
"4126_1",0.198001451015911
"3777_10",0.6646378595620744
"1720_3",0.3284651414223701
"11112_2",0.23889216532272065
"6222_9",0.6655605482185646
"8019_1",0.40978768092456447
"10067_4",0.3770508066666526
"5991_9",0.7443919849915961
"10203_10",0.7274373274860638
"2485_1",0.24692882232250726
"5910_2",0.28670575612588306
"3940_9",0.8114685740235668
"9140_10",0.5304154372791826
"9558_10",0.6766580402436252
"4582_7",0.647404903139509
"3323_1",0.3382905223189628
"5038_4",0.3260698959023042
"12405_10",0.7124010645625956
"11620_4",0.3917663157692911
"8774_7",0.5349088723484626
"10164_9",0.5426793179577302
"4112_3",0.22643608895019435
"629_7",0.4526639812227529
"2732_7",0.7133573787633172
"4356_3",0.43867903360448535
"514_9",0.8067543537417603
"168_1",0.18501937294558785
"7157_1",0.2129219812497629
"11193_7",0.4654650066909053
"12163_1",0.18269622035296407
"259_2",0.13755642079940858
"9977_1",0.2279381452248018
"5169_10",0.7833412878189674
"7439_10",0.7293597987851043
"10261_1",0.3487583706529597
"6623_7",0.6530863144124113
"2834_9",0.46802491449396844
"2930_10",0.6266414561403835
"3232_10",0.4927222013058173
"533_10",0.8213311835748227
"6006_4",0.34110496373427046
"9029_4",0.24101908799785848
"7738_4",0.33973102992819076
"52_4",0.49710799173829345
"374_4",0.6066125113572238
"4502_1",0.3952551982213749
"10309_8",0.6036793034186424
"7541_8",0.5006366056633181
"1874_1",0.4477205661816736
"6884_1",0.2841704819530855
"7285_1",0.2085731733842928
"3385_2",0.23884203951598937
"7078_2",0.2992024740260417
"10788_10",0.7092758077768315
"6361_7",0.7381157515108184
"5761_10",0.5813385727320343
"8946_1",0.2073258888084418
"393_1",0.3788043043282616
"458_4",0.4588370211131806
"7435_10",0.8224527752639447
"10816_2",0.25197066772163146
"1606_10",0.699365770359014
"1742_3",0.21184696174234127
"7167_8",0.4412410171387009
"1249_9",0.5073719077474335
"473_9",0.6503824492954798
"3475_9",0.7198170938435919
"2316_3",0.395691814844712
"3739_2",0.4288163179965382
"4746_9",0.655094464048321
"9924_8",0.49832461673995226
"2202_8",0.7541841282033146
"11531_1",0.2822548082423682
"11138_7",0.737096737194706
"3402_1",0.1780066764844984
"4547_10",0.7239056939654113
"2786_2",0.4561558843754669
"1570_8",0.5410600687042371
"3095_3",0.23284773017662788
"4745_1",0.29318648742346604
"165_4",0.3357187495320606
"1578_4",0.29782238261326766
"495_10",0.7965681649971664
"12414_1",0.31471852405350215
"1383_1",0.3460073579740834
"10438_3",0.3455639714814025
"812_3",0.37562395083545025
"9588_9",0.5689584787549855
"7785_10",0.6050990045296584
"11169_4",0.3059291031266432
"7476_10",0.4557641589117723
"8196_1",0.0548863302987714
"6526_7",0.47161388042370417
"1695_3",0.32085783099402415
"11077_10",0.7161376173143441
"7642_7",0.5216422420722749
"7618_3",0.7025672621789034
"353_10",0.8344705620005989
"210_9",0.5114549676397786
"9455_10",0.7490547851651737
"520_2",0.2228515604638103
"7615_10",0.8093858292798378
"7475_9",0.4893251530618175
"6894_7",0.7797039328689761
"8622_2",0.24546664902048235
"11149_3",0.2199852731462275
"6154_3",0.39270724959898795
"2514_7",0.6832490591738803
"4359_1",0.5326194271216089
"8797_4",0.36611877052934105
"10023_8",0.5777368798954462
"1212_4",0.6620971921942329
"9985_1",0.25643948880300893
"4182_1",0.15616995925250693
"10662_10",0.6869827369703728
"3907_7",0.7533825375992902
"11342_10",0.8751002387784719
"1483_3",0.30776786011750074
"10510_7",0.5078131070030554
"8522_2",0.1871494767376439
"6049_4",0.39121037514142565
"2687_9",0.8252723265288533
"9766_7",0.5344630880695841
"6792_1",0.30931693897895024
"5990_10",0.725014341864785
"11699_2",0.49539782724081816
"3446_4",0.3335630246364623
"10448_7",0.4955507043260808
"5629_1",0.27539396764687685
"2831_1",0.3691533157165704
"4351_10",0.7336171590556619
"2547_1",0.2979231012997036
"2778_2",0.1508093828885308
"7307_10",0.6522547969879667
"11148_3",0.1925100830788579
"907_3",0.4408744563934031
"2184_1",0.17883222586965908
"2030_8",0.7908567267143961
"11051_4",0.3517883295393079
"9150_4",0.515481469765337
"12418_7",0.5691213904378505
"10724_10",0.7309615026748516
"8876_8",0.7669652380170715
"1620_7",0.4795405164521343
"12423_9",0.6497050564751594
"3642_1",0.4478060342183379
"10214_10",0.609581080112512
"4575_3",0.49384891308001716
"2692_7",0.6289978063323565
"3919_1",0.4250440845208311
"11971_8",0.36448047783205256
"11676_10",0.5573161653804625
"8047_1",0.32062355127105135
"4009_8",0.7405966100597655
"7929_9",0.6063589364731992
"2432_10",0.7208774923285909
"8933_8",0.6763079660355745
"1375_1",0.45006983625400954
"1861_7",0.6785859085394025
"10897_10",0.6811636601865625
"2828_10",0.45014019922236337
"4568_10",0.9056938612983447
"1535_7",0.5600671507705995
"7282_8",0.654329090782708
"12365_10",0.6916161007189907
"6682_3",0.4664951012213344
"1393_8",0.4457390673224202
"7270_1",0.23064609766545893
"1680_10",0.731223139192321
"8207_8",0.9381006348014042
"8612_2",0.4191878535841711
"5640_9",0.5080516784443153
"96_10",0.7232376667883884
"12093_2",0.5725228878579834
"2068_9",0.6184463797494805
"9799_10",0.6784112544636544
"8730_1",0.2041865572033728
"1000_3",0.46725853763798814
"742_2",0.5431195335900914
"10432_10",0.6551350710243348
"9425_2",0.24025679231914748
"11636_3",0.4543598722607217
"6564_2",0.3670339402745645
"5706_9",0.750364046351495
"8594_3",0.22657531128762523
"9488_9",0.7896981636446894
"12283_8",0.7096994667377013
"6579_3",0.2309392515659719
"6738_10",0.8500912461185184
"9007_2",0.3964778912057823
"2723_8",0.6686313380791505
"5115_3",0.5168358304381501
"9469_10",0.5873367338487854
"1444_1",0.2426628108028695
"5688_1",0.29819721183747877
"12390_4",0.4340625766338548
"1681_1",0.3124886697236975
"9048_7",0.5684917531594937
"10207_3",0.3628179629242092
"3817_9",0.6741572788472535
"2200_10",0.688270861713841
"4250_8",0.5873220940607226
"12213_10",0.7756216569518519
"11602_4",0.4816400466123031
"4507_4",0.3281694930538898
"3817_1",0.31289741995277215
"9394_1",0.3270849441618602
"9129_1",0.4439075739224214
"3675_7",0.5631127249115384
"1670_4",0.5031765546597586
"1151_1",0.47916660099348973
"8818_4",0.32797565631138526
"4810_7",0.578608274809447
"4979_1",0.2844423011032305
"80_4",0.41770823995212475
"5506_9",0.5192406613867336
"7451_10",0.6467076514923691
"4539_10",0.6114680327078723
"6914_10",0.6397932882809612
"2807_10",0.5423497771729344
"10229_10",0.7373452069330158
"10908_8",0.5430597592594046
"7709_9",0.700794790717229
"10872_9",0.7438991911400056
"8487_1",0.33742020275088186
"1140_9",0.7198846675827713
"558_10",0.7301593770310961
"9935_8",0.716629266323405
"1084_8",0.7082675493277922
"6185_9",0.6107305430352926
"9278_7",0.6024233876076528
"3756_7",0.6466667447846277
"4308_1",0.051687278701514745
"121_8",0.6101525471571442
"11072_8",0.6402796982685263
"9420_7",0.4684216718591388
"3955_1",0.2958719921467969
"9591_10",0.43273589103907606
"11176_1",0.4536803484182015
"11882_2",0.40983979884934885
"12458_10",0.5791002085315622
"303_10",0.8023360935457303
"3779_8",0.5944972519248545
"1805_4",0.4397246405205878
"12054_2",0.11591157755598891
"1990_4",0.3077778550165848
"7331_1",0.5172877458734368
"6243_8",0.5920339534319327
"7201_1",0.1090290247078336
"6230_7",0.46138873309852113
"11252_3",0.16128117245376594
"8379_8",0.6417722259662888
"11890_1",0.5576573101149654
"6977_1",0.20494484822885087
"5481_1",0.23745166622949307
"6013_7",0.5143961218797503
"11638_4",0.5399096023075025
"3302_1",0.29609997539383703
"4837_4",0.565919627144117
"737_1",0.2662048282172089
"6128_3",0.37558255137778634
"3749_4",0.38879854029709016
"580_3",0.4467015731408139
"11031_10",0.556555087086657
"6644_1",0.36964288654837013
"8517_1",0.32505917633196313
"4883_3",0.35198866059911255
"4273_4",0.20937593164301016
"404_1",0.29189058311840493
"12108_10",0.6535906182254297
"10005_8",0.5622481846086848
"7140_4",0.41810499095724046
"258_8",0.6257765911623022
"6746_7",0.762458818778776
"7189_2",0.4218163209177074
"11626_4",0.2895724683542558
"10785_10",0.6688074886872332
"11007_1",0.32731837291246113
"8987_7",0.45489612979466937
"275_1",0.14777891795447687
"2554_10",0.7068768744363233
"2682_1",0.11391683017474176
"3797_1",0.12095963256894404
"7383_1",0.44732842824423674
"9816_9",0.7240517833288153
"11057_8",0.5948548397307047
"11901_3",0.4055748520612927
"11501_3",0.46159035546079424
"11999_2",0.12224577116990805
"740_3",0.3716161819434088
"3109_8",0.7308388590646931
"2773_8",0.8185794392787646
"5725_4",0.23535184545805618
"4423_3",0.2935252383174831
"4035_2",0.06775008676765328
"6550_7",0.4501924329757353
"711_4",0.5913417552321889
"10773_4",0.3399510547546204
"11202_1",0.15339137577574122
"1054_2",0.2142479610542069
"2207_10",0.6971592425211929
"9809_4",0.31583767575980404
"11349_10",0.6453037528534074
"5195_4",0.4518919629216616
"6881_4",0.42673107749360417
"7537_3",0.3255715885025222
"99_3",0.36105544336539785
"6589_9",0.7815783369307356
"11781_10",0.6451966841200365
"4337_3",0.2511215814472478
"4928_10",0.8161017882077978
"6310_1",0.4777397660460541
"11867_8",0.5846751215664521
"9462_2",0.2597717514092013
"12224_9",0.45716772107628206
"1195_3",0.19409069949105984
"11324_10",0.8033311118611088
"11272_4",0.5037628558566016
"2461_7",0.6341276318658482
"4034_7",0.6464855237661965
"2340_10",0.8835296211516935
"9827_9",0.5354642618493785
"4660_4",0.4247228931370167
"2448_1",0.24207786376476093
"7485_7",0.5480354701378207
"7003_10",0.46645321161744946
"6204_1",0.20194562964125298
"1920_10",0.6344174728689378
"6824_1",0.44311093882565755
"6668_10",0.7074894703762141
"7359_1",0.45574555291716295
"2753_4",0.5925756453976095
"7320_10",0.6033443317334656
"3661_10",0.7908236007598554
"1059_1",0.3356643314144239
"5067_10",0.668449531676389
"5724_3",0.2648180904781812
"11265_2",0.26440760096041005
"11331_1",0.35056578878048456
"5398_10",0.5836801885863099
"9328_2",0.2165750438471923
"100_4",0.4144777415631193
"6118_10",0.5199648624356683
"320_3",0.18178759090797855
"4395_10",0.6462966528499268
"7256_4",0.3333801103099932
"3949_10",0.7611390080196507
"7097_1",0.6337924772584458
"6971_2",0.3133259076368485
"9855_2",0.2670284313272276
"457_8",0.7362041517987216
"9929_7",0.6554199787364194
"9574_10",0.709860087715642
"12261_4",0.24931080559551075
"5228_9",0.7766451129030024
"11684_2",0.3377082342233186
"7913_9",0.7495840316710308
"9595_3",0.2841480999271623
"10501_10",0.511971667819923
"10610_7",0.6692701705800282
"8573_7",0.6353278301670547
"1823_2",0.4043041552424061
"12070_4",0.47310915972599027
"6995_8",0.5976142213068076
"4929_1",0.17937821654971928
"2555_4",0.26998904643785326
"6583_7",0.6530984987710041
"2490_1",0.17202584839991544
"8203_7",0.6063425567897209
"7861_3",0.28653511095683315
"2548_2",0.3660396984847711
"12291_7",0.6465008106740131
"756_1",0.358877975586786
"9275_7",0.6007585788856746
"9234_9",0.5477154450999836
"10598_10",0.6993397184127567
"8252_8",0.7356679411614392
"3585_2",0.204507006001144
"11561_1",0.2307263873392133
"690_10",0.6255271358073835
"7203_10",0.6699883076178992
"11141_10",0.7098214723269676
"5583_10",0.7239997977525205
"7341_10",0.773917118597363
"10623_8",0.6960145199640215
"868_4",0.3225185361692108
"778_9",0.72623526066092
"4653_10",0.49703781600091623
"7450_4",0.7344255472484204
"8836_8",0.5723792759976328
"226_9",0.6570667404587974
"464_10",0.7379501939644023
"2850_9",0.7197952988077398
"10242_8",0.6418028490763887
"2403_10",0.8044117925509157
"3397_10",0.7597143581590364
"1003_4",0.6518075378817261
"10940_10",0.5204574827192969
"3349_10",0.8453052663569307
"5909_1",0.36000646583190826
"12021_8",0.6531049775260526
"5019_1",0.42423352393957436
"1809_7",0.7459774536542575
"4435_10",0.780767286182255
"10029_1",0.18441330964553354
"8234_2",0.4323103315986462
"3760_1",0.20023117747228455
"10952_10",0.7996048863368256
"1487_9",0.7626963185157455
"46_10",0.7188461522200212
"4917_4",0.4556724298694238
"2000_9",0.6047674152725604
"10974_2",0.30279041257094785
"11275_8",0.5484037706255774
"1816_10",0.7124115177192066
"4848_3",0.6496679055875805
"11730_3",0.4628802646073365
"1903_10",0.7261315104531565
"12331_9",0.4625480531647306
"10360_9",0.5956704842034588
"9243_10",0.5863900947059976
"10115_8",0.6861723943408972
"11417_3",0.36606803668405186
"6259_4",0.4740891862890989
"316_10",0.7145344842558633
"1100_4",0.2752420114042873
"7919_2",0.3540685528854425
"1871_2",0.13064173265050386
"12488_8",0.6867115004594276
"10239_9",0.6249978403507079
"7832_2",0.10089372293535898
"8808_1",0.2355528106718859
"7241_2",0.1921741202594474
"4412_2",0.3559473750006917
"807_10",0.6258285533544667
"9728_8",0.6628121945182484
"5665_2",0.23588100680765156
"491_2",0.3795813997679094
"7938_1",0.3065983721341349
"3513_8",0.739109487525729
"8942_1",0.17224719857761023
"11520_7",0.6890476994339678
"11478_3",0.7110712363579892
"5627_10",0.4208342270404474
"3462_2",0.49982524388243715
"5161_10",0.7347732531772995
"6545_2",0.19561852363294385
"6513_4",0.5607929202172047
"3032_1",0.23276795666326608
"7403_2",0.2974478218027046
"11878_3",0.24590827806932428
"11348_8",0.8009257132781316
"4979_7",0.6570521275410567
"7131_1",0.09134400404380322
"3972_3",0.45479471003692035
"2925_2",0.46783568345573723
"5346_3",0.27373263762620903
"10709_3",0.2592225154855747
"10999_2",0.30230948692383747
"5974_10",0.8407960261921469
"9008_10",0.7122479746621566
"1324_10",0.7679071225326126
"10454_8",0.43561585592815294
"8336_8",0.58250854710796
"5869_10",0.7703713917676435
"9922_3",0.25006155197570057
"2081_2",0.34376863699702986
"5811_7",0.8524789892606175
"1619_10",0.5128694388116734
"5461_7",0.7966553085852961
"9152_2",0.30357888252315274
"9071_8",0.7428146335520865
"4688_10",0.7396626522908675
"8956_10",0.7375965169865267
"1883_4",0.27515515988476613
"5707_1",0.1613204614268508
"7529_3",0.4574728065854193
"83_1",0.27773680069466405
"10440_1",0.2023423078463403
"3673_1",0.2925646565406116
"6983_4",0.20099891502943765
"2546_4",0.5309493491574727
"6698_3",0.4729694115795788
"10689_3",0.22307766216084549
"9986_10",0.5837294180113876
"5614_10",0.6973433319437814
"10094_4",0.2257196481095111
"12468_10",0.6586206504555614
"3828_10",0.6281748791913272
"10524_2",0.1406539194159533
"2016_2",0.14162554330457888
"7583_4",0.5004887078229346
"4795_8",0.6332191246706348
"7564_3",0.3836096034844537
"1366_3",0.2665822571739827
"508_4",0.35231552630311636
"9509_3",0.3835454742739362
"1587_3",0.3486283716987658
"12376_4",0.4999173397193299
"2525_8",0.664664916980851
"2877_2",0.38688814374761765
"9485_9",0.6473565996604455
"12023_8",0.7548636004233377
"11544_10",0.7681670748345658
"198_3",0.4589782939768188
"4390_1",0.37983065629150825
"993_8",0.5224091722345053
"7965_9",0.6950624685819067
"8865_1",0.1476509747774934
"6638_1",0.3661755680065296
"141_8",0.5244508405464146
"136_2",0.28097283608842344
"3004_10",0.6970544199896062
"3457_9",0.5634820165755521
"11488_1",0.38970594939240827
"644_2",0.20052011401189615
"8387_9",0.7589952486634243
"5026_3",0.516379482129227
"8936_7",0.5005475061438828
"453_4",0.5213224364657771
"8547_3",0.470700233546726
"10542_4",0.24808779795225594
"5231_9",0.6102179633585688
"9592_10",0.6817864685740213
"8591_7",0.6663338073592352
"6686_10",0.6784954029800421
"7246_10",0.6911899430074834
"2194_4",0.38147916701042217
"11533_9",0.7196869872467101
"6109_10",0.6700780034834596
"9092_3",0.35742511061988413
"11223_8",0.6480983020613544
"10829_9",0.7538587385777598
"9857_3",0.3331265335048504
"2223_10",0.6221341311254857
"8052_10",0.4689343113810949
"11604_3",0.5015253712269954
"4448_1",0.416675371950287
"5394_8",0.49401331098851553
"10168_9",0.7327193805179795
"11943_4",0.2792966079354329
"7311_8",0.5883494315853826
"1362_9",0.6108998348360162
"9165_8",0.72001507841487
"12294_10",0.6915657749545284
"6086_9",0.6699367545253031
"608_8",0.7102950671673698
"4592_10",0.7012270211645005
"708_10",0.6932006890399326
"6548_4",0.42508504036061073
"7552_4",0.6348235513760879
"9263_8",0.6867090117348382
"5393_1",0.5506239337306902
"220_10",0.6374766505849639
"10640_7",0.7062656495795647
"4086_10",0.6784895000213966
"11026_3",0.3803518706284915
"12466_10",0.6713569637906486
"905_3",0.4408744563934031
"92_8",0.5133190434729527
"11362_10",0.7152717922551662
"5030_8",0.5305074819123323
"2909_7",0.3952972534983852
"8402_7",0.6689291410208664
"4046_10",0.468381383124903
"4065_9",0.4964544439811632
"6460_4",0.46216365712072965
"11108_1",0.3140395543228167
"1139_1",0.10985191490227816
"2457_3",0.4402846937784575
"2675_7",0.44665791832407614
"9360_1",0.32926329474351473
"5750_8",0.6347884431403223
"7125_2",0.28584291782100263
"6637_8",0.6267827121124105
"3290_7",0.7050854315776617
"3979_8",0.6116403006454155
"2100_1",0.20782923260156025
"10836_1",0.3390551968683945
"10904_3",0.1915180919319282
"5226_7",0.5837679106139209
"22_8",0.6710153901093237
"2726_10",0.5924623719398434
"11405_8",0.6960408550838129
"11204_2",0.20173960787102554
"6201_9",0.5295059857123318
"1653_10",0.6842630308759318
"9500_7",0.7125947686110137
"12104_7",0.7985211615356408
"1499_3",0.44235626711492315
"1415_1",0.2416224377965855
"11285_2",0.48645274107877123
"4481_1",0.3227542469710495
"10249_8",0.7792268369146789
"2391_9",0.7747381934663675
"2186_3",0.5333139217168152
"56_10",0.8040739207410803
"127_10",0.7639436767793526
"5509_9",0.6182512352916029
"9855_9",0.4051385905194431
"7522_10",0.7445411114808785
"11751_9",0.6924744844734282
"3330_3",0.3922096974044275
"4055_8",0.7780680294179928
"3694_3",0.4380227568078988
"6911_4",0.26915533560311505
"9677_10",0.6674554588343203
"9706_1",0.2247246943582922
"426_4",0.2971511042441797
"2995_2",0.2368161407736453
"7914_8",0.6632544491236666
"11344_9",0.7451259454377116
"680_8",0.6253979710517428
"2094_3",0.4383587260274807
"2009_9",0.8036300913954453
"7309_7",0.7117706369241271
"138_1",0.21756431089062753
"2689_9",0.6532581208811366
"6050_2",0.23446196895875396
"8987_2",0.4000027681426702
"2053_8",0.6339041694422074
"12245_4",0.3476109523316682
"12020_10",0.4724931570445717
"10364_10",0.6446060587653006
"11581_1",0.10882082560845714
"12079_10",0.6716187428619493
"6537_1",0.3521806672841222
"2739_10",0.6735069393595536
"8719_1",0.44127951598632353
"9436_1",0.3961031876792101
"5029_3",0.37351454187365024
"8321_10",0.48817931934123604
"7135_9",0.5888061755094027
"9512_10",0.5842883849203062
"6397_7",0.45631573352923477
"9457_9",0.6793037638416248
"7740_2",0.3633907939494273
"10591_2",0.2543016169423849
"9856_4",0.32716992694215413
"2456_1",0.4667091751167214
"10543_7",0.5037962845137978
"544_4",0.5677927058011161
"3679_10",0.7774229030561821
"9042_1",0.33919039455228617
"5368_8",0.614972580764436
"8276_3",0.17450766522931987
"1984_2",0.25511269504263706
"4205_7",0.5077632139378029
"5765_7",0.6101025656181576
"5202_1",0.1895559282168843
"4127_4",0.5660616356290689
"12316_9",0.5811525605766747
"657_1",0.1273698868597471
"12205_2",0.3767442473285442
"3426_10",0.7892341212717104
"5616_10",0.6790642961472022
"11644_3",0.3742414110274075
"795_10",0.7405882910056283
"12416_2",0.22922864400453982
"115_3",0.25862184625137846
"55_10",0.6794904915307053
"11187_10",0.3758046277924157
"9072_4",0.5419115099684774
"875_4",0.4359715908941976
"4196_1",0.10348266956762595
"293_10",0.5054541181843972
"5564_1",0.21449056776079506
"6811_8",0.5509067681834886
"9135_3",0.4795272997790094
"9964_8",0.5593773489788825
"981_9",0.4673111747245315
"8506_10",0.6148681675162113
"4459_9",0.6796364595539229
"7609_1",0.3105796389611609
"6246_10",0.5498850292368641
"5989_4",0.35260144050022285
"11839_10",0.6052690934285131
"9186_2",0.29552463656772765
"3411_10",0.6413543541786084
"8677_1",0.5557799865703114
"9125_4",0.474301303052853
"2166_8",0.5182411434293474
"11827_4",0.44192583042405653
"2574_2",0.2801260975955234
"4789_4",0.5914084804315588
"1093_4",0.2775696250756117
"8195_1",0.1713561756632636
"11011_10",0.6624215655140856
"3944_9",0.656707550103154
"10606_10",0.6847172159882065
"5029_7",0.41506985597424795
"9496_8",0.4321619499703685
"9256_8",0.7552468862103556
"5640_3",0.24474466164433295
"8164_8",0.6504663815023859
"10413_3",0.2982090729501081
"4838_2",0.2585717475770959
"12265_9",0.6379468593872271
"6222_1",0.2052982014648608
"883_8",0.617118547559121
"395_8",0.5010128204614167
"1182_7",0.6444798179591806
"8701_7",0.6026775235646725
"8863_4",0.19473950211533106
"10943_3",0.2552197532436965
"10692_10",0.48995367336280987
"11872_7",0.7773205297056496
"4729_9",0.548468717548842
"920_10",0.572915186168744
"9352_4",0.28918901546366615
"10095_9",0.6741667013990262
"8986_2",0.24993184221123368
"7061_2",0.3246737621722095
"2746_1",0.16564809971281994
"10359_8",0.6613019705412752
"6826_7",0.38121252446430687
"7075_3",0.47720395508029523
"8237_10",0.5508738583976117
"9103_10",0.5438981875002186
"6538_9",0.6552329459695487
"3085_4",0.6058211599027795
"10759_9",0.5085052205868538
"12249_2",0.20646598163477817
"6774_4",0.40013463250406645
"3564_2",0.5934165768929404
"144_2",0.20871568932285625
"12112_3",0.17795796443836792
"8166_10",0.6702730422172982
"10817_8",0.5760239859334554
"7462_10",0.6533228680715999
"7626_2",0.3265126673310742
"8221_2",0.41184496362776885
"2528_10",0.5611320304226257
"6765_3",0.2726011023824858
"1267_8",0.8003561162328888
"8257_10",0.6814028982920142
"11501_8",0.7637689744502636
"11196_10",0.8645024189921047
"10006_7",0.5187906302741826
"2104_2",0.20257368342974627
"9067_8",0.49306592765612306
"4760_4",0.3963141806057561
"4372_7",0.6985201918943474
"3441_2",0.2746080697492814
"10439_3",0.6005560644394978
"6604_1",0.2562603119326276
"10689_10",0.70901818858496
"11289_4",0.3500833560701502
"2051_7",0.5181137207169394
"42_10",0.7129162112756957
"1567_7",0.49817887276332423
"4890_9",0.7644345769455634
"2583_1",0.23334542761701021
"5376_2",0.22511575834205616
"2539_10",0.6715706870502599
"390_4",0.3063933072275259
"11509_1",0.08861636218175555
"7481_8",0.5446987411157712
"10840_2",0.24555269622760537
"9433_1",0.5730795330095829
"7774_10",0.7497652503469248
"2654_7",0.2998440180706999
"9582_7",0.5694430341099387
"1780_3",0.36064087393096167
"4032_8",0.6846198481738518
"3130_9",0.7727492172587931
"1920_3",0.4384982212979567
"5056_7",0.4919506723487585
"4537_10",0.7390541509116838
"2505_1",0.3750463342361616
"3942_2",0.19201901684505107
"483_2",0.30516679477815495
"2771_3",0.2829884747804863
"4872_8",0.6412781519930986
"7897_1",0.16121092367471912
"12039_8",0.757585134894351
"11008_4",0.4364294816176618
"4090_7",0.6873894062773217
"3051_4",0.5108652177096078
"5700_1",0.18498274664246628
"3498_10",0.4834111417133438
"5676_7",0.5279915219214113
"5565_1",0.1697763207396226
"9347_10",0.6213095170973165
"4178_1",0.2890147482912869
"6303_4",0.5120554231009742
"1579_7",0.39400258360913953
"5783_9",0.520447913614275
"4001_8",0.760750651121014
"11698_2",0.3770364185719053
"7029_3",0.3663122383497705
"268_3",0.22133191758963675
"7098_1",0.7336806895862206
"6608_9",0.789569587229592
"1123_1",0.28895908003530313
"7523_10",0.6305090710555682
"10647_3",0.386008355687508
"12232_8",0.6961298330112836
"8103_4",0.4509650895608967
"7336_7",0.5165345656438786
"7049_8",0.6343770514964185
"9694_3",0.461358889601701
"5894_3",0.2311444969859128
"10981_4",0.4638749500243992
"10104_10",0.7295689178483662
"5752_7",0.6074700404581979
"2622_2",0.32654801973922076
"11529_2",0.20960347065076965
"5040_1",0.3368983947934481
"1870_8",0.7764420372947635
"7368_3",0.25897788785258546
"843_1",0.3007640782328312
"4972_8",0.6132449231797986
"4615_9",0.7974460486703647
"8191_10",0.620370474051165
"6940_10",0.3419197430919044
"4924_4",0.4757962208798149
"10392_2",0.09418966688783868
"3339_7",0.7118690031837203
"3594_10",0.7147878213197206
"10354_7",0.3732871820558581
"6594_10",0.6361434333312628
"11311_1",0.26881910707628004
"4409_10",0.6220381912015236
"1669_4",0.4429378770987121
"7819_1",0.19755042117181862
"6704_1",0.26242875138607624
"667_10",0.420585134136978
"6444_1",0.32433704886218534
"1223_3",0.2047014461041162
"10089_9",0.8006436459893985
"6699_1",0.15808277368466855
"814_7",0.6364670604489548
"2363_10",0.4879842644924785
"1697_2",0.4036404345569785
"6345_4",0.25734466480086055
"10109_1",0.2619197749179395
"4563_7",0.6527916014239494
"1924_1",0.304170094555984
"11416_2",0.28146068573898325
"539_7",0.6093945274799728
"5937_9",0.8225556711698964
"1912_8",0.5396346461928561
"4135_3",0.26413575918875976
"4141_7",0.5948898056999857
"7217_2",0.2791745318266418
"5538_3",0.4212792731500377
"2657_10",0.6868902399969598
"6279_4",0.4340664652540941
"7706_1",0.2288596283025097
"10409_10",0.49535752788976023
"6780_1",0.2660727017674171
"6251_10",0.8327974784091994
"12227_1",0.38739396808200127
"1146_10",0.8095840085480333
"10977_9",0.5889336684107047
"3857_1",0.24523047510513032
"7622_8",0.39896646716076917
"2548_7",0.6105528310575579
"8602_9",0.7170422435020897
"8885_8",0.745182893267949
"472_4",0.48884161230769363
"11700_9",0.547328588331183
"10268_3",0.25019687037151644
"7569_10",0.8423715671023756
"475_1",0.3126988765166131
"4719_1",0.2827027323399451
"8851_3",0.20298196049118827
"6320_10",0.5179200998622712
"4290_7",0.38601752794949223
"7936_10",0.705715943694407
"4616_1",0.26146666239492955
"3616_7",0.6914019757394176
"4849_3",0.3750740114364995
"3689_7",0.6035086891712391
"11224_7",0.6101497932161429
"8893_7",0.4619078403408065
"11126_7",0.8330539585460984
"4816_8",0.6205160844094794
"5895_3",0.22326516274254468
"9373_1",0.27737014508848257
"2445_3",0.5328511859077574
"556_1",0.23356644582245661
"11855_1",0.4051560347218187
"11346_8",0.506601495183222
"8621_8",0.7053546937699237
"10259_3",0.26947129824905863
"2354_3",0.3682321831277781
"8477_10",0.727883435297412
"11408_7",0.4745041816295298
"8490_1",0.4473751955221981
"175_8",0.5087484460197809
"3376_1",0.2808501412421216
"3888_7",0.7717238066931027
"11655_2",0.4191801365866294
"9630_10",0.6134791066255111
"8121_1",0.30356102459086626
"10758_4",0.4290622771134065
"1979_10",0.6824353476787851
"9702_8",0.6398240108501303
"1064_1",0.330749521469103
"850_4",0.33834819329499755
"1624_1",0.3522815185988671
"5885_10",0.7774032073898957
"8246_8",0.4827854548767159
"4073_7",0.6948782505219423
"5116_2",0.46737113197888003
"5379_2",0.49660353481305347
"75_1",0.4119382785020335
"5895_10",0.7110256748290791
"10651_9",0.7384983822512524
"1776_7",0.6185398526900212
"8500_1",0.2169485971932495
"11026_9",0.595473176927721
"12195_1",0.3610894186351553
"1832_7",0.7951403716358293
"11424_8",0.5924020847509663
"1744_8",0.775034058972648
"9699_1",0.16691160645320377
"11840_10",0.4094032982174109
"8955_1",0.4091715352470874
"1571_4",0.41910179546288034
"6434_9",0.708493904365668
"7214_10",0.7006311898630625
"153_4",0.5475034538890594
"3914_1",0.3155483746867894
"5005_8",0.6928368053138652
"8283_4",0.4219025453147777
"8846_1",0.30955379221375745
"3708_1",0.6890961177967848
"5123_10",0.8354820538719919
"2868_7",0.5585728347687325
"6395_10",0.72199623381121
"5788_4",0.41291888700099566
"2380_8",0.5735228143352851
"462_7",0.7081678484536786
"11697_7",0.7704466525621134
"3577_3",0.2651546551907647
"5569_4",0.3517411974900458
"348_1",0.19654944810096678
"9194_10",0.7230850712271518
"1001_4",0.3700323116491496
"6869_4",0.30771615603312147
"7182_1",0.3634735658089148
"2089_4",0.17021490919126545
"3496_1",0.4957483596346457
"938_1",0.33204675279622264
"10325_9",0.5397698366134291
"786_10",0.7848687682459459
"4562_9",0.5338804750200663
"2566_9",0.7089218331868264
"10732_3",0.3517786954544166
"7621_1",0.37739317152280133
"11747_10",0.7457494868061443
"11271_4",0.5654349118616515
"9057_10",0.8237911428995827
"12374_3",0.3748109662937621
"9130_9",0.6219549858700221
"9735_3",0.40247414498488593
"4305_7",0.7891751442567384
"10477_9",0.7796847669271048
"5498_9",0.7876540334759226
"4452_8",0.6484789406190122
"7993_1",0.39648796047228385
"3245_9",0.7622261330855642
"11289_10",0.38367012612142715
"2678_10",0.7585020791804883
"6836_1",0.18384991164572784
"10936_3",0.2344459442485657
"6870_4",0.36665985514354216
"10109_10",0.7878915652786589
"9907_7",0.5749858865022176
"4801_2",0.33590239992985965
"3684_10",0.7016087523444251
"12305_9",0.6271892919401391
"530_10",0.6674381708682986
"10977_2",0.3657338047339109
"9819_10",0.5756409109510524
"5057_1",0.15187054568753852
"8703_10",0.7357232703684337
"8997_2",0.22486353797311912
"5766_7",0.6073056691576053
"9436_8",0.7102034299637813
"39_9",0.741909287555084
"6052_4",0.271421173499948
"9748_9",0.5080009270092235
"8395_1",0.17092658572779199
"688_7",0.4896268976979972
"4688_3",0.5345484938777296
"6287_3",0.37367573470316895
"1945_8",0.6012826287824867
"11830_2",0.31232598322452443
"4042_2",0.07662765382232917
"10160_3",0.34370079461893627
"2069_4",0.43646804444556575
"11039_1",0.2512163884715656
"6675_3",0.3616459369569808
"9189_2",0.3706868327600186
"3683_10",0.7786529416135758
"5536_10",0.729636553580627
"11089_1",0.12971776769058782
"9064_7",0.5737507494678677
"2079_1",0.21010764143225186
"648_3",0.37799260051854794
"12300_10",0.7355279458080219
"5755_8",0.7086068167367162
"3460_1",0.23029790538551576
"151_2",0.21309753841662585
"6990_4",0.26173143458422743
"11356_10",0.752850405932828
"3062_2",0.2818562782412828
"4310_1",0.3403406747865459
"9393_9",0.4746163477418409
"5886_1",0.23409695519811052
"7359_10",0.6085078716122503
"3210_1",0.2892944581657341
"4689_10",0.5147259779163202
"11111_10",0.827100965408616
"1413_3",0.3636627656188532
"2502_8",0.7102370446045086
"10737_2",0.3288167371705815
"6525_10",0.5990103330732279
"4416_4",0.17329631405689438
"1705_4",0.3931219934269847
"1485_10",0.7473532125830311
"4406_9",0.6717067506851405
"3365_8",0.6530708872769746
"6825_9",0.5938730691477865
"9214_1",0.5013750545870614
"8171_1",0.5590712806450212
"12138_7",0.3101835917291885
"2421_8",0.7447678307222522
"7727_4",0.09310451692189037
"8236_8",0.6120043711366643
"4802_8",0.6832699160164053
"5429_2",0.4800532443456015
"6584_1",0.282103334284262
"5429_8",0.7427018197017561
"2124_8",0.8793102179849714
"11670_3",0.3094927635082892
"7527_1",0.19447870638169662
"11193_3",0.2658215904543203
"3647_10",0.5554356835857821
"2084_3",0.2511904106924098
"8481_10",0.6185139977197621
"2458_8",0.6885201690048907
"8705_1",0.3686251525108149
"4919_4",0.3146743347511872
"1621_1",0.26098577463782147
"6059_1",0.2939966295745596
"4132_1",0.45337370779993247
"10953_9",0.5969506461159642
"6692_8",0.7870374907659
"3604_3",0.2541413210988006
"6432_1",0.3551431517896685
"10932_8",0.6629636199012802
"7248_3",0.6391223007735125
"3837_4",0.3549772895379736
"8770_8",0.8174711582763294
"12067_7",0.6207436738254689
"7351_1",0.24215908285664808
"11556_1",0.4633487296686301
"8220_1",0.4360365652163071
"8008_4",0.30033660649096827
"6500_1",0.2615019935080672
"8303_4",0.35393149198462764
"6765_10",0.7825712476910001
"4701_3",0.5842671786142541
"8956_1",0.3026666228659926
"11443_8",0.7639223993903758
"7119_7",0.5368396373418316
"11761_2",0.4489876272101566
"9921_9",0.48123258703221
"2275_9",0.5879129292986159
"8849_2",0.24396647111635106
"2791_3",0.2900503734693503
"9105_10",0.5675346240538842
"1991_7",0.726518960308339
"41_9",0.8707819274439772
"9259_1",0.2765377284379166
"3785_3",0.5339824067447314
"12335_3",0.3130856147083715
"7020_1",0.31966268264229114
"9490_4",0.46447823332967414
"11296_1",0.3373356262596731
"7641_2",0.3467775133101903
"8163_7",0.7376280087786465
"7342_10",0.6591073631298663
"766_8",0.8138723010147315
"5399_1",0.16546491410800446
"1565_7",0.6915562089252342
"12_9",0.7445643386238581
"11574_10",0.6018719092774449
"8194_8",0.5710590713646668
"6110_10",0.638367166978885
"8108_1",0.2518910975854804
"3852_4",0.32351799342902665
"11474_2",0.21642986935426506
"11554_10",0.6915657749545284
"1798_3",0.4010678224416197
"11814_10",0.7843548738953173
"5072_9",0.573657467595453
"4389_10",0.7729357622748148
"8148_10",0.6213441920078873
"5840_2",0.39820809847227917
"1972_7",0.4232730266379418
"10169_3",0.36382503862358745
"8651_1",0.1530432303737336
"6399_3",0.14938750963726694
"8965_1",0.3167874080910073
"8853_1",0.0890991185763164
"2841_9",0.7972151164511089
"6658_1",0.4283932722261243
"11515_1",0.47394197035504565
"4474_1",0.30353418959188194
"8221_10",0.6833707992004582
"12204_10",0.6564615403426628
"10671_1",0.29581969605156205
"7335_3",0.4182384665201985
"4050_3",0.5256748327825688
"9465_8",0.6426511788740447
"11620_8",0.743061690645959
"11998_8",0.8119438669005055
"11188_2",0.48735690162027995
"6656_1",0.17231816213767387
"3416_4",0.3227563292631294
"11558_9",0.5896853078721517
"2752_4",0.39578142575271064
"10330_9",0.5529117957531458
"9323_7",0.7702324183297261
"12232_4",0.4073341689068099
"5699_7",0.49097345085914923
"1020_2",0.33311688765143344
"1161_1",0.24644313133614987
"10187_10",0.7060817723644179
"4585_10",0.3876980987846795
"7570_10",0.536413870303708
"9752_1",0.40666072491773303
"4956_1",0.21859227014485597
"1355_2",0.41090321141433606
"10456_1",0.2723653936694037
"8757_10",0.5018840813678185
"2286_3",0.2957760183598493
"1297_7",0.6320188701902116
"5326_8",0.8061585683132372
"11535_10",0.7818185676991748
"4783_10",0.6326763300090181
"4292_2",0.17592023605849116
"2856_1",0.21791110242755432
"450_10",0.7426202463324547
"9611_1",0.5582985224137678
"2403_1",0.47808828245702417
"2037_7",0.6884600245261818
"9580_1",0.3662605608088889
"1694_7",0.6193275750200525
"11385_10",0.7347316943756996
"493_1",0.27829883098866515
"9013_10",0.8074891120567317
"11235_3",0.5040486726206295
"10793_3",0.28343510534879285
"2197_10",0.6643851521634598
"1887_2",0.3179057082446725
"6617_7",0.6833360706790546
"12028_1",0.09866202328433657
"5413_1",0.21012385348705334
"1134_1",0.32785577305326596
"1290_2",0.3165147130984333
"12241_8",0.5597909438154746
"965_3",0.3859485955712191
"2044_10",0.8738670514375029
"7782_10",0.41877838226180114
"6087_4",0.5660616356290689
"3600_2",0.3394137201804524
"1588_3",0.4216734834464019
"10421_8",0.5156171847570177
"3390_10",0.7121373934188914
"6531_1",0.3148914195639057
"9792_10",0.7394557708431836
"3755_9",0.7651720832947925
"11471_7",0.47947846399380006
"10427_10",0.6522775196712035
"4011_3",0.4326872632503373
"8784_7",0.41531798014254423
"10714_9",0.8575620610207116
"6031_9",0.5173038297558502
"8130_10",0.7019928071514975
"4772_9",0.46734333440074965
"6599_7",0.49779063711469324
"11335_2",0.3770069981334577
"6412_1",0.13816065786197768
"998_7",0.7148404765409236
"9542_10",0.7808467466938386
"1490_3",0.370434958903084
"4142_10",0.7901455550910986
"8371_10",0.7674274213872346
"5457_8",0.7177774920194642
"5001_8",0.6126616567801463
"150_9",0.7284354185446997
"8487_10",0.5710374913143786
"10024_3",0.19257051952878348
"3687_8",0.6981942284331624
"6171_10",0.7815105421548744
"5462_8",0.7181710213176069
"1372_4",0.3536960691199231
"7361_8",0.6159121667613902
"1030_9",0.711660495408749
"3341_8",0.43023255386272313
"7677_2",0.35851219298603565
"6584_7",0.7250360288445196
"2372_10",0.4631535976608382
"5898_9",0.8086833530703744
"7370_7",0.6350326135613705
"3018_9",0.8637640368028106
"4899_9",0.6537482802211941
"2385_4",0.4504066160390759
"8433_9",0.7170780046731394
"1989_8",0.6131636524961114
"10401_7",0.5573891533042945
"5668_1",0.3854352855398255
"11516_3",0.24646006156941758
"12419_1",0.18600974977007842
"5402_7",0.45462766971730895
"10537_9",0.6794695800896746
"117_10",0.6660036316283329
"6756_4",0.47281215331629084
"4051_3",0.3946808137754564
"9687_10",0.5848191304138616
"11011_2",0.09585473259769042
"8460_8",0.5319647891235103
"5155_3",0.4290325911504823
"2473_2",0.3197297990132609
"4074_1",0.2861172915153448
"4730_10",0.6044621390503626
"5310_2",0.313395663259415
"6630_10",0.7683462289227883
"4363_1",0.1393434560814286
"1022_3",0.3732483983250857
"8247_10",0.6694139402665166
"7437_10",0.7185525686545099
"3846_7",0.7218056991750373
"7298_1",0.17466087874358122
"11955_4",0.3810412380529989
"9448_10",0.48917260580005
"142_1",0.1747145373577954
"2260_3",0.20893190193056246
"9012_4",0.3731022267216864
"5321_9",0.6828084861822894
"527_10",0.7883886522781516
"2898_3",0.3376037405532871
"12302_9",0.7585233287660416
"1463_4",0.6009578561402162
"5278_1",0.1824825793295579
"6450_1",0.2308953475892771
"9704_1",0.4393433145731763
"2673_2",0.3703122873569127
"10175_2",0.26727292469413955
"8006_2",0.528813488032188
"9492_4",0.4130662648365513
"4595_3",0.562781044307361
"9499_2",0.2873821538703679
"7869_1",0.21570983056565807
"4047_10",0.8572071555970786
"4962_7",0.7188372431695846
"4052_2",0.2341200904540838
"1423_10",0.6533922832041522
"7376_2",0.238227283704464
"1067_9",0.7092360732450514
"3289_1",0.3783572897532995
"5780_9",0.41599215253978944
"2965_2",0.3350985397583103
"4127_10",0.7420537942394183
"10156_3",0.32404526150409146
"11164_1",0.3355304335785363
"1422_10",0.6533922832041522
"9470_4",0.35282298840012394
"7733_3",0.4962401979757187
"3814_3",0.4783584025808325
"9900_1",0.26220312014313363
"5363_3",0.1391508575885221
"2878_7",0.5537852370892293
"11647_2",0.29102260840758026
"1729_1",0.47448190749025476
"2263_1",0.4220155418815596
"11707_2",0.25428155463868696
"10722_7",0.7180991655660566
"6321_9",0.561954615979349
"7339_10",0.767916761852161
"8003_9",0.49386191413624564
"11009_10",0.499206385466897
"9458_1",0.36167868690244426
"10359_1",0.12342326519210274
"5530_3",0.41667109335186847
"3377_9",0.7909703499341052
"2256_9",0.6814526725373727
"9036_1",0.22948819553199903
"7621_7",0.49614157807789167
"9992_4",0.4674601435091749
"1004_10",0.8237541024936011
"6339_3",0.3400123663240789
"5554_10",0.6554868405872486
"10128_10",0.8119548468267812
"4540_10",0.7319651143968062
"1410_7",0.6289842540140056
"7072_1",0.2840955232147889
"4324_4",0.3263431876945389
"9611_7",0.5520395486466139
"7571_10",0.728870902164522
"11337_1",0.19944019775388994
"1169_1",0.37286546899181966
"10881_4",0.1897351111992924
"8782_4",0.3720717462319523
"5357_10",0.7764033868603074
"9318_7",0.6178602482208299
"9071_3",0.6914524741499657
"485_4",0.3585124699718692
"3164_2",0.46321063260202133
"1343_10",0.6697250331800849
"571_10",0.7884777224005367
"6749_10",0.6777853487216179
"1945_4",0.333685992505033
"8132_3",0.20358150449361295
"12380_4",0.3214206286076706
"11183_4",0.5298080668079356
"10526_10",0.5624813890502097
"7234_10",0.7864890890959824
"3054_7",0.5370328399249454
"5217_1",0.1568713641314732
"7106_8",0.4887628908559515
"11043_10",0.742088262458654
"8447_2",0.31399481864723133
"9744_10",0.7309422775115657
"10638_9",0.7043482076345241
"8778_10",0.6637370296123019
"3666_9",0.7350203757678029
"4223_10",0.6074215834861748
"1642_2",0.4411514367198601
"10541_8",0.4121816843423008
"8067_1",0.34288531523915683
"11116_10",0.677211429313873
"8701_1",0.3746106314662657
"6422_8",0.6615588679839626
"9168_1",0.33342447646712325
"4130_1",0.18262783041203895
"8492_1",0.2569893140273003
"6430_3",0.3326845600023516
"9306_8",0.6701029457092279
"10487_7",0.49248641601342635
"6687_1",0.3804987260419084
"11869_1",0.24935355680981056
"9224_10",0.7850614428417045
"1625_9",0.6637229262949942
"8651_7",0.5839187771930271
"3702_4",0.40384709974224564
"4470_7",0.5019647622885816
"31_4",0.25962664471626223
"11316_10",0.801970113903349
"5961_8",0.7044311791676798
"4428_2",0.27268769305671653
"2540_4",0.47823108488259336
"4855_2",0.6492741672776144
"9997_2",0.3164753134297075
"12214_2",0.4235579927218393
"12383_2",0.28626424021266095
"12344_4",0.44739688537285044
"8147_10",0.659537984109202
"2019_10",0.8530362489286861
"8161_3",0.34894807858139576
"7312_10",0.5842923798010649
"9310_8",0.4609994126552011
"11966_1",0.17465999822224473
"8962_1",0.29137160460396777
"5661_4",0.1714125670115296
"5765_4",0.26270044542178306
"10934_8",0.704596018385647
"5801_9",0.5228836323845643
"190_2",0.4343911010533606
"880_8",0.5683733359737421
"10677_10",0.6552605233779182
"10520_10",0.7748522271362435
"6697_7",0.4533406934537238
"11582_1",0.1559367667097276
"1986_1",0.17381918528002938
"6021_4",0.36488397131820105
"7220_8",0.4595853385895854
"5870_1",0.30524059426595573
"1459_7",0.5539912653167092
"1733_8",0.8056352852974961
"7060_9",0.7132025974295666
"5249_9",0.6900717684649307
"8845_9",0.7047936534935966
"10133_8",0.611368852724307
"3041_9",0.6330251738344571
"11504_1",0.5442400342722353
"6261_8",0.6712523947339086
"2942_10",0.8285844997241443
"5522_10",0.6234911069469612
"4260_8",0.49486549701038385
"1600_2",0.34267265190011525
"1698_10",0.6175997822065196
"5823_10",0.5123960275264864
"2413_9",0.7567669292333565
"7316_9",0.49080364371097157
"5963_2",0.17310337803613726
"9960_10",0.7752082449759441
"6014_9",0.6755808570502342
"2357_4",0.2452582271140397
"9788_10",0.4556103233490321
"8100_2",0.20663466358404692
"4099_9",0.5948501846508703
"10894_2",0.18288187833208994
"7940_1",0.19869276502323457
"3605_4",0.5121703098760301
"11270_3",0.4445114774008269
"2306_8",0.6608101528834328
"3825_10",0.7460976120714544
"161_7",0.42348920439423654
"12121_9",0.4547945178734893
"7916_10",0.5302207510332324
"10598_4",0.29684707420118434
"3484_10",0.7756377699168867
"8967_1",0.20598024527590353
"4005_2",0.4524158759678949
"10355_4",0.50853274148182
"5215_10",0.6436549725433179
"943_3",0.18612996147710734
"11786_10",0.7591832318489018
"5938_2",0.3600769568851615
"998_2",0.34327176479818045
"4333_4",0.370071284018325
"6606_9",0.5713629704062974
"5251_2",0.31269617692107926
"4152_4",0.6211426008345375
"3148_2",0.5375948668155232
"3344_7",0.7799610271855867
"9832_3",0.46412258953746427
"2689_3",0.548760017767697
"3400_10",0.732801242834977
"4000_4",0.5287252281570967
"3934_3",0.42574244856267174
"9014_9",0.5707680603984618
"2339_9",0.6476619504778983
"8833_1",0.26321902614653775
"10197_8",0.7964958701395531
"8811_1",0.4523139888342257
"1805_7",0.7207556803861476
"2238_7",0.6050780252733317
"2487_9",0.5133384910996178
"1737_1",0.2632491474885312
"4085_2",0.20743701699095732
"5665_10",0.6473904775791224
"9721_4",0.2596393139674968
"10577_9",0.6088159943085693
"8892_7",0.6755515356404537
"4503_10",0.8612666253196214
"9348_3",0.17128922050860498
"10382_10",0.7109823114824697
"8339_3",0.1684275732462729
"5199_10",0.6823301132817207
"1897_1",0.21996385966915472
"3578_9",0.6417322206885906
"9192_7",0.5842431920209795
"12154_2",0.28835805680112964
"5089_2",0.22421829772026183
"8988_7",0.4255420244287788
"10170_8",0.5708304669220031
"6690_8",0.6797035774232583
"2549_2",0.1035094732356162
"6546_3",0.18154262035193455
"5283_2",0.21181572800738374
"8131_9",0.7206436825699725
"4745_8",0.645616870371848
"7251_1",0.2973376088884389
"1829_8",0.7566608534475369
"11922_9",0.8155666125968396
"10322_1",0.12785005078862455
"3163_4",0.47561095041999574
"11849_9",0.7264836330628306
"11809_10",0.6866511676623989
"1275_3",0.37293043815981197
"11694_4",0.4317103459569746
"12112_8",0.5458334661848716
"11212_4",0.5652589150626253
"5124_10",0.6006348295926037
"5362_2",0.20123847180331006
"2680_9",0.7089674040287643
"11181_4",0.6169400819996094
"4345_1",0.29761348379838903
"8916_7",0.6922852305669677
"10042_8",0.6888313562313755
"10324_8",0.5727485475562171
"4425_3",0.49644543941580566
"9133_3",0.5065095982676034
"11028_10",0.7708881778470937
"1941_7",0.5606646742159557
"10142_3",0.3919586970468717
"4572_1",0.2958400951740071
"10512_1",0.10845501741796593
"7180_7",0.4611133973109467
"3948_1",0.26789957847223295
"1238_4",0.3767433682743248
"5269_9",0.4997344540995664
"12346_8",0.5039651355473593
"11481_4",0.39692927502873154
"1943_3",0.176664829352889
"4742_1",0.13222027510561501
"2433_1",0.2496710736780806
"4422_3",0.33250187089622085
"342_1",0.20999805353148354
"736_8",0.7274699119765566
"3036_10",0.6035313809423668
"9336_7",0.5530768048430224
"9205_1",0.09457492519603
"9923_8",0.6517631184695849
"8875_2",0.24852082251331564
"2023_7",0.6796233685782974
"4102_1",0.42970021168263717
"11345_1",0.14650035367657682
"6736_9",0.7951621729676657
"7839_8",0.8018689796131164
"8572_10",0.570797770900588
"7211_1",0.3140892846647178
"6666_2",0.19131318543198098
"1978_7",0.6697997332826449
"3156_1",0.26894684087007026
"3333_7",0.7108759175617182
"3720_4",0.5102282650925537
"1450_3",0.6557172119254621
"8563_10",0.559837549984908
"9087_9",0.7774251456479088
"6843_10",0.6588457106661807
"3485_7",0.5120589654724685
"4259_10",0.7982284414336094
"10186_10",0.607136905243591
"3312_3",0.29676806031512243
"7624_4",0.40419762579531265
"7930_3",0.26646905228265383
"8407_10",0.7053558557078475
"1771_4",0.5782686697759051
"11919_4",0.26439177705871136
"425_2",0.371751685923978
"11795_2",0.3230173523943484
"6767_1",0.2587285076414764
"2996_9",0.7533288711243388
"990_1",0.4167701741482769
"3757_3",0.5272551461983866
"2981_2",0.4306038224029222
"10277_2",0.4046250699305069
"662_9",0.4689118297627812
"5311_3",0.35584407404435336
"3796_10",0.6624962504783083
"3846_1",0.19955156123805007
"5651_2",0.22904584689474766
"6649_3",0.3471792208666419
"10779_2",0.22937405195054453
"4548_10",0.5717117328405305
"7275_10",0.7708158244424536
"1605_9",0.6106555194695307
"3580_4",0.35563314389395195
"5712_2",0.2269483166301224
"5287_10",0.7341027873436528
"3230_9",0.5870541802244327
"7936_1",0.3485100573958118
"9983_3",0.21417179003008013
"9959_7",0.7075022587701215
"5739_4",0.3981950190878756
"4308_10",0.6951541847249043
"4854_8",0.5647305341250531
"8620_7",0.480301744113499
"7923_9",0.7284222136649062
"11686_10",0.6701026479872119
"8253_1",0.4888905424571071
"11030_4",0.5843219957245335
"3995_9",0.7206498827131496
"10763_9",0.747907794955837
"6780_8",0.6598534850717447
"10895_1",0.25068545594589636
"11778_1",0.42539983882537424
"8512_10",0.48754428492725754
"1061_1",0.2984166585687268
"10584_3",0.18117491311056583
"212_4",0.2380498455234
"1908_2",0.23461006983842855
"10958_1",0.25013103014373467
"980_7",0.595589748166179
"2686_10",0.6897049248270642
"2088_1",0.3814659059453409
"6075_1",0.3257795872057385
"9782_10",0.7963093188297891
"9180_3",0.3297570020377506
"2478_3",0.19368293761877226
"1634_2",0.11377264796361246
"6810_8",0.6476428705599833
"2562_10",0.5618774296583489
"3841_7",0.6257798839025185
"5387_1",0.24922508669133955
"9047_7",0.7464419543467931
"4962_4",0.5268771662883
"8597_8",0.7221138171558478
"1515_1",0.22158185313355014
"1974_1",0.5292167486624081
"9935_3",0.7490501481010997
"2404_4",0.5573947975368777
"8638_1",0.15078025041916016
"8720_1",0.3865925680569798
"11411_2",0.4141746824550734
"7676_3",0.5162365932966605
"11756_9",0.5547447755934358
"4195_1",0.19704569292269933
"11787_10",0.5011054963956048
"11838_1",0.3723097831117031
"11748_1",0.1670845527344255
"7309_3",0.5359829371825936
"502_4",0.6733115348987098
"1239_10",0.5240201808128595
"8925_4",0.3128216350230883
"4242_1",0.2630633955368861
"2112_2",0.27390668081795727
"6359_8",0.846218422199393
"8034_9",0.8135199804232288
"807_3",0.4728685262606644
"7852_4",0.4987784920869858
"8014_10",0.7607732295462348
"4823_8",0.7014553156455228
"8448_10",0.6015153330425766
"3564_8",0.5070481587081623
"858_4",0.5871107870473297
"8529_7",0.5455839282381447
"6515_3",0.22844301696959013
"2646_10",0.5645638672853258
"4278_1",0.4683456325795799
"5641_7",0.5127627417601405
"5382_4",0.3401234319291538
"3300_8",0.6854249792041168
"4849_9",0.7311729822712711
"12013_1",0.4044078627523561
"107_4",0.44710488613801347
"10046_10",0.5873251781789085
"9141_10",0.6481439656584341
"10297_10",0.761594112264585
"634_10",0.7350210655335432
"438_2",0.27178730230108006
"11794_8",0.7562458850853004
"3937_4",0.3921696609643814
"3602_4",0.4581388710583531
"11851_1",0.24708072601559206
"8690_7",0.5858227919327291
"2697_2",0.38665969151368007
"805_10",0.7877325249546876
"7572_1",0.22818363343475082
"10553_1",0.28328639248583676
"5246_2",0.2995772524223333
"2064_8",0.47375226243046487
"11856_1",0.4133384211125612
"9026_7",0.5688380717160204
"4449_7",0.6775508305005399
"8579_10",0.6548382398204305
"8503_7",0.4703129692875399
"5734_1",0.5021633070121219
"11507_1",0.2881122680457555
"7956_10",0.44012280122491065
"11245_2",0.2270265961138748
"6142_2",0.4432411931701609
"10657_1",0.34960580845447087
"7992_1",0.4447308335917882
"11347_9",0.5542544873938797
"5278_8",0.7199819244334569
"6362_10",0.6400157182795629
"10214_2",0.3439726762012575
"9184_7",0.6762521789213682
"2666_10",0.5986246586412143
"7527_7",0.6550618467593036
"2001_1",0.2799309946427379
"12000_4",0.27504876663587785
"10302_3",0.4820248453113559
"7160_10",0.754795743982449
"2757_10",0.8203031182919668
"3792_3",0.4147536910370255
"6199_1",0.10606733874400519
"10467_3",0.34207923428033393
"531_10",0.7235324932093816
"8193_9",0.7463185149842224
"248_7",0.7691980113202529
"187_1",0.2656097195957518
"5193_8",0.6594405507516041
"5138_8",0.8080617392854973
"8467_1",0.42699631979306185
"11029_8",0.7476393764926108
"667_4",0.2785911364261551
"3714_1",0.2707180573093698
"8102_4",0.6190706373311224
"9195_4",0.11535305462520687
"1432_3",0.25353559664845904
"9095_10",0.5860743884492198
"11510_2",0.4126157923185881
"5644_1",0.430087996180594
"2556_8",0.5106973969753603
"11887_2",0.3550062596768803
"5374_1",0.22979994955100067
"5356_3",0.32376793631910233
"10209_1",0.37950466852045694
"2001_8",0.5146152460532598
"6088_1",0.43204925964109575
"6140_4",0.4913583664215788
"11494_4",0.34615235185969156
"11631_7",0.6539828180796949
"4818_1",0.40862789307464964
"10914_1",0.20939363470022598
"4472_8",0.7468206051539852
"8735_9",0.5284350762723721
"11190_1",0.31170445359525306
"462_4",0.3083633589182506
"6566_4",0.34326942909852753
"4598_4",0.46400142640010905
"11566_1",0.28564208945800457
"2560_3",0.3845089668468449
"11969_4",0.3767010371843423
"8765_1",0.12783190175035072
"9957_10",0.504836711585734
"5210_10",0.6176739026220893
"5007_10",0.7050795599339907
"10290_10",0.7154285550637111
"10319_1",0.25707323125486825
"1848_2",0.17808511421548745
"1319_3",0.2681444320888339
"11248_10",0.7564136911745869
"379_1",0.21547817515790418
"3469_10",0.6706847149880872
"437_2",0.2191830940679579
"3648_1",0.4292384972303333
"8834_1",0.376289782375343
"3316_1",0.22562963696874977
"9563_2",0.35037292983959467
"4500_9",0.6269426276697103
"6226_3",0.2746165989213457
"5653_3",0.30874311510120445
"5415_2",0.21862834926056338
"6725_4",0.14461458038123312
"9462_10",0.8026337004127639
"3471_3",0.510741464869135
"7259_2",0.21077931191063193
"8181_3",0.31285564888482653
"10749_1",0.4596508036405371
"12283_1",0.1456260841451305
"402_1",0.10140046051737331
"8024_10",0.7560959715389995
"11114_1",0.1614777776718007
"461_1",0.28459043589808997
"10025_2",0.1961029189561889
"3358_4",0.5367847837243811
"2022_1",0.1757497792644108
"12493_7",0.7710786043762696
"4131_9",0.7931356250383563
"9852_4",0.2701585193992031
"7122_1",0.19076487685079255
"1994_10",0.7995760010238907
"10723_9",0.7426980921851186
"3900_8",0.7722204461400058
"7741_10",0.6414624405753296
"4287_9",0.5929399940708596
"10195_10",0.6621757644402576
"10941_3",0.2330340902307845
"1615_1",0.36327150518587514
"12337_3",0.26306855466194434
"2259_2",0.452511646260032
"6179_10",0.8209346352275871
"138_8",0.6056482615563203
"6482_3",0.39777250170718403
"10362_4",0.12037858990697463
"1341_10",0.6902422455981413
"8299_8",0.5624220288155921
"7839_2",0.21742751735182855
"6659_7",0.6045920504755831
"7143_10",0.8432841079051203
"12445_1",0.13449672344118035
"3796_3",0.3508838607701
"4180_10",0.6772532449673502
"7775_10",0.753181945378025
"8946_9",0.630332049624804
"1936_7",0.5904768240001617
"8387_1",0.16353974677238442
"10092_8",0.7514139844190754
"5729_10",0.6791591109537354
"1399_7",0.6792221356749026
"4011_8",0.7378833417782134
"7868_8",0.7760160052398399
"3546_8",0.6112195651547105
"8643_9",0.7851046957512008
"6033_1",0.2634991373150684
"428_10",0.55558359478828
"3385_10",0.8165455343111374
"3073_2",0.23640677984942335
"4169_8",0.6655022688420051
"8191_3",0.2993816850736874
"211_3",0.24496789192872176
"297_2",0.40050101487051043
"4286_8",0.780449287298094
"535_10",0.8427567549900934
"4851_4",0.5502099372320166
"9707_1",0.30166863056002896
"9740_10",0.5289627330742005
"5410_1",0.15121214107819209
"1436_1",0.34963067910426393
"3766_10",0.6670643206390289
"2483_9",0.7067135304778902
"1937_10",0.8662171307079455
"2939_3",0.2872515213481455
"3372_1",0.2337087548225348
"7825_10",0.6071826982076963
"7780_10",0.831378976393002
"7656_10",0.6484539428759931
"4850_7",0.6151153072070131
"5083_4",0.39906502310662656
"10429_1",0.21192436177846713
"8009_2",0.1366121350083136
"10879_4",0.2875200043470392
"7328_1",0.30543529998097985
"10055_1",0.37510659757966475
"11715_7",0.5695667764779507
"1547_1",0.2223332906514926
"7665_9",0.42560356300931323
"6061_10",0.6712077970615458
"10800_1",0.26910177354743076
"10234_3",0.3055033205981021
"11334_2",0.31949384688498844
"3106_1",0.22612807912111746
"12173_3",0.34024241292251434
"2076_10",0.7754926434675149
"4414_7",0.4958018951527024
"7679_9",0.5645537853483347
"2010_1",0.13134386468363035
"9460_9",0.778161000145118
"11261_4",0.4149822136999122
"7500_10",0.46169519680876786
"9503_4",0.3774209856355855
"5937_4",0.35600438169129345
"87_10",0.694124876293754
"2968_1",0.19106508564643998
"6728_9",0.5186414227838123
"9954_4",0.2362688661653432
"5875_8",0.7384261837857077
"12429_10",0.5135664073978534
"11247_10",0.6378567365081595
"8879_4",0.6118289534626542
"2999_1",0.31997239733224936
"11448_8",0.6240336377005903
"3629_1",0.2058438779888284
"1302_1",0.5703063965099926
"10851_1",0.22575822432942638
"9533_4",0.2529296670874345
"4078_2",0.3454638836520311
"7813_3",0.36236955547250377
"11284_10",0.7122815960156146
"3509_8",0.7556599348114836
"11198_3",0.278962094265331
"9197_9",0.7617459456215512
"3603_3",0.7253242145891894
"6472_7",0.8274810226283386
"2410_2",0.21251811252743083
"10240_10",0.6351156499520877
"6507_4",0.4040511064498423
"1511_2",0.4064930098787508
"5475_2",0.21183166859990996
"5728_1",0.13618793214699013
"5294_1",0.3028073046297061
"12024_10",0.6622929795843325
"2355_1",0.3064698423929118
"4088_9",0.6653594392445692
"2580_10",0.6320160021741026
"9423_1",0.4442903333286518
"6836_7",0.6950937926635481
"11806_1",0.11885881683376691
"8412_1",0.3122026146572904
"770_10",0.695411930205985
"1029_10",0.5925696274928747
"11288_4",0.4323965754458675
"690_3",0.42187806964847085
"1925_9",0.6669056536335066
"2116_10",0.6217216755748861
"8597_2",0.3934250004421474
"8734_4",0.38067020130651297
"5549_3",0.23943303642700325
"5447_7",0.6871033876657245
"2519_4",0.4111460587806856
"11323_7",0.5755953384752173
"9338_1",0.09026581499527435
"3299_10",0.7461698134941798
"10585_8",0.544552921280813
"3945_7",0.650888296284342
"813_1",0.311332336305995
"1300_9",0.6291057422353846
"5849_7",0.7170944467246814
"5535_8",0.6482974078760126
"3612_2",0.2082671507089054
"11064_2",0.17546197952643064
"376_10",0.6581146474015767
"8504_2",0.1523566910670356
"8198_1",0.32524566465489047
"6485_1",0.1626318101170814
"9011_3",0.4282057960931413
"6766_1",0.42871455297748706
"7282_3",0.506006363150355
"1450_10",0.650301297054065
"10644_8",0.6067283606765529
"5424_2",0.6310466422104929
"86_3",0.4294922026874714
"1221_1",0.30464830437228185
"2309_3",0.4037877133533637
"5190_4",0.31077665460284104
"11498_1",0.3248348614975318
"11959_10",0.701091142524593
"10465_10",0.653764178574488
"3922_4",0.5294400712407663
"9710_9",0.5667565794246849
"2014_1",0.16172687544671116
"3791_9",0.47902975859298635
"3548_4",0.36203265014440966
"6001_3",0.3663120381018774
"11920_4",0.40998702334868087
"10152_9",0.6665336212669069
"10305_1",0.6723637531424989
"10626_1",0.46335638712770805
"3057_3",0.4607862787545179
"5387_8",0.2241391864358099
"8138_2",0.25973588836172296
"11134_1",0.14771378655245238
"8341_2",0.2154805293324149
"6687_9",0.5965945204192318
"671_3",0.47592614103121755
"1156_2",0.1910110547734373
"11841_9",0.753475146926684
"7193_9",0.7317887510997167
"2257_10",0.8005561281532295
"5261_3",0.32385587453180203
"10475_2",0.367989195648938
"11175_2",0.29157788865230555
"8122_9",0.6048513080218425
"6266_7",0.7229044920111847
"4340_9",0.4779982889903989
"331_4",0.34720397494845473
"854_7",0.5447333414590798
"6800_10",0.80651469836127
"982_8",0.6677819133457661
"5916_7",0.7704404658846227
"5871_2",0.3190790458072707
"4106_9",0.8050806950747449
"8506_1",0.3543803979175493
"4610_9",0.7585891448706842
"5086_4",0.3669811105129572
"453_9",0.38406561614537
"4611_3",0.3105414737612267
"3764_4",0.18891068971137842
"7644_4",0.24969494030077083
"4037_2",0.09051142691209556
"1595_10",0.4907237206472734
"7792_3",0.21062324131690316
"10068_3",0.3692544954661761
"7199_10",0.7314428071170673
"2050_3",0.22129051982017672
"2460_7",0.6278451640317675
"9299_1",0.2071752018563137
"6297_4",0.43492969946454557
"7797_10",0.6809012137849342
"11272_8",0.6986542074089427
"7808_9",0.7041234107971328
"5806_3",0.29839522370711347
"4573_10",0.545428273475644
"3935_7",0.6716917447573859
"3502_1",0.19910813856890314
"5744_10",0.2621764702120283
"10548_10",0.7284115743710198
"3746_7",0.5679872501317809
"3851_10",0.8716977012423781
"2648_2",0.31467774939267457
"11397_3",0.28422326561430955
"1024_4",0.35079421975566727
"4034_2",0.12296432629977998
"7010_10",0.7690423346721922
"10429_9",0.7463330620971523
"8086_1",0.11025915169619135
"6463_4",0.4981234834453387
"3540_3",0.5457977190324287
"7608_8",0.7063025077271878
"5123_4",0.5256368565015063
"8139_4",0.41515542718511667
"2535_10",0.6819830211443592
"4187_1",0.24039065999255482
"1711_4",0.3782355315216766
"6197_4",0.40861181544305814
"4953_7",0.527816542149863
"578_9",0.7036816814075302
"4244_10",0.7101515181857765
"3893_8",0.7225674438120837
"4903_7",0.5020834915522913
"9850_8",0.7708282686254434
"11450_3",0.3253976757370682
"4926_8",0.7989660137512132
"804_1",0.3035524216774125
"5933_7",0.6115275925471069
"4407_1",0.2758013898288787
"7951_7",0.6359534205142863
"9759_10",0.6532738929904178
"3936_8",0.6347075160750216
"6998_1",0.43815452989762255
"8967_7",0.6544172083384701
"5061_4",0.5773616557174832
"7787_3",0.28725365418905613
"8320_10",0.7620928988800431
"967_7",0.445461592334774
"11996_7",0.4368547409017149
"4233_8",0.6239177442142678
"2494_8",0.6948055399716171
"6804_8",0.6320113883203472
"1452_3",0.43568916494840587
"10327_7",0.637477794398172
"1510_1",0.20990754956132707
"7223_4",0.39130899278589404
"2280_10",0.7502842243190428
"4092_9",0.7487183687472483
"11305_1",0.2903258264747372
"10599_1",0.2763383407268879
"9545_4",0.4520262860398482
"6423_8",0.6185673228460349
"12314_1",0.31685005767949503
"8470_1",0.39793777225349675
"8957_8",0.6999278727850761
"1725_9",0.8014887939627705
"11127_1",0.17310150587726345
"6570_8",0.5189292872716262
"10477_1",0.5021844217945454
"5503_4",0.3200346968899909
"12251_8",0.5540037988771925
"3474_10",0.8878408877188855
"7269_1",0.2830736889354073
"997_3",0.3952189785182584
"10781_10",0.6539656036797351
"6598_10",0.7334801550445821
"9225_1",0.3103278006823179
"20_9",0.7231548714881104
"9671_9",0.5603255956747073
"8627_3",0.2894460341467714
"12404_4",0.5697123884101185
"1110_7",0.7543928023679385
"6979_1",0.2213796513536354
"9082_1",0.1817635989398771
"3626_7",0.6479226118904257
"4856_4",0.6273113159311428
"11510_9",0.5373707844682104
"7024_10",0.8553121132617632
"1501_9",0.6391715423213524
"4185_9",0.602209479667711
"8671_9",0.7471557085490983
"2225_10",0.6687084222763373
"199_4",0.6703836568265389
"6027_9",0.7238888695749396
"359_4",0.4265299076190001
"4065_3",0.25446057658451154
"12333_7",0.5805635880464349
"1963_10",0.7178234079199872
"9106_1",0.2133879641778858
"10478_1",0.29219865026861863
"10859_9",0.6102393505549435
"357_1",0.23723558980594292
"6982_10",0.7543586228239857
"460_8",0.7358817615826574
"9266_2",0.4223182475912861
"351_10",0.75302797971825
"9562_10",0.6573787539815749
"9784_3",0.3419141867415971
"5949_7",0.7489822691309446
"6489_1",0.39004448827690036
"1607_9",0.5925888324331229
"4482_10",0.588961234566383
"8816_8",0.40828697519771023
"2427_1",0.517753735851168
"4838_9",0.8165394660958545
"10961_9",0.6905229507497881
"6708_10",0.6767841928152722
"1045_9",0.7471370991127599
"3607_3",0.3233200061488296
"4325_9",0.7357823933933804
"4779_1",0.2575482694963776
"4624_9",0.733906869478416
"4564_10",0.5339164741916229
"7132_9",0.5678550144744621
"506_2",0.28650631981039254
"5939_1",0.27500077907117726
"3219_10",0.833021233627967
"8620_4",0.33819968243096094
"2049_1",0.19139017515649717
"3367_9",0.5896157220127307
"7408_9",0.6547897186526941
"8850_2",0.2976129810318673
"870_4",0.3428262292253644
"8056_8",0.5017914706454124
"11367_10",0.7293420299459366
"6160_10",0.6502660933067256
"6712_8",0.5929340876624306
"5267_8",0.59527024127695
"1191_1",0.3717835215858489
"1513_3",0.31774316557971716
"4741_10",0.46396594990569523
"9807_2",0.29082800333648196
"6926_10",0.7729687905234586
"6382_10",0.8410989924019157
"6636_8",0.6761267522265169
"6592_10",0.7659633731304615
"11308_10",0.612015647610093
"10853_3",0.2823242161395055
"1774_7",0.7014481971291955
"8259_10",0.6116342535475048
"8649_8",0.5740572150108602
"10739_2",0.4650706217627385
"9843_7",0.5425841447257843
"5984_10",0.7740314460905755
"8658_1",0.4200490595428559
"10386_1",0.1262026687842342
"3271_4",0.6091112118848409
"6167_1",0.1242734977159903
"529_1",0.32202361217401465
"5696_2",0.400926416531636
"1601_10",0.5045727663305586
"10744_8",0.7463285362493121
"6121_9",0.5306189285269711
"2598_10",0.7653998714152267
"9209_10",0.7299872565461146
"3831_1",0.2271056524141039
"7171_9",0.702350120399134
"1850_10",0.6747117830871041
"8728_7",0.7200790759641921
"7698_7",0.6566258182489796
"5954_10",0.8190215335392422
"7104_7",0.37628856639516695
"5617_2",0.4631857243923006
"3896_1",0.46170034580821606
"4355_1",0.41684479343090775
"4212_7",0.6084001216819593
"622_1",0.17695520872385617
"3368_8",0.6572215123815807
"2870_1",0.37598833763716943
"12107_9",0.800870147270284
"8016_8",0.7240082021577008
"8752_4",0.5089522555495203
"10653_10",0.6558080433359791
"7245_10",0.7619548824026035
"9742_9",0.6062015927214889
"7637_4",0.5375716820894323
"11903_10",0.679429228112767
"9818_3",0.42521399021702694
"373_2",0.35066988969171536
"110_10",0.6099757353804294
"2450_10",0.8449736365535132
"9009_3",0.19363029655484
"9132_2",0.3791863208844905
"11076_1",0.26610502293395755
"4285_4",0.4545667215842379
"109_8",0.3955692768380912
"2585_8",0.6453515451203774
"7781_1",0.1921017065901327
"1359_10",0.5519090734541835
"9773_3",0.28418071707979214
"10328_10",0.7334345405611743
"12063_1",0.419906374654955
"12061_1",0.2219836095045035
"555_7",0.4952566828002886
"2288_4",0.2530306408478708
"1259_10",0.4181903046043626
"12098_1",0.3106682119771492
"6493_9",0.6003796175275247
"324_3",0.36031984365510816
"7834_8",0.30889177896991626
"8918_7",0.6544150502776331
"10736_9",0.7649565986601267
"5272_3",0.3804047199325457
"4302_1",0.27539194604255945
"646_1",0.40504799626990046
"10868_9",0.5156993520637779
"9654_8",0.6919555869503924
"10790_10",0.7700629651024403
"10589_3",0.33040879294785697
"6364_10",0.674018384675873
"8477_1",0.12928289484264635
"6938_2",0.3364389840890219
"9420_3",0.24372597420951414
"1527_10",0.7439941946561565
"5769_1",0.3470543579308619
"1655_9",0.8331742876626962
"3917_10",0.7909328595997046
"8666_4",0.45408162351371895
"11820_2",0.37139099802545594
"11633_8",0.657668659515032
"6136_4",0.2909440043305242
"10293_1",0.3156975697071338
"1084_1",0.1710074235429903
"12287_9",0.639071181786087
"11297_1",0.3281377641158193
"6913_1",0.28407596541887026
"11371_10",0.7725507005688256
"9937_4",0.42205220807349725
"11341_10",0.7601663315104432
"5233_9",0.5757616440848562
"4358_10",0.7584206131388147
"10735_10",0.8829462312730967
"5234_1",0.35857635278298616
"7523_1",0.40989435721671935
"5758_3",0.26190773018752567
"11916_10",0.7930038085141448
"10276_8",0.5248247497437863
"5950_4",0.39365488869833737
"10329_10",0.6691108824756444
"8419_1",0.21370270593805715
"3343_4",0.27742241920585875
"3640_3",0.41879736131280054
"10160_7",0.6097012053793432
"1181_10",0.7186521766140375
"9181_1",0.40607948199228866
"5778_7",0.5079232557172267
"3659_9",0.694978451866328
"4695_10",0.7776529326179024
"25_10",0.756986001259665
"6127_2",0.26524054315129186
"1343_2",0.40632126400810487
"1110_4",0.21257778765636423
"12166_10",0.6642589118460566
"1853_8",0.804757825999894
"6651_1",0.3805332094391237
"4927_1",0.16073723207698642
"10933_3",0.4138850577592195
"6911_9",0.6753413084557579
"467_9",0.5162849872285845
"2267_4",0.37711614678800576
"9005_3",0.3171375255115973
"10493_1",0.2469888726413875
"8159_7",0.5635256421163196
"10039_1",0.2637346924877582
"5147_1",0.3526110578670264
"12176_10",0.5961358097699063
"9299_9",0.6264041826866931
"2824_10",0.6016328560178504
"7695_1",0.2550615491949638
"8870_9",0.7023047369408966
"4063_8",0.617663724042907
"396_2",0.30837341635849075
"9016_3",0.15836161239349197
"10148_10",0.741312012070046
"2028_8",0.7427394481628637
"3738_7",0.4468048477745135
"11365_1",0.37809767894394436
"9987_9",0.7946698623628227
"4050_10",0.833060078364401
"8028_9",0.6184193393605422
"10161_7",0.5288632829456261
"5997_3",0.3886258404431257
"7771_1",0.4846256429821663
"765_9",0.7129233759355407
"6558_1",0.2751326436212469
"9148_9",0.6303034486667434
"10100_10",0.6865618458482078
"11870_3",0.4202715583620324
"143_4",0.45292270778190113
"5865_10",0.5937622366307853
"2364_10",0.6912419407025581
"4695_2",0.24190305307567067
"3150_10",0.6684973218537369
"4181_10",0.6509599625386467
"8121_8",0.6291995830687634
"3263_10",0.7684835161783992
"9178_8",0.8330912729856687
"11323_2",0.32436186017739177
"8922_10",0.788820594934318
"7884_3",0.4668449844687226
"6474_1",0.4972674631785573
"9697_8",0.6255236584432787
"9184_1",0.24190380232011288
"9483_9",0.712801334379719
"5353_10",0.7355236547005054
"5978_2",0.26705364012395044
"7162_4",0.5492417158511544
"12175_3",0.19612544278196942
"8229_8",0.7028441945785119
"8618_2",0.15727084683020728
"854_1",0.1748603131210051
"1379_10",0.4854660797086522
"10833_9",0.639046732710649
"2244_4",0.30445029410681834
"8145_3",0.39944623104658655
"9069_3",0.42386390695466875
"691_7",0.6665245107663923
"421_1",0.3015246627678092
"951_1",0.6380231658302062
"4966_4",0.35918199201475326
"9116_10",0.74166742957705
"7903_10",0.7173637296046823
"3684_3",0.3998226846168905
"9435_1",0.336692894917083
"4998_1",0.12642910878399952
"9698_1",0.2016568354457786
"209_10",0.6476710583495684
"10314_9",0.6409041163548087
"6677_8",0.5104528912617248
"3044_7",0.517806660260344
"1322_1",0.20727236707580746
"3185_1",0.3304315289835059
"6619_1",0.20237901601222
"3765_7",0.5326494691573153
"3348_9",0.45170547344143236
"11833_4",0.36387610801956627
"2250_1",0.16088192288982664
"7760_10",0.5066688407148466
"8619_8",0.5933064575798386
"5790_9",0.5126499293172554
"9197_1",0.3511193116432033
"4350_2",0.154121391410237
"11545_10",0.670237193346188
"12448_10",0.649838641379193
"7160_2",0.24814120251843286
"5966_4",0.5678635573896421
"5284_10",0.8124790353798571
"5276_8",0.39076468603342984
"7498_1",0.36436783080160856
"10729_9",0.7571700388835754
"1827_3",0.19659721280688583
"3111_1",0.1759422169328029
"8298_8",0.5249341881540731
"12447_7",0.550789257230834
"8035_3",0.2710322687335156
"1203_7",0.6748722012534789
"7620_1",0.3844436279567678
"2375_4",0.19678923330527406
"4026_2",0.11906890149114434
"1925_1",0.26612593402464807
"3658_1",0.27609224054993786
"114_10",0.7363444890158536
"3386_2",0.455655808595222
"377_9",0.6318000832367718
"8855_10",0.8186751910317556
"10476_10",0.8470137753395662
"9073_4",0.52901768132607
"3255_2",0.2462808640873471
"2918_9",0.6367127183357802
"5221_7",0.7014629780881283
"7546_1",0.21361876509395666
"8080_7",0.5752115660756533
"7434_10",0.44358192591190876
"1772_1",0.4042674245003581
"2690_9",0.7489931204888104
"7133_9",0.5713942199023023
"9947_9",0.6524661815082606
"11865_1",0.4613569076784821
"6346_10",0.7121823256214941
"2945_3",0.327854073069314
"3625_8",0.6587699461360431
"694_4",0.3332363514062745
"6795_10",0.7122245388095317
"9353_4",0.7283100296127458
"12345_10",0.46662319512516565
"5316_2",0.3637092715147685
"12204_2",0.3405579858329729
"2186_10",0.6869359032776966
"5568_1",0.3571900220248057
"11080_1",0.3657254756379698
"228_1",0.33565608335025404
"7795_1",0.1784769156969398
"4886_3",0.3323961626024359
"11547_9",0.5466285168117789
"7494_2",0.4818488090695063
"5466_2",0.3790891416180086
"3655_8",0.7730965441529377
"4790_1",0.28792926519576983
"12370_10",0.6400418665301371
"546_3",0.4667385111792365
"11818_8",0.7793052827560117
"9426_7",0.5715470027991775
"1524_3",0.4448337253128167
"6486_3",0.2773648983819294
"5288_3",0.13912859805280647
"6797_3",0.38765746453025296
"8130_4",0.49483405326339713
"4064_1",0.3542113870210608
"4832_1",0.3136500556781632
"7232_1",0.31884294633393545
"7279_3",0.5647399919952882
"8356_3",0.48684514072783336
"3556_4",0.4255049487024518
"4097_7",0.7420492281321472
"7801_1",0.5231725843627898
"8393_1",0.36364967537300963
"5847_7",0.7894793631544504
"4470_4",0.35996448279222987
"6922_3",0.20663728470477707
"1094_7",0.5449258934357347
"10740_10",0.733130703067251
"4933_8",0.6827457668324002
"7794_10",0.9034142863127153
"7218_1",0.2901381921524695
"12470_7",0.542941879438473
"2980_7",0.7417978127130604
"10896_4",0.38181900623778214
"8652_8",0.564376510734041
"3638_4",0.28190140241348655
"9497_3",0.5103758683637514
"9266_8",0.772412407248774
"7392_9",0.5715038105024547
"10_7",0.6288816292710705
"2466_7",0.5441286011256476
"1612_2",0.2872294548476916
"10262_7",0.6626718989256475
"2193_4",0.4733011918601993
"179_10",0.8096527651411562
"6025_4",0.5333773143209429
"7633_7",0.694329621816099
"9716_1",0.17067627836789448
"9487_10",0.5271506029041327
"9800_9",0.7522415439923053
"6424_8",0.5077024824330516
"835_4",0.27684190032372274
"11351_4",0.43077922634210936
"5508_2",0.29984540904565915
"12395_1",0.3896151165543509
"11986_7",0.4424130238894095
"9947_3",0.5891318725045388
"11529_8",0.6806333959497208
"93_1",0.43438669026941845
"9914_8",0.664739363752534
"7953_9",0.6247679195713726
"9418_2",0.384014259432482
"9089_8",0.7152727740970192
"10337_10",0.7802871335310888
"4440_1",0.33685255956842736
"890_1",0.1847206865083679
"6965_3",0.3261092521555005
"6540_7",0.6163951020845789
"7693_10",0.6443110146795209
"6470_2",0.3602109408744614
"9262_3",0.39847914079687463
"1901_10",0.45586050533299166
"5107_10",0.7750559318202277
"6013_3",0.401043376217056
"9295_3",0.3248988408214739
"3450_9",0.6888075838942885
"820_9",0.5708512654529904
"3207_10",0.7643174713920422
"2620_9",0.5774690411098934
"9175_1",0.3809460368163798
"3058_3",0.2173164415126905
"4648_2",0.40120923192804286
"2012_9",0.6790698703245851
"8131_1",0.2019762395102722
"4808_4",0.3120346398456892
"9182_7",0.6336578930720372
"6829_3",0.25587500080492087
"10736_3",0.38778143390418374
"12347_10",0.5392185778185864
"9973_9",0.7544899440950663
"5320_4",0.5361804253645285
"4462_2",0.386503082786047
"2573_10",0.5882386424471902
"5580_1",0.16622452872257248
"11771_1",0.41629241159312236
"10782_2",0.4988724334017628
"7719_3",0.21701896959920672
"1897_10",0.5938667659126741
"8797_8",0.617747950311345
"5464_10",0.7659108617478326
"6480_1",0.1520962095244808
"10346_4",0.2098562109283372
"9386_7",0.4375060046433586
"1027_4",0.4939751449942759
"11905_10",0.7892277718722767
"7804_10",0.7150968259347467
"1491_1",0.4522235853164702
"6521_1",0.19869835951538115
"11835_1",0.1533345531224961
"9661_3",0.17700047284752843
"9476_7",0.47048330840353436
"1398_8",0.5364576304364055
"7373_2",0.4748580430746461
"10278_7",0.7604141222358791
"1422_4",0.49402060323284935
"2823_1",0.31902136157589345
"2691_3",0.2565529645973558
"5825_4",0.454117806824384
"4113_1",0.34492002761037094
"10081_10",0.4556119549862873
"6700_1",0.2613579600097545
"4482_3",0.3260727408074349
"652_8",0.5868465379031625
"5364_3",0.34170590810245377
"2853_7",0.629528630665785
"4328_10",0.6248480898467765
"2636_7",0.5821586677532149
"10850_10",0.7440338144479679
"12059_1",0.3149410834426902
"4135_8",0.7036321675255104
"6311_2",0.27261279679513706
"12379_3",0.16952731994821776
"7288_4",0.37452349175269206
"1463_9",0.693454461412527
"2112_7",0.6836822909356841
"3942_8",0.557559442970929
"7693_1",0.41383501711183757
"2451_10",0.6265614653587795
"11441_10",0.7289838698478942
"11331_8",0.5012462544959652
"7233_2",0.3183505478074535
"649_2",0.537773780239269
"6388_10",0.7227102974179721
"3861_10",0.4561419507606988
"4188_10",0.6349241754154312
"10556_10",0.7121270588546199
"5855_4",0.5552222959909277
"7153_2",0.32871971873688144
"9710_2",0.23579856127792
"7607_10",0.8638710096053412
"4534_7",0.42249168139624854
"11074_1",0.2165361928791185
"9650_7",0.603446657897094
"10921_4",0.4487442164217548
"6121_1",0.3366510682396537
"10458_1",0.3365486546213735
"9602_1",0.17135925274660188
"9693_3",0.4689385352078182
"9188_3",0.7443387046844755
"6333_9",0.6104927400005071
"8905_10",0.7272631751710995
"1335_7",0.6233797483219573
"11513_10",0.6804661128043393
"6925_10",0.7232261569544938
"10928_10",0.7270014837560068
"12454_1",0.3121790345049103
"6286_10",0.5079149875559482
"5163_10",0.5897284023059128
"10200_7",0.4594501450720813
"3501_10",0.8069704789745131
"6574_3",0.24649825767597894
"5169_1",0.488512014544934
"2640_8",0.7295694786739255
"7117_10",0.6745146671852935
"3569_3",0.5393390747712542
"9810_10",0.44546388420836647
"2080_2",0.35296753394457037
"3437_2",0.3518871356281554
"7503_8",0.6321260719281808
"3753_3",0.4745881694419181
"10868_1",0.20219255399429278
"12385_10",0.5357197912326827
"11870_8",0.7272772278347623
"6694_9",0.6935832057309883
"11824_10",0.8717044288965117
"1750_4",0.5210342390255048
"572_10",0.6067219478138908
"970_4",0.4157902909838814
"12211_10",0.48606640470892953
"6972_7",0.7904863918689349
"1554_1",0.5224272104068857
"8868_7",0.4416852619659827
"501_1",0.1918986416761171
"2023_1",0.23253960016184988
"4272_3",0.3061022389078284
"2536_10",0.5848946084992123
"2819_7",0.4120418078081725
"1810_1",0.18664208175164512
"11364_3",0.4304671430250723
"6086_1",0.198001451015911
"1901_3",0.224816881641634
"2847_3",0.35840022129037713
"6224_1",0.2956464493842039
"4305_1",0.22378777542650816
"3685_3",0.26658381342525556
"6292_2",0.4026355277663325
"10626_8",0.6133478794840013
"10721_4",0.580300551496555
"8086_9",0.7672708786859128
"7886_8",0.7874636493219676
"6601_2",0.48978494294902547
"3806_8",0.5935318730430545
"2611_1",0.3152931387432884
"1696_10",0.5038537581923965
"3823_10",0.4577839456074769
"6917_4",0.2646253944534266
"9469_4",0.4083586721005833
"9498_9",0.7497982404331095
"11046_1",0.2648716001603336
"6519_9",0.7376118567679807
"10676_8",0.7846233320293081
"3139_9",0.5417607571622551
"1098_9",0.6795643805055546
"2588_8",0.6491103157229584
"9924_1",0.1881798735833478
"2131_3",0.2697937884154112
"236_3",0.5360288400064677
"5390_2",0.262507972014064
"11292_10",0.44257645842819676
"4149_8",0.6086218597055543
"610_1",0.498383167151834
"10184_1",0.18807168128209398
"9123_3",0.31963925482287425
"3220_3",0.40316478883262535
"9124_2",0.2481490030717983
"9103_1",0.29608669280343664
"2896_10",0.6821783863328177
"8478_1",0.1730930626297603
"11845_2",0.32770495411395
"3646_1",0.6398122904776766
"12254_7",0.5956897458384082
"857_7",0.6868626743844135
"592_3",0.3473099893818741
"1276_9",0.6764580721091675
"5096_10",0.7949889741743729
"10725_1",0.4512146017816612
"8426_4",0.3972925273644347
"10244_2",0.30456317113882675
"4786_9",0.6025020265990344
"8358_7",0.36559009484301896
"5266_7",0.6565729255863919
"3581_10",0.6988576861817233
"12349_1",0.31594333345063563
"3429_4",0.4105558669788591
"9807_9",0.598481700853372
"6631_2",0.3209650157576113
"4981_1",0.11301543438301151
"273_1",0.30870564131497036
"733_7",0.5080658565304842
"4982_3",0.37241248683956707
"2347_10",0.7278635349385183
"6263_10",0.5758588366888064
"3699_9",0.6207689641580142
"2270_8",0.8118978523692939
"8095_10",0.7561780787758685
"3347_8",0.7143030296553279
"4161_4",0.4880549681884343
"3331_3",0.2140824736103817
"6845_3",0.1711139584104555
"9272_4",0.4437061482660276
"997_7",0.8004868188195484
"1798_10",0.7012078359583179
"4262_10",0.6367437922048566
"4868_7",0.5666564455956374
"7487_1",0.376191265917496
"8262_10",0.6824029624292355
"12397_1",0.14846722846033383
"4786_4",0.3213196627513462
"3240_9",0.7433792066254599
"10992_10",0.6607614256893221
"8209_1",0.20713795782979932
"6089_10",0.5631483242424467
"9735_7",0.5982237578739718
"2554_4",0.25581786632044134
"8995_10",0.7096722564718425
"5732_4",0.515929616603142
"1088_8",0.6843524453998223
"12345_4",0.4343569141285388
"9364_4",0.4015496318765425
"12348_1",0.42084976302473553
"3311_2",0.29340778352561503
"6707_4",0.46022664617374365
"7048_7",0.6754200422928597
"9736_4",0.3507407908759747
"2975_10",0.7277594977160055
"982_4",0.31010472118061416
"3227_4",0.29104133854968617
"5185_1",0.2991838287209053
"2131_8",0.6260410114859477
"6941_8",0.4464336119127655
"11936_8",0.7312094520998343
"2383_8",0.4430546374224704
"3057_9",0.6119867841060883
"8058_1",0.12612643352637587
"4622_8",0.6070937805905695
"2208_10",0.486430618562338
"12144_8",0.7691369904150557
"2737_10",0.6639172291900162
"3550_3",0.38130308912080896
"2789_8",0.6756191373602435
"11757_9",0.8449167299473256
"10676_4",0.4384259646433361
"2855_2",0.14766216154366166
"2740_3",0.2025366478175553
"8609_7",0.5268633326066869
"2147_4",0.5120912781889095
"8093_2",0.2327276333905436
"10335_1",0.43958158078076487
"1098_4",0.3155862020266261
"6255_10",0.3982575496041546
"7276_1",0.3094619942555046
"11301_10",0.7183357871581786
"1334_3",0.24975151364267453
"8983_9",0.6626463612824955
"1694_1",0.47010415591988836
"9658_1",0.18713096989777028
"8438_8",0.5648301897817399
"536_3",0.2370781219652219
"7074_10",0.681208431854499
"1992_2",0.3313243734235742
"5040_8",0.780556855151059
"753_2",0.4251615818725589
"7967_4",0.5188246710607127
"3763_2",0.48432223621833964
"3953_2",0.27170850887835774
"3351_4",0.5297862551344743
"1704_8",0.6636737888365221
"6817_10",0.7482322336005506
"11914_4",0.31353599010076566
"12071_10",0.7353487662885018
"6969_4",0.3162183420641018
"11992_1",0.3149883242150302
"11532_4",0.3626673992587824
"5253_9",0.7534833055014087
"5596_9",0.6854855968191433
"6560_1",0.22647398114357523
"8082_1",0.17572168814589348
"864_2",0.26802395766673603
"5929_8",0.4686147124459637
"10217_4",0.29647288673271593
"11277_4",0.36564417814290745
"10701_10",0.4591532905806053
"1245_8",0.6817815424326737
"10024_9",0.44782713772915855
"3344_1",0.4914531306508541
"12006_10",0.7097199497915523
"1031_1",0.2271741794457759
"665_10",0.7043079109758144
"10460_1",0.19668844491490808
"7038_9",0.5412504535193459
"7843_8",0.577956864346723
"5095_9",0.6732297593593632
"11426_3",0.3546331185352538
"265_9",0.7656301192042549
"7163_4",0.27826330444382863
"77_2",0.3054706387505899
"4709_10",0.7167638798271343
"11151_9",0.5891316378464685
"2269_1",0.48878450705950005
"820_1",0.3424221257213463
"1451_7",0.5081669502914902
"281_1",0.4236270524986518
"6598_1",0.34929440601176087
"4341_1",0.46135243474689325
"9560_3",0.27851531329450785
"4698_1",0.34952954786617163
"7408_3",0.21285644665937764
"11729_4",0.3284194033436253
"11489_3",0.37609766990158483
"9711_1",0.2137341078584505
"9994_10",0.762401639766959
"586_8",0.7517862633180353
"8047_10",0.6899143467029838
"4531_7",0.5671016001254201
"1293_1",0.1720297603808742
"7581_3",0.23380955943391357
"5129_4",0.47105668245780286
"1748_1",0.24678367993390277
"8155_1",0.26770349922367564
"8827_7",0.4700161026648822
"6616_8",0.7749819189602224
"1040_9",0.7056709233840766
"10942_1",0.5417620809795543
"5306_1",0.34612530576851647
"8168_1",0.25539279116915076
"291_9",0.8164843240713382
"383_9",0.7822440573532805
"11908_9",0.5417583674530991
"7898_10",0.5465719922407279
"4043_2",0.1250519155183156
"3376_8",0.33341150277472215
"3067_7",0.44874835209617253
"11496_8",0.6015516807119171
"9885_2",0.4673397350646783
"3554_10",0.7366422487540721
"2986_3",0.614195704216724
"1332_7",0.3742777119600011
"5585_8",0.7071613362060305
"5981_3",0.23918396143331982
"1556_1",0.16368555020796907
"8523_10",0.6995071892012901
"11792_1",0.1591935542300358
"7610_10",0.6666661597851119
"12114_9",0.5179476502394816
"8589_1",0.17707245720984355
"3898_8",0.8442130192517577
"5101_10",0.7745311529052212
"9607_1",0.6000199382122047
"6673_8",0.7637233446183833
"7662_1",0.3476132098310475
"2241_1",0.38936225003674213
"6674_2",0.2707164431462939
"7797_1",0.5087160954847542
"6400_2",0.2563421984065166
"628_8",0.5013117072633599
"4898_4",0.6923431452346093
"11592_2",0.38511960568960235
"1311_2",0.24979809259350455
"5494_3",0.3796625759531221
"7067_10",0.5896891261781496
"11267_10",0.7934609559080986
"6797_10",0.6154600681859776
"9987_1",0.17038006350092058
"9740_3",0.4178821533946139
"6743_1",0.15256128777428932
"5302_1",0.34587289411727007
"8464_8",0.5905358437150078
"7846_4",0.5325493513606631
"5990_1",0.13377384291590416
"10889_2",0.3207820366161802
"11406_8",0.4831582578567191
"9093_4",0.3743599442058101
"8501_1",0.24297810156101107
"8431_4",0.4114798910755553
"8076_1",0.1175798924074478
"6831_8",0.5767231628008841
"984_8",0.7566790288732587
"369_1",0.2934545428999005
"9668_10",0.7497973575026394
"2972_10",0.781583547664294
"5611_1",0.17106138421840839
"659_1",0.22886388172992556
"6360_7",0.5993039856129729
"7628_7",0.35712086513851243
"5311_9",0.5078978902466882
"2005_10",0.6217177298429756
"5396_1",0.324212427951106
"1308_3",0.16159238830356754
"4737_3",0.2766174381445337
"8042_1",0.2735135594076756
"11585_3",0.36304974970746245
"1182_2",0.19184708544601772
"2581_9",0.7685884043325186
"10496_1",0.18097705065718284
"3561_7",0.79176969660977
"8272_1",0.18062440717735123
"6571_4",0.4140931760919645
"3125_7",0.7450791519886177
"9120_3",0.19956861391238748
"12220_1",0.2825892228743139
"5783_3",0.37291261970400785
"105_8",0.6440772163252315
"11885_9",0.6280814835667621
"11317_1",0.2801099876477314
"7999_7",0.6381828424194719
"5800_7",0.6080893578073189
"2811_8",0.6068883783680169
"7381_9",0.5705383015948643
"9828_7",0.47684160738818265
"7849_4",0.5486825729128236
"8174_4",0.37092643597492564
"9320_1",0.22088470204596194
"5747_7",0.7174353852165072
"11097_3",0.19164667907211022
"6472_2",0.2709307862726335
"1200_10",0.6001039630158712
"10125_4",0.41697991081370983
"5422_10",0.676045909721531
"9889_9",0.7829376761030417
"7370_2",0.3348375630074823
"696_4",0.3678879825432697
"8609_4",0.30950761587979725
"11850_7",0.646210093704713
"889_7",0.5672381536611486
"8695_2",0.24700916443860213
"4944_1",0.2722287238029829
"6899_8",0.6361238357091327
"3388_10",0.7849690228634998
"1051_1",0.3970676116049238
"431_2",0.2988675650290567
"2353_1",0.39649256497018537
"5131_3",0.1149144988071915
"482_9",0.6233292541192245
"1283_10",0.7429912547180879
"10884_1",0.17565707916128503
"221_9",0.5117344935457919
"8688_3",0.18941664878447045
"9891_10",0.8143240006209017
"705_10",0.8445318437458147
"5604_1",0.1947598122350147
"4960_3",0.24096937181831463
"12439_1",0.27197045079737175
"8897_1",0.1971403124417651
"3549_8",0.6116812563095696
"7301_7",0.5000987877212003
"8183_3",0.414951775601975
"7751_10",0.6981537432802448
"9084_9",0.5668011610019622
"3048_1",0.2564260620300177
"8443_1",0.1642218947514571
"3373_3",0.3130339653983639
"3867_4",0.5374685734743245
"604_3",0.09230014792487083
"2162_1",0.26595093774951317
"4367_9",0.6566605705365267
"10255_10",0.7190787576510796
"1909_9",0.4736482603223679
"1446_3",0.11988521687684045
"1247_1",0.1907947071610805
"2703_1",0.1383645828298832
"921_1",0.22840491538848084
"156_9",0.7445464699689315
"7516_4",0.415140919911187
"6155_4",0.4222929267836454
"8991_3",0.3972437286253261
"3813_3",0.29415904582952584
"551_4",0.35234294926143434
"12326_1",0.23299618480323525
"5102_3",0.7099502910561806
"10901_3",0.24197433656690057
"1517_1",0.21361876509395666
"8762_10",0.5616195483141329
"1282_10",0.6906325375002549
"2531_9",0.5802599659901639
"7764_8",0.7606080110672095
"2906_8",0.687501374135708
"6730_7",0.459497552560733
"7749_9",0.7858163903099707
"7765_3",0.36451894638991017
"12412_7",0.5853491645888699
"582_4",0.35283387083132484
"5792_1",0.41808046894802614
"2174_7",0.6331859094119675
"7605_10",0.8206880002458167
"2721_1",0.41540255317999886
"2151_10",0.7243045586467697
"8152_1",0.18303242379756923
"6488_7",0.5852231415731113
"9446_8",0.6863455943918473
"10617_8",0.7110221148598163
"12455_2",0.5250017048829626
"7377_10",0.6196097987564961
"11891_2",0.43150700823654903
"4319_4",0.22128794123256448
"1050_9",0.5471596325178065
"9109_2",0.18004432750214638
"10500_1",0.25605510530624775
"11749_7",0.6923199011417833
"12250_2",0.2913814706342533
"1193_2",0.5989006028819276
"8313_8",0.6848660208722773
"8918_4",0.18846480141617866
"7122_10",0.5619418410396732
"6210_8",0.6456498451945388
"10050_8",0.7332764436175587
"4921_10",0.8537145695706709
"1857_7",0.730274780328252
"9718_10",0.7980902100100807
"2482_1",0.25270079212377616
"2624_1",0.23952981591486067
"3284_2",0.30586874595184904
"11435_3",0.505673959731598
"10971_7",0.750327125782114
"2606_4",0.34916567499852924
"7540_9",0.6594910578640999
"10929_4",0.645253646246295
"8566_8",0.42899428242870363
"4693_1",0.2867315996111585
"1281_2",0.5271040989813929
"267_1",0.15335575454779024
"2133_10",0.6224864511081345
"6762_8",0.6115432264796101
"1043_9",0.7901331322221661
"2812_4",0.14430949340097665
"6981_4",0.1757811368225216
"4038_9",0.6048683640814594
"4256_10",0.6537319080276157
"8206_1",0.2454134559166621
"2060_2",0.3398941367946723
"7372_1",0.2749489447924265
"732_3",0.24999668089262678
"5367_7",0.7297107662880533
"9765_10",0.7743865186021099
"8843_4",0.3743034354374267
"9723_10",0.7903454185363787
"11966_8",0.6089542249974087
"5087_8",0.7646626353740502
"9379_9",0.47290485649083547
"9615_2",0.29126759138064584
"991_7",0.6513975463044098
"4461_4",0.3626818693215378
"5857_1",0.38623710287967317
"2358_3",0.397779922788801
"5247_10",0.46243767484212045
"12430_8",0.48608274922014993
"5943_4",0.39508925125211347
"11917_10",0.6869733255521252
"4144_4",0.3871138473850999
"3128_7",0.7047219125620503
"5152_10",0.5483795139066955
"8028_1",0.32924786078221574
"788_1",0.19186929366854252
"9552_2",0.539108353106292
"12051_4",0.31625939492903526
"701_4",0.48306059863417894
"5738_7",0.4120867633143263
"5953_1",0.24110776916032906
"3694_10",0.7571664988220901
"12371_10",0.7792842374135308
"650_10",0.7634499447526268
"3772_8",0.6496984006686446
"3919_9",0.6681591557495223
"12420_10",0.6126465529852984
"6164_1",0.11584163182499897
"12202_10",0.6015992260495965
"4142_3",0.43059173104199894
"285_4",0.3942149179234236
"9190_4",0.24226676574238468
"9297_10",0.7370195617039579
"2857_1",0.2516874337596862
"5576_10",0.6415673006283411
"7603_1",0.08980872679559414
"1987_10",0.5586536796834549
"6978_1",0.2334564918071999
"2390_3",0.34984353931626533
"662_4",0.18592158499249115
"7957_1",0.4713970871783843
"3009_2",0.5252810304217373
"9574_1",0.15836536824426864
"703_2",0.3383985813842542
"11871_4",0.2534075817864823
"8056_2",0.2023719618164818
"11468_2",0.29714534966227923
"7549_10",0.6184226980895184
"4506_1",0.43326481071407913
"160_1",0.3681064164987021
"2400_1",0.5018678061139525
"146_8",0.4995155218930156
"1174_7",0.665999586318708
"1623_2",0.23204877440011618
"2909_1",0.23328053565467083
"9284_3",0.3386272895855424
"753_7",0.5330332874494553
"456_1",0.41537610008666437
"329_1",0.2327270846531513
"1996_10",0.6247459864090789
"7468_10",0.7049538527809002
"11219_3",0.559196224735146
"5749_8",0.6134573650974458
"1563_2",0.2819727813792107
"9713_8",0.5690898507882746
"12467_2",0.4314240491950369
"5686_2",0.2684323272496345
"6424_2",0.28500343826347163
"11137_10",0.7839777108855164
"5613_7",0.7529532000066974
"2113_2",0.31831505163508284
"8623_8",0.730310865711557
"2086_10",0.6937700258824212
"6846_8",0.658136713578172
"3230_2",0.2822255647831134
"4973_4",0.38744227785395646
"2935_2",0.24640955377992757
"12176_1",0.14704292159483934
"6272_9",0.4728775034001657
"728_10",0.6844311387101673
"9843_2",0.3015855766563719
"4897_2",0.4346908662510274
"12121_3",0.3663149726938902
"11934_4",0.4693394226633843
"1453_2",0.3563205022650069
"9676_9",0.8277994580736772
"3072_10",0.6902253966718047
"6667_2",0.5896494225162312
"8932_9",0.6314203876215099
"9452_10",0.5153409268831441
"953_2",0.41792677191181715
"3268_3",0.31762909213362034
"6276_1",0.22173311290993672
"2522_3",0.2326243909352996
"2630_10",0.7589411337300873
"2031_10",0.6310526181573852
"3754_10",0.5304782420308818
"10791_1",0.3082040744392691
"7755_3",0.2372449225262706
"11180_10",0.594871417126779
"8020_9",0.6270992752860926
"3767_4",0.6210040875219688
"3519_10",0.676449953896898
"8180_9",0.6856153404495332
"11639_4",0.4392641235674658
"7540_2",0.429439202567106
"4746_1",0.19407477091977032
"4027_1",0.106979533295364
"952_1",0.5288173964372153
"4070_1",0.691578157234991
"8346_1",0.5597490889215616
"1499_9",0.6539655528152523
"1601_4",0.2472931102666431
"1698_1",0.37024630507095313
"3055_3",0.3962356452857849
"7744_1",0.3096997256524558
"3183_8",0.7221378590782981
"9482_1",0.34761578277335275
"3712_4",0.29909011328229007
"9260_4",0.5673853187855871
"10042_1",0.24138623968985204
"3873_3",0.2860285275405119
"11273_10",0.5575135752064543
"2918_1",0.6221557964562817
"1292_3",0.222238238414278
"1837_2",0.3604914778594637
"4650_4",0.30471803782742235
"8686_4",0.31363228297417267
"11307_8",0.5428429675795057
"10044_2",0.34386648407268455
"12035_1",0.29539747705774105
"2259_9",0.7403547507068606
"6582_1",0.6395482144307901
"10194_1",0.3563370996488993
"7932_10",0.5499874827077962
"8064_8",0.7057992743625954
"5017_4",0.5565286088598309
"6456_9",0.8003626870675737
"10768_8",0.7175413831572239
"9479_10",0.7090125714250853
"9734_4",0.47203520926211345
"2245_1",0.33691726958395296
"7275_3",0.43895022157810465
"1193_10",0.7094988864707994
"3883_4",0.33319110190034695
"5456_3",0.48013584815934446
"10014_2",0.35203710463249094
"8045_9",0.7400700441844859
"9093_7",0.6100943818241774
"9971_1",0.3162774308104436
"1052_3",0.44558438429579866
"10952_1",0.2376763833770029
"3449_7",0.47926106828656945
"2488_1",0.6145658016510092
"8422_3",0.5022373868230438
"1541_10",0.6294793468044393
"11863_1",0.2767819319348027
"10102_2",0.3261723415923247
"3838_9",0.5589080612330295
"8538_3",0.31734498024471697
"12432_1",0.15757834332823142
"6339_10",0.6747245590274485
"1860_10",0.768108014291908
"11402_1",0.35551189788739285
"10770_2",0.28311653223802086
"8046_8",0.6715717619437692
"2748_3",0.35929021785327325
"361_9",0.7281188084107885
"8427_10",0.5577263865141333
"11792_10",0.6419041307993907
"10331_9",0.628711806636875
"3506_1",0.13311123965967386
"7374_7",0.7682660921076981
"5658_9",0.3973496091914593
"7170_2",0.29830025074385524
"6144_1",0.2890593804661856
"5035_7",0.7564927793202249
"4566_3",0.2131877781803894
"9544_1",0.16122545712303607
"1959_9",0.5929972647631458
"2390_9",0.6666013492379795
"4960_9",0.7615631109562399
"3425_2",0.2506937984642869
"4000_10",0.7614653466585186
"12418_3",0.26968700900733833
"9771_10",0.7897308914345746
"621_7",0.6758350560588212
"3510_1",0.32129677124279465
"6893_7",0.31984337749099656
"3680_9",0.7620501223347083
"3118_9",0.6769216621036891
"5433_7",0.5959501913579045
"8381_9",0.6809358289467237
"10205_10",0.76956314447074
"1437_1",0.22413329100271692
"5675_2",0.5103509024742322
"1597_7",0.5803952698437046
"1549_1",0.46288040132718916
"11391_10",0.6883981540610753
"12101_8",0.6298085469349662
"9356_8",0.690005440560783
"10128_1",0.31893526974584085
"11249_4",0.34597826381483365
"12441_2",0.12931474251378916
"7486_2",0.26091758423210876
"4905_9",0.7145999791679838
"5441_1",0.38218502138881905
"2613_10",0.6587058830384211
"10351_3",0.12817110023237457
"10459_10",0.7370240134305658
"2565_8",0.7291040836204933
"1338_1",0.24000447469095715
"823_7",0.5187313377757431
"8924_7",0.7207396333986706
"1382_10",0.47482402083308184
"4150_7",0.5222101220403352
"6004_8",0.5948820428382939
"2508_10",0.821232549438077
"10935_8",0.6782136139643077
"692_7",0.633083183384654
"7778_10",0.725342176866555
"2016_10",0.7061960259568125
"1042_3",0.3349194836962203
"7823_1",0.2040613205470626
"149_1",0.29991101067024584
"5551_3",0.3279163090088533
"366_8",0.7277979608256687
"3483_10",0.7537644549035823
"278_1",0.20034889457913077
"9951_4",0.2585796123196834
"2731_10",0.8584524350121652
"4403_10",0.7343517282852146
"5307_1",0.15770568718456934
"8185_9",0.7640097704593978
"11059_8",0.6887268592369076
"10273_10",0.6610576118075998
"5336_4",0.39149877503797914
"5147_7",0.48433380159242534
"1525_1",0.22679410651193618
"8507_7",0.5561584716530638
"8501_10",0.7603118240010991
"2424_2",0.45444188977110683
"8959_9",0.740853250675221
"11318_8",0.5911041932663118
"1270_8",0.6973764229446727
"1655_1",0.2161673919144511
"10161_1",0.23072250218068405
"8531_10",0.44182877697841233
"9144_4",0.45550020607354563
"1201_2",0.38232337427377083
"11822_10",0.803492259245444
"11486_3",0.20753077419780483
"8038_10",0.8395327598409471
"1981_2",0.276975792029857
"11901_10",0.7948211084734105
"5441_9",0.8034746431229162
"11709_9",0.6918548830679526
"9333_8",0.7831856325136547
"7881_3",0.44951757279658794
"2815_9",0.5957042374524737
"3251_3",0.20192155438520287
"1792_3",0.11099376510751052
"8625_2",0.37729080884261934
"4221_3",0.4839639658120795
"2742_10",0.6585002966117679
"11118_4",0.47043379600465207
"11613_3",0.3516636316509795
"6104_1",0.35195419705687386
"3046_1",0.180410747773185
"8729_4",0.5652600013480612
"1827_10",0.6884351164592106
"762_7",0.5413499759965195
"8855_2",0.35547717959467606
"7573_3",0.38335470375053154
"8616_4",0.2378285073652461
"4830_7",0.6394303150538048
"6646_1",0.3869107732900773
"8746_4",0.4530250960154973
"1875_7",0.5610260240891622
"1221_10",0.8049372902215917
"11842_2",0.21688374089984067
"3002_1",0.3775512581639912
"5776_1",0.2683368449887218
"5479_10",0.6901506116893704
"6034_4",0.28709071507953715
"10984_1",0.331952056154581
"12043_2",0.21857769393578488
"4961_8",0.6426856890597252
"9601_10",0.48659966101070457
"2216_4",0.4009351499221903
"1189_10",0.8026018872403481
"8461_4",0.3729687111821477
"2575_10",0.7397935509789073
"3782_1",0.18834477949673664
"8927_8",0.7397070247792964
"7006_4",0.22868118031714232
"6103_7",0.7458310640656315
"3218_10",0.8336625267616511
"797_10",0.46166261448102786
"76_4",0.46864321776362244
"9497_7",0.6431705215755442
"9637_1",0.3935561826127704
"1070_10",0.7479044319370315
"9732_10",0.4512259224800627
"8144_3",0.24494319021138652
"6247_10",0.5286705754717097
"10230_7",0.6928173599096911
"10731_3",0.39115276678351746
"740_8",0.5244445542675918
"2145_8",0.5884350950344036
"834_8",0.6561833928503212
"6621_10",0.6001203885045251
"1749_4",0.4427267246215706
"5730_10",0.6539295616178853
"11167_4",0.29715489545066215
"1106_9",0.6356631495050437
"8152_10",0.6364725873282966
"11968_8",0.5247790731629721
"7728_9",0.6059585952222437
"237_1",0.218502810381233
"10754_1",0.39513445568773864
"1055_10",0.7753813083676657
"65_7",0.5501076216891132
"4092_3",0.32296283939053483
"3337_7",0.6766138568875284
"3163_8",0.43158574771666597
"7645_1",0.12850909882815686
"10883_1",0.15301412709683848
"4597_7",0.5392582863430874
"11850_1",0.32878024753113383
"1025_10",0.7431004058450995
"11908_2",0.3846576464819561
"7838_4",0.42558624404273465
"7725_7",0.6495972003729589
"8146_9",0.7575281044168124
"3741_8",0.7210598840615303
"323_2",0.3952178454956251
"8244_3",0.18478585283278004
"4593_1",0.25023597498629235
"6902_1",0.26733819571101153
"1791_1",0.28659772152877794
"11490_10",0.6156923514653442
"4200_1",0.2168670351541931
"1611_2",0.427827950753548
"3215_10",0.7203232532700725
"5864_10",0.2931323884857277
"3776_1",0.3258398504253656
"6356_9",0.7412579874128584
"9139_10",0.8334903032609458
"5115_10",0.8076526194776177
"3064_10",0.8049309850662302
"149_9",0.7965962856846077
"2873_3",0.5244466970069537
"3790_1",0.19717555086005376
"3136_9",0.6576730829707327
"1696_3",0.47203624839287567
"4961_2",0.4891438785144959
"11918_10",0.7928866944303634
"3663_10",0.8361004096453162
"8115_3",0.4873281380996463
"3690_8",0.4850268578896969
"11431_1",0.3064875550713494
"3830_10",0.7037776081179304
"11896_10",0.5497670545011868
"8753_10",0.6454489668720094
"10121_1",0.3368963266759065
"1142_7",0.6810976218634573
"7188_7",0.618358893310509
"7044_1",0.22929518268588
"11750_4",0.28062081761927077
"7688_10",0.7048635778270544
"12292_10",0.6969881671797283
"5533_1",0.4370231659138642
"4147_4",0.22957786891309911
"8515_2",0.21526671981454032
"10756_3",0.3542129479915206
"11899_10",0.7483438167212907
"11867_2",0.42622493037683873
"7814_8",0.7229185818719278
"1855_10",0.8037997240068241
"10357_2",0.26710418034801015
"5218_1",0.36091934954397586
"6641_9",0.6182730464118041
"5777_10",0.67536733850176
"11982_1",0.28461546970795226
"10980_10",0.6760049625045317
"8585_8",0.6575498502046098
"941_2",0.39164946575874315
"1697_7",0.554819562742513
"9872_8",0.6771075003696277
"2377_4",0.20015226411371023
"2033_8",0.710025536853
"5864_1",0.4293093548498286
"4295_7",0.7971318186583972
"2610_1",0.15496113121135158
"1730_10",0.5658262657248156
"11095_8",0.6699042182806794
"1699_8",0.4666367589937754
"344_9",0.7223282188878253
"7136_3",0.1576448315504297
"2402_10",0.583382576808338
"472_10",0.5680246124280155
"170_7",0.5144496393778998
"7019_1",0.40737496756354347
"11798_10",0.8318134950585547
"7549_2",0.3143761204377132
"8414_10",0.6524514078887276
"573_3",0.5042927416477795
"6678_1",0.2394531435833196
"10002_3",0.42281804694440084
"3905_3",0.4841144708982359
"1849_4",0.2775072165629038
"7959_2",0.34993817594571563
"597_4",0.39661003258561456
"2719_8",0.6882830458355278
"10519_1",0.21032505099161297
"6112_1",0.15570690113865965
"1322_9",0.7434621639703749
"12415_8",0.6703678216169489
"6727_1",0.27945569216563554
"12393_1",0.3147722215229506
"8545_9",0.48975805551241997
"528_7",0.6855438912740563
"12267_8",0.736210104408434
"5842_10",0.6865883049417183
"8471_2",0.3415171399730202
"3912_9",0.4879351233338423
"4831_8",0.6960707550983096
"5767_3",0.26110061351866404
"10631_9",0.6372464055732697
"8069_8",0.7602417021546676
"190_9",0.6090183841205303
"12343_7",0.5828841667116689
"645_1",0.2587272922208872
"10326_1",0.29660070830860497
"11271_9",0.5628260194064693
"11808_8",0.7043107403977434
"3200_2",0.2993955227444636
"4518_2",0.21072401754740863
"8307_2",0.45551349152017884
"2057_10",0.6492825464635014
"3705_1",0.2669420789520834
"11581_7",0.6756959792750244
"11777_9",0.5491646867627348
"1367_3",0.5026118427654672
"12248_9",0.8016835725077818
"2994_8",0.7873401710033483
"5170_1",0.3488898673867934
"8781_7",0.564260867380037
"9137_1",0.3306085292958029
"9970_4",0.3560200731632901
"3412_7",0.5535815941220271
"9399_1",0.15164173625608307
"7917_8",0.34420903814835846
"1157_1",0.3193559590609896
"12489_10",0.6398161731131008
"5365_8",0.5978389761667432
"9295_10",0.437131802821469
"11505_1",0.1380866882024831
"8647_4",0.45988829768953843
"6609_2",0.2314034330520495
"6859_1",0.4362219335302882
"2436_10",0.5380393603647212
"4255_4",0.5427984135235142
"12347_1",0.36499281738074
"4237_4",0.15898353893328954
"11687_10",0.5569856281702894
"2964_7",0.47113197507655663
"2836_4",0.2512171582736184
"1944_4",0.37154147189777775
"3218_1",0.32394766372368056
"2752_10",0.7794212002669653
"9994_3",0.1989084108941152
"11566_8",0.7969194610915157
"5741_10",0.7038520150871873
"7127_10",0.5189510807111799
"11864_2",0.21447054186967687
"5159_9",0.6078490942867283
"658_3",0.5564515214830885
"10177_3",0.24305321282223435
"4843_1",0.18480024360478886
"1441_1",0.5200488212718309
"2741_2",0.1354243796353061
"6045_3",0.39659298828143374
"7020_8",0.8672257398446137
"2120_1",0.11690337887623968
"2336_1",0.2564910884172611
"10167_9",0.694333702240228
"10251_3",0.4082605579000541
"9335_4",0.3340397468067953
"6670_3",0.433301451171551
"9937_7",0.4589219265715354
"3258_7",0.5774413726352214
"3234_7",0.7698718888699961
"3601_1",0.14872430303842604
"5635_9",0.43620202620436127
"11427_7",0.6658792396276277
"3349_4",0.45016247688429356
"1334_10",0.6292586352751499
"10474_10",0.6140588716640055
"2361_10",0.7281279211901514
"1471_2",0.3146014386898717
"10705_10",0.637405253539487
"10559_7",0.5675263543697091
"3070_10",0.6835445505340487
"10087_1",0.2725453925302005
"1952_7",0.4688416514242426
"682_9",0.4935011057588996
"6576_10",0.7578872838427688
"956_3",0.29431772409319296
"3960_1",0.3669455087538441
"62_2",0.2103356633737219
"3200_8",0.8269395275032007
"2127_1",0.2828889920144265
"6878_9",0.8213298324810568
"1600_10",0.6615861230081913
"11995_7",0.6646044906577516
"5239_2",0.3759839090930447
"6018_7",0.47576553516278003
"9185_1",0.3064165937752912
"4707_7",0.5111409611742466
"12407_10",0.8036413457176363
"5831_10",0.7492327941603634
"2264_7",0.6702777218415615
"7226_8",0.7392868758300793
"6337_7",0.5083039266265642
"5047_3",0.5332633113915431
"228_10",0.5188731971088354
"4230_1",0.30408799669068143
"4058_8",0.8815311178757529
"5634_4",0.29467802238758684
"11680_1",0.37919133799131444
"1320_9",0.748171921541656
"12461_8",0.6725935726098157
"10076_10",0.7956290931580157
"9170_8",0.7924281531500579
"4519_10",0.6367033064046304
"5906_2",0.4172887216305706
"2065_8",0.4994660640069293
"8453_10",0.7636299680306825
"262_1",0.3495172659918601
"454_10",0.6818728553446267
"11532_8",0.7622544646981652
"8169_2",0.46868972635297146
"6873_8",0.640760473243387
"10061_4",0.42957583866416443
"11565_4",0.2814665343821339
"258_1",0.4433461592122549
"5896_1",0.15730572322902373
"4395_1",0.186382458203591
"3774_1",0.2970754836480266
"12340_8",0.6394918809995099
"7497_8",0.7707160459551388
"4321_2",0.332742716893886
"6258_2",0.15562612180709343
"3950_1",0.14896495048409572
"9998_8",0.8515473481035263
"3524_8",0.5930062611184738
"2003_10",0.638297064569971
"10366_3",0.35410096114286077
"2602_10",0.6287017100736639
"8684_8",0.7065173584912026
"12268_9",0.6701261830594705
"4846_8",0.6544678441028258
"5969_1",0.2846461667897644
"173_4",0.27630169462490656
"2790_10",0.6974815038945663
"2637_1",0.24271670154292765
"10239_1",0.25455472913893423
"5120_9",0.6556052015729056
"3802_10",0.5936420880095264
"6897_7",0.4071523982542514
"8478_9",0.832037579832046
"2441_4",0.4827112702163754
"4827_1",0.32433704886218534
"4326_1",0.24842125372480556
"252_3",0.11195556803421648
"7201_8",0.5618717648639537
"801_2",0.2825983490245872
"10008_4",0.4725764222337166
"6740_10",0.5345908064640823
"674_3",0.41388398497874185
"6341_9",0.6265050010726019
"1882_7",0.782439482098391
"10843_10",0.7663352380351367
"1593_4",0.5738958043521485
"3592_1",0.5257997500146336
"4658_4",0.3740511044937533
"2564_2",0.18395246972327944
"7229_9",0.6639214715853216
"4186_1",0.28632383647826976
"10227_3",0.34733476889411374
"4580_3",0.3102179041936001
"10367_3",0.4335444629410368
"10034_9",0.621473014327064
"6834_10",0.8324847887199607
"11326_9",0.6675299917512234
"4683_1",0.38795726795234353
"5596_1",0.28046036493247845
"4238_3",0.12342217511695038
"11881_10",0.4689078757567558
"11910_2",0.43074028856526697
"934_1",0.15570824957576165
"3660_8",0.7587933160855816
"365_1",0.22994384005491458
"3677_9",0.5775707847229945
"6522_10",0.5760722613543969
"3167_10",0.567712015580173
"6104_10",0.6023034897566297
"2584_2",0.3936818319242192
"4264_8",0.7311420385579667
"5648_9",0.6437522238938711
"1863_9",0.7416665616330677
"7464_10",0.6490543280363366
"7643_8",0.8037599471007961
"7030_10",0.7976840811585425
"2768_2",0.11404740169742175
"3845_1",0.2201705052121257
"11590_10",0.7574792996612341
"8578_3",0.36046271056647616
"8733_9",0.545127712495297
"4099_1",0.481690193440463
"5810_1",0.29762594390682867
"442_3",0.3898800782543846
"1374_9",0.5202180762763835
"7704_10",0.4101388590712212
"4526_1",0.227467618514069
"2978_8",0.5936119586108974
"3096_1",0.16857187664037854
"1589_9",0.6276435028310761
"11197_7",0.7224539115027685
"6751_8",0.7782496022699168
"10043_10",0.7798152595301062
"4045_2",0.08579306932804019
"7706_8",0.6099409399099557
"1876_10",0.46929875823051465
"4224_9",0.8231053499459114
"10833_1",0.3286792498200714
"11549_10",0.5907142245577314
"7081_8",0.7368912645841269
"6410_8",0.6830628650091288
"10609_9",0.6276086028459357
"9910_1",0.29681338785038597
"4474_7",0.6298355653954997
"9775_9",0.6164649003911253
"9245_10",0.6909292181322789
"11514_8",0.6853353247905923
"3182_4",0.46635322945741575
"3127_3",0.40872303609364674
"7311_1",0.28544152777064663
"4266_10",0.6689559814551781
"12410_10",0.6207641762613082
"7548_1",0.3074099276265916
"10446_2",0.30759896052158037
"4854_2",0.31652668978763804
"1152_8",0.6821203991873096
"11660_4",0.3419729062512131
"3452_2",0.20944226567503618
"2401_7",0.5612310263928698
"11703_7",0.7898336626465545
"4053_2",0.23429482435161073
"4882_9",0.6012439977796495
"8050_7",0.4264990341940548
"9053_4",0.4807249665790212
"12313_10",0.7558187871296189
"12085_1",0.33867537179621526
"2130_2",0.18986531323907396
"8499_10",0.6618953147986267
"9230_3",0.5101518656128724
"2697_10",0.8437218726298036
"7682_3",0.369386104122765
"1473_7",0.5806500719786303
"3124_4",0.27742241920585875
"10694_10",0.7647928929042623
"11541_9",0.7841009733757373
"7033_10",0.7470028859474864
"305_10",0.7426809935395708
"12164_8",0.6760133424845586
"7594_2",0.33457896828607675
"2101_3",0.2624479239571791
"9579_2",0.31672715353937025
"1482_4",0.6418755580096694
"4362_1",0.2005650303907708
"1263_9",0.5644156154039612
"2543_9",0.7252399441277528
"8642_1",0.30395981516229265
"229_1",0.3441435058644643
"12045_10",0.6985918177102115
"810_9",0.7984430023935873
"5188_7",0.5575420210803136
"2690_1",0.33260733193772424
"922_3",0.18184007513201203
"10957_10",0.5902614907380483
"9275_3",0.1852257750330496
"7289_10",0.8381709879440202
"1809_2",0.28460646578298365
"11846_1",0.43280972388527283
"5888_10",0.8029220998083578
"1506_7",0.5877851515993415
"6255_1",0.1596570297211818
"4995_7",0.7576604001702876
"2423_1",0.20928814638585022
"4030_8",0.65741879784219
"4839_7",0.5797241818329819
"364_1",0.15811079020074445
"3510_9",0.7233315019904588
"2092_10",0.6215749975326478
"600_1",0.16253102547868548
"5490_9",0.8495141097201169
"9442_8",0.4974816560058699
"5330_8",0.6544908166289
"10858_10",0.6967445648461372
"2746_8",0.6210450685726415
"848_9",0.6780706106576064
"6713_1",0.495940631054656
"8274_10",0.7779607463660199
"2507_1",0.3935704748252523
"4558_1",0.16343996333859623
"957_2",0.16227690727546543
"11667_8",0.6505588441335715
"2374_2",0.27114565691156545
"8156_1",0.22644433253065765
"1080_8",0.7247220226634034
"11274_8",0.4504822170536361
"12467_10",0.7042984808193771
"5941_1",0.498645484275542
"6205_1",0.24548284251273378
"4517_9",0.8179927720008716
"102_4",0.38970131691660104
"6022_8",0.6776392412840084
"10054_3",0.4857218992061634
"3907_3",0.15609309473198824
"5232_8",0.545631219340965
"10064_2",0.3891336734495528
"6529_1",0.22355056933647674
"11003_1",0.10531507490935227
"9151_7",0.6235638317288069
"6612_8",0.6190901214577517
"12189_10",0.5712065955574632
"6510_2",0.29581096685547487
"3129_7",0.580762888204372
"7864_2",0.2826022301617534
"11603_3",0.41004252309343525
"10741_9",0.8227061151138549
"2235_7",0.45005380274164714
"2125_2",0.5297087713277703
"2050_10",0.7757921320297294
"8397_1",0.2700458704351453
"5275_1",0.43775396812651285
"7755_10",0.7034933578931013
"12065_4",0.3413795363439537
"269_8",0.7356946647238759
"1933_2",0.3950273782592768
"9182_3",0.5827241493660205
"3153_10",0.6881131359235722
"3922_7",0.6209737617027828
"2674_3",0.3610488367585032
"7407_4",0.21752489872552908
"737_7",0.6731123646938748
"5223_1",0.28913026534341296
"10937_1",0.2333223816154757
"9026_4",0.2872269898825884
"1564_8",0.702547534949311
"1724_10",0.7467570890663018
"1224_3",0.42793920234379107
"8536_4",0.12584210515643124
"11215_8",0.5756298186104013
"3063_10",0.8005056964602082
"9559_9",0.5299008375916762
"5165_2",0.42877310362318855
"9396_1",0.3033772886320403
"6404_1",0.1610023433055234
"6019_1",0.711603508537912
"7249_8",0.6309118378951664
"1765_1",0.2208753919163175
"7685_4",0.5431321745827024
"8196_10",0.7292846782403696
"11749_1",0.3238956345767345
"1257_10",0.5765177374430868
"3488_8",0.7510287070139133
"8605_8",0.5526356455300586
"6697_4",0.3163806431755533
"11540_1",0.09319084400134835
"6262_4",0.3099035541173367
"1998_8",0.517695385494597
"3019_1",0.4076094421815147
"1087_2",0.34270817945148285
"8356_8",0.5598430752283362
"10036_10",0.6871958524673442
"10547_10",0.6728585603099564
"2562_1",0.379231816653124
"5096_3",0.4349792272046214
"12128_1",0.40836727027395103
"2574_10",0.5995194630785524
"10144_8",0.7705429192603158
"3678_1",0.1713241603346593
"2579_2",0.32026874041739983
"6695_7",0.4999192821892877
"1465_7",0.7071550636298302
"11846_9",0.5404681474001233
"1219_9",0.8683521901101988
"4936_9",0.8919726300950107
"12382_4",0.4556929142674687
"8807_1",0.28284681353585117
"7700_1",0.5067347646149212
"4209_8",0.7226865830462131
"10178_10",0.5505145961333774
"9835_8",0.6221322564989097
"161_3",0.38094748826864067
"670_3",0.42182493131864257
"7158_10",0.6773423139426352
"9502_4",0.34727104193641056
"9880_1",0.37666478205332987
"39_3",0.3386636642314238
"11161_9",0.6664725780329359
"12026_9",0.7916227640736143
"4439_3",0.3286785449347219
"8303_10",0.5441145408260353
"408_7",0.6661407212024747
"1065_9",0.6788376582774274
"5188_2",0.18951011419417468
"929_10",0.6648221666675286
"4765_7",0.6437454885165201
"2117_4",0.5151434773723025
"6653_4",0.30766315921058973
"2342_1",0.2798660748047055
"8445_1",0.17968732712613605
"1708_1",0.2733303947439627
"7995_10",0.6669033116907228
"1104_4",0.23609745765606582
"3847_1",0.32852217593448446
"7276_10",0.8741619502966714
"11269_7",0.3661511232277719
"3158_1",0.5226088697554702
"11061_1",0.18349479679919423
"851_7",0.5057483088697675
"8214_2",0.4499848418819885
"9174_1",0.37060144888549124
"7040_3",0.4253409350648107
"4082_4",0.40133422506977645
"3553_8",0.6756842917110992
"6733_10",0.7201461060219805
"4910_3",0.47145904958101664
"10149_1",0.17221651953751693
"5609_4",0.38173219166308825
"4174_3",0.22734344680178564
"9213_1",0.44650950931517336
"2881_9",0.46747111694074334
"1408_3",0.5749562851462148
"10832_1",0.29818251110010413
"7216_3",0.24507594353418932
"9905_10",0.8274344170535148
"9050_3",0.3370648908261553
"3789_4",0.35155320487144076
"6490_8",0.6179377951813055
"7649_7",0.5905746462892667
"6901_8",0.672453824661367
"11597_9",0.7992133679377161
"3259_1",0.28739548454509056
"5936_3",0.38797990882333805
"1214_2",0.46015431608773155
"2840_1",0.3245261504820396
"1956_10",0.6300983941071407
"2392_2",0.3602481240449154
"239_9",0.6451482066930094
"6860_8",0.5494867762292481
"1716_9",0.5694176013182367
"9595_10",0.5496502683123698
"1630_1",0.29737410723566204
"11293_3",0.41129051142356693
"8288_10",0.7403645042269421
"6618_7",0.5615680312808043
"12378_1",0.29405192759164495
"11560_1",0.20968353713689358
"12124_8",0.8322700498768412
"486_10",0.6118519921889577
"6654_3",0.38448712476839275
"6915_10",0.556657719387669
"8773_1",0.4294860672639564
"10211_4",0.32081178126236365
"5769_9",0.7761192569584905
"10038_4",0.1555604966575058
"3737_9",0.6982634230213508
"11512_1",0.5131204421213542
"8025_7",0.43239715125367895
"397_7",0.5744545541217838
"10670_9",0.6043499067299528
"11648_4",0.396328190021648
"10361_1",0.18687292114053816
"12439_8",0.6367609413524763
"9958_8",0.6698041506321013
"8659_1",0.2869360997674826
"12400_1",0.27527762085151464
"10680_7",0.5823511889736848
"2435_10",0.5520965305562474
"5506_4",0.3038001859631048
"9025_3",0.44007667221044267
"5749_4",0.48971860296690356
"5090_1",0.1817466984624144
"2688_9",0.558890098171018
"8397_10",0.6963673431954596
"8610_8",0.3824177105425
"9398_10",0.6411706428399345
"5144_10",0.5803812523689862
"10797_10",0.7449384179331314
"9623_2",0.4068280612309565
"3269_8",0.6848346509815765
"5480_7",0.529637096689942
"43_1",0.3555592672417622
"4156_1",0.33758796168496163
"1629_1",0.23555369185011726
"6536_10",0.7449040188063495
"8384_1",0.38768771075029
"2820_10",0.6689126608933749
"7976_3",0.3221411428118934
"3745_10",0.4302551321500825
"11258_8",0.5507552418266387
"7908_7",0.5714422072000912
"9166_7",0.6687885276543848
"8976_8",0.705211856219549
"3692_1",0.229515165494622
"4937_4",0.5131884085379618
"11935_9",0.8017577461043857
"7722_7",0.7155212305311032
"8757_4",0.23407042297612562
"1218_10",0.6631008875064388
"3620_8",0.4305091274049651
"9017_4",0.2669159606858391
"8300_3",0.23598266856941122
"11325_4",0.36652729621782487
"1093_8",0.7483845118176884
"166_4",0.4378413581310813
"6088_10",0.6793392369737093
"2149_10",0.8255054956988426
"4884_9",0.5578906722234699
"9786_1",0.3616520297218733
"4258_3",0.3592797987601756
"9890_1",0.4319567983205597
"8911_1",0.36134487934555415
"11618_3",0.35224751685980077
"4510_1",0.29397738192909056
"3173_4",0.4310237407667538
"10418_1",0.1962623703309979
"8954_1",0.35146109992455066
"723_2",0.20381375490941747
"1164_1",0.12255213979448787
"11404_4",0.38632743284765425
"5737_3",0.1813290826906808
"10073_3",0.4118569960558151
"1900_8",0.47463537405414674
"9532_10",0.6384948325976881
"839_4",0.4372690017658376
"4562_1",0.40676758397507035
"3963_3",0.39617158865984964
"5220_10",0.43540017052384883
"663_9",0.47014046796213493
"10156_8",0.6235644066079367
"3759_7",0.5768196914905918
"5153_4",0.4438918292937842
"7580_3",0.47613449550260417
"12403_10",0.7836106503012629
"4893_8",0.6916527062430019
"892_8",0.6344639052973379
"79_2",0.3266112988327808
"10716_8",0.8246109456568629
"11452_7",0.5588068295589967
"1214_7",0.5733165226055101
"8901_10",0.6678303725938591
"12221_10",0.5552472847658813
"2055_9",0.5719527524506824
"5911_3",0.3811732678678659
"10866_3",0.2008448016471686
"10063_1",0.2417393384029759
"10563_9",0.4402986103792354
"11931_8",0.6259162584071047
"1180_1",0.1727697365041967
"8194_1",0.28758809991491385
"7837_4",0.6151073648236915
"1876_1",0.4854255034621168
"9203_1",0.22436025580321653
"10091_1",0.295978156779406
"2434_9",0.7376752801947188
"7908_1",0.23680906268924748
"8591_4",0.6160183968959337
"4222_7",0.46883907798268404
"11430_4",0.5262388264874458
"757_1",0.1963181097581237
"6442_8",0.4901422669706822
"10056_8",0.7340493689648276
"3179_2",0.36847964399913924
"3130_3",0.4025953646920919
"11921_7",0.886324141544462
"4139_9",0.6324521621915244
"195_10",0.612074370227268
"6286_1",0.5008528646044924
"5701_2",0.3327508311520868
"7470_8",0.5951412379088755
"9205_9",0.5537292243709209
"10683_8",0.6096967640088248
"672_4",0.6154341469115824
"604_10",0.838854683260146
"7757_10",0.7267029294807369
"5228_4",0.5112021318299004
"3998_10",0.43818077139705647
"7444_4",0.5353554959729372
"9684_10",0.8173467171488333
"8455_7",0.6175238215767701
"3989_8",0.7466953349012367
"1115_3",0.19360016580352488
"6469_4",0.34550799297503626
"4524_8",0.5030066409763654
"3103_7",0.5278357168890621
"3108_8",0.5705060319405787
"2219_10",0.7024505766961072
"10269_8",0.5934294480900304
"838_4",0.2479442576046763
"5367_1",0.14532184272373044
"9110_10",0.5656223119063308
"5736_1",0.25830172972257814
"5100_4",0.3736186261796274
"3399_4",0.2829375672991014
"7575_9",0.7058174520606559
"7954_9",0.6499593340426834
"870_7",0.6973824426743785
"3811_9",0.6330562055921676
"8011_9",0.697576540393976
"8172_10",0.6918303502803032
"3209_4",0.32662051211596094
"7380_10",0.6364016840331083
"10210_3",0.46351731429092435
"8162_9",0.7875122438209856
"10784_9",0.7318837806152015
"482_1",0.1769287778222097
"1452_9",0.7797123988937185
"2686_4",0.5075467487319811
"543_8",0.7145722230148019
"495_2",0.2580290222346629
"2887_9",0.5139066772971776
"11780_1",0.421790252680968
"9742_2",0.22044541677310603
"1762_1",0.2551280456484651
"5264_9",0.6650998908336955
"7958_4",0.41966858769740867
"6010_10",0.7867670250198474
"1284_9",0.6369333698070729
"10420_3",0.2013669335814808
"7736_7",0.6241847647224403
"1178_10",0.7696168508811053
"529_10",0.7907381083897234
"4063_4",0.2712588817146704
"10480_8",0.4761460750389462
"2412_2",0.20285870600350345
"5206_3",0.387743241598237
"11963_9",0.5100650255235619
"663_1",0.41066822260596686
"352_4",0.4887376540891931
"7504_3",0.5402338962104585
"8678_1",0.4078608944352437
"2330_2",0.5555582274813766
"12282_1",0.07984370899406501
"6485_10",0.5302982070761478
"9306_1",0.10730110772305625
"7468_4",0.3101328664515168
"12207_1",0.22386550265994948
"6701_7",0.5506175896317315
"9861_7",0.46169819875672147
"6318_7",0.6283071985505075
"11612_1",0.1865859259691808
"4800_10",0.33677570035664284
"5360_3",0.2944969861793557
"4977_4",0.32526927063334304
"1678_9",0.653476333432055
"5017_8",0.7209428528657259
"3087_9",0.7749383149127782
"1915_8",0.6095750134968453
"574_10",0.5799285183523661
"6062_8",0.8030661487389077
"2860_4",0.4834540282390219
"1800_4",0.3324498959785818
"1928_9",0.7261842493580265
"9890_10",0.6981664631430826
"12159_8",0.6820975459353639
"649_7",0.6534434153381605
"8708_1",0.3044775176271898
"8181_10",0.6367382761008755
"3495_1",0.24741207270970192
"11612_10",0.6176754061211496
"6919_10",0.7507059181192253
"12217_9",0.6461404046944246
"9276_4",0.40241156140780043
"3520_9",0.741516705051093
"6492_4",0.4945982879244398
"3900_2",0.33870124976737065
"12298_9",0.5896853078721517
"12394_1",0.2034091287591362
"4873_8",0.36244885281147515
"4797_1",0.5086496612777541
"3197_9",0.6090145114787632
"2474_10",0.6121417306424204
"4042_10",0.8018055096892474
"10641_1",0.2118818261802128
"10882_2",0.268965249113857
"4803_4",0.3215066448756578
"7459_10",0.7469073347252867
"1828_1",0.12408476965844947
"1718_10",0.7465073739515647
"9603_1",0.3739560964028445
"940_7",0.6333197661914751
"3074_4",0.3459124702606761
"8802_10",0.8041345203864486
"7180_4",0.2779524954842123
"5250_1",0.3085543923294056
"2734_7",0.7600769743062662
"2354_8",0.6338547995550303
"6805_1",0.4738639124464098
"11156_4",0.3090341426536028
"2734_3",0.26147409883028855
"12216_1",0.411604982841281
"660_8",0.6419578809032087
"8978_10",0.6053013069216071
"6272_1",0.5585871695821074
"8294_4",0.21698554278274618
"11956_8",0.6340448066439786
"3265_1",0.2513043649597392
"705_2",0.42799916974888175
"9058_9",0.7650337403710474
"3582_3",0.47580424696809426
"6985_1",0.3095274681267824
"5611_9",0.8161289732942911
"9491_3",0.5154708838147491
"9945_3",0.1889072534489509
"1840_10",0.7461869083922205
"12280_3",0.45918108779602607
"1932_10",0.834164371213634
"8682_10",0.5463625944407272
"5418_9",0.7186267337847096
"3354_9",0.779829447103627
"8078_3",0.2666065182642125
"7747_1",0.23254908777672129
"2669_7",0.5777650150760988
"9180_7",0.6894050290174367
"1320_1",0.17026046545679663
"7742_8",0.6904920487739211
"6232_9",0.7047499017368767
"3459_9",0.7894537811240256
"1008_2",0.43176725675828764
"7987_8",0.49058749795637957
"5078_7",0.6759278098663349
"10660_10",0.612015138353566
"10325_2",0.33394864929743356
"4951_3",0.2890256409349406
"10502_7",0.4903966520247618
"7548_9",0.4309711221992231
"2870_10",0.4420794656655568
"8136_4",0.5363768081997089
"9870_8",0.4596327976676311
"7588_4",0.27748352970462536
"7845_2",0.26311508119109916
"10334_7",0.6918686858929093
"4860_1",0.30827336973475733
"4855_9",0.6871669223320854
"1337_10",0.6564039996192338
"6403_3",0.4530105518166249
"9447_10",0.8056395858455547
"4724_3",0.3043637904848808
"10895_10",0.7562400466501615
"2171_4",0.41819380954268703
"5361_9",0.8569300819882448
"11056_2",0.15023867349429304
"9772_10",0.6173333293132046
"5719_8",0.677089605617175
"3050_7",0.5130299898166333
"4406_1",0.31364541853856565
"9833_4",0.4572417003125467
"1217_2",0.28602071021263137
"2632_1",0.2890489148341265
"3250_1",0.458663219635801
"5130_9",0.6280466694741879
"3526_7",0.5317513249028153
"2793_3",0.22578844344295618
"10708_3",0.31474985073301004
"6415_8",0.694761762468575
"11258_2",0.23344545117367577
"11451_1",0.39427716962123094
"7724_2",0.20237257706496703
"4276_4",0.1584581190496345
"6058_1",0.3600119718606438
"4086_1",0.4367059081187565
"3670_8",0.5338054149965069
"7125_8",0.5339049862992705
"9377_8",0.56904481835669
"763_2",0.31341436133298195
"7882_8",0.6821446819575445
"757_9",0.5627947046219028
"389_1",0.5428484349407184
"9102_10",0.83981252981794
"9384_7",0.39659449785083756
"5684_8",0.6788084506634309
"12090_4",0.30000653176458364
"12002_4",0.31662512726421
"5443_7",0.5470559786744601
"8782_9",0.4574784620312046
"9878_9",0.7151806971918699
"9640_1",0.3782791863889955
"999_3",0.5250485701011663
"6249_3",0.5031739408946934
"1656_7",0.6653095805546433
"6649_10",0.408028651355211
"4630_1",0.45474226637369974
"11300_8",0.5585045150612437
"5894_10",0.5795084081671161
"3198_1",0.3848702362995121
"7924_2",0.67301311425835
"6318_1",0.4771321419856342
"8075_2",0.31323196833829564
"10005_2",0.4529408265309966
"6431_8",0.6528286771195178
"635_2",0.2880699640870796
"1803_3",0.31991140826926023
"5721_4",0.2638628908615857
"1116_7",0.7913030996433436
"1456_4",0.44277981160825874
"51_10",0.8270491221224014
"7155_9",0.6886093469565479
"929_2",0.31402310862786925
"12269_1",0.2237824001645291
"10597_1",0.20658242686814632
"9005_7",0.7005394612092563
"10467_9",0.5430885831229912
"2251_9",0.7715615053722183
"1977_9",0.7354521767952594
"8539_8",0.41201121731209106
"2416_1",0.2018182528902966
"8508_9",0.7707311179822418
"10401_1",0.35772877639218215
"12217_2",0.533553121175708
"5484_1",0.27637159765251285
"3833_10",0.6980002301965217
"465_4",0.43367315719100913
"7591_7",0.6334838890656683
"11485_9",0.4913808689419758
"3728_1",0.20075291375397478
"5538_8",0.7030366826942769
"10751_4",0.35140979818682183
"8883_8",0.5893856002691692
"6581_1",0.25563373104053083
"5476_1",0.3489648335403606
"4338_9",0.7521639361664295
"10343_1",0.4502884173843139
"2914_10",0.7399029180133087
"6103_1",0.5736858723242753
"7691_1",0.307342215990895
"3444_3",0.39076008889310304
"2397_8",0.7128047836374851
"8255_8",0.6299214652486902
"1660_1",0.23437183273160522
"10154_2",0.5271292798671271
"2138_3",0.32234266622884566
"9614_3",0.2556772238344565
"2682_10",0.7166369103408415
"1813_3",0.3926396659517324
"10581_3",0.47601556420261537
"3733_4",0.25818498897218517
"5210_4",0.48983824823873456
"11961_8",0.7347824352280238
"7928_4",0.34123425989756323
"12156_4",0.5419447873705874
"11025_4",0.43890067794100524
"11233_10",0.8023419937168087
"473_1",0.12263802444481389
"6648_2",0.2426214761466749
"2451_1",0.2812979550935763
"7679_2",0.23991482347612794
"2954_9",0.6489362757794146
"9652_10",0.6884478380250844
"724_3",0.3994215285343675
"7592_4",0.15032336850705708
"7669_9",0.6963596109598741
"3816_1",0.1519852588804354
"1401_4",0.3795571214894215
"8551_2",0.3392645385102836
"7901_8",0.6714428384927735
"10552_4",0.32674227609247253
"330_10",0.6120627309133382
"232_4",0.25814595874133855
"12351_8",0.5738223092507644
"12451_10",0.6193438326428353
"5884_9",0.6685874263333439
"603_4",0.20637172467441012
"3415_7",0.5382574231747941
"8727_1",0.25957441972861783
"10099_4",0.40219816903007144
"7989_10",0.8249559961858023
"2329_2",0.6655497574814243
"5774_1",0.20734192869545257
"8201_3",0.5285472777319719
"3491_1",0.27272553029107954
"12210_10",0.38531223718193697
"7604_8",0.5812015195565595
"1676_10",0.8408207054152026
"6477_9",0.7592352711006746
"2521_10",0.8798300805973951
"9140_2",0.3088330817257287
"2463_4",0.32936488632683103
"587_8",0.6735506729955973
"7120_10",0.47481956798457386
"7734_10",0.7438875139909576
"7322_10",0.6324335013835767
"3803_2",0.3127935595614586
"2417_4",0.2074223752526461
"7757_4",0.2573047133234462
"478_9",0.5415855090864217
"12269_9",0.7055763883186247
"10472_3",0.438996932749254
"2858_9",0.7419640703870095
"414_9",0.32296093250124064
"2552_4",0.21691726021048208
"11615_8",0.7913367387106974
"201_2",0.2319171744993367
"5624_3",0.35542571579354526
"5080_8",0.6290366322425769
"4507_10",0.5884772443802645
"1527_3",0.47739344602126504
"6282_1",0.3077949192473771
"3911_1",0.1995903965429135
"4616_9",0.6494217366668235
"9562_4",0.6047835634474716
"9975_8",0.511985939023781
"7584_10",0.6585631690539057
"1121_1",0.336900444270942
"382_10",0.42963021254862355
"11309_1",0.30283236406147857
"5424_10",0.6373197078632616
"8697_8",0.6271570226830979
"12420_2",0.36147546089055055
"5052_10",0.648546646651234
"1037_1",0.20695883485500557
"346_7",0.23248346311832252
"2285_8",0.6952898040521449
"10867_1",0.2090929807708748
"4335_9",0.5819104277762401
"9088_7",0.5918172596157268
"11037_8",0.5590025913622879
"1993_4",0.32303968806303734
"11469_3",0.33968112311602155
"1834_2",0.2249777946306141
"10723_4",0.3822335990981919
"5377_3",0.29969581494319747
"1812_1",0.25453631041661795
"2760_8",0.7966158831625492
"12062_10",0.5227523229228803
"1847_1",0.1331576119993147
"1280_3",0.32179605712006043
"2106_8",0.6726733746289085
"5414_1",0.3154078226323122
"4930_10",0.8360452481226195
"5024_9",0.6265039748328054
"5295_9",0.7476149175053075
"5427_10",0.7084925953921246
"10526_2",0.3312171300245081
"5517_2",0.5655958891662345
"3971_8",0.5455450294314217
"12260_7",0.4777602429583653
"3676_10",0.7271096311018427
"4132_7",0.7507900473287735
"6721_8",0.5448584016667561
"2381_7",0.6543938993390535
"818_1",0.2472687788279769
"6503_7",0.48205237847473575
"12068_7",0.6964951795324678
"8847_1",0.1305668497459772
"10698_8",0.6542499637831435
"2347_3",0.2590984418153427
"9337_10",0.5712117964904236
"9070_4",0.4303858141490556
"7962_10",0.7432089855650863
"12183_4",0.494798466549861
"12410_3",0.4273108679240793
"7988_9",0.7562997729936706
"8980_8",0.6397271624481796
"8568_4",0.3022368187847628
"8374_7",0.7843197484780446
"3561_4",0.48819092998491037
"692_4",0.4172004916979564
"4259_1",0.33189097644767884
"1627_1",0.35141243783368475
"7064_9",0.8084272871275486
"5410_7",0.602510762827123
"10003_3",0.5388727877700713
"12068_3",0.266671980973838
"8048_7",0.5378805405061451
"2590_1",0.24104534186485785
"3464_2",0.6791906634080973
"8423_10",0.4505079016770801
"5036_4",0.45228830566475053
"10030_3",0.3191811812454216
"5500_9",0.7714445188831098
"10129_10",0.6024410104285924
"1549_10",0.7046544375204981
"6463_10",0.8185081145789618
"1026_2",0.3653297164031355
"6681_10",0.6625336530982147
"11004_1",0.2730642260037118
"6191_10",0.5747128311281174
"9253_4",0.6325758321865405
"3193_10",0.8276895434793536
"7563_1",0.12850598469360733
"3104_7",0.598209461764473
"6369_9",0.6293109958499828
"606_1",0.18340218364404984
"6069_10",0.7106154675642065
"6966_7",0.31857472400947906
"8945_4",0.3380219326177037
"4920_1",0.29010230941149756
"7358_10",0.697820863700042
"9665_10",0.8036459485795925
"5005_1",0.5003238541921925
"12324_2",0.30014385204038996
"1878_1",0.1669280780700291
"5917_2",0.27276814307971525
"11912_7",0.7176356702145964
"11692_1",0.4986405963881514
"11505_10",0.7072626872009928
"5416_8",0.753155193670732
"12072_1",0.33628526626043714
"4436_10",0.7745664354082723
"11762_1",0.4284860409165153
"5805_10",0.8107054964246231
"9464_1",0.1854152835225523
"9412_2",0.19549536819190005
"11262_4",0.4989788839312876
"853_7",0.5908104581729258
"7087_4",0.3642171129654552
"1896_10",0.6904704599494595
"9749_4",0.4838009063283246
"7431_2",0.36044900699656296
"10253_3",0.19521176540164453
"10675_4",0.5777250697793817
"4275_4",0.4035981558777865
"5399_8",0.5846588206502822
"9388_10",0.6281952813390626
"7019_10",0.809334428173592
"10223_2",0.25926072073445205
"10216_1",0.29376078526819904
"2097_3",0.2508936331601863
"4243_3",0.296010922011665
"8672_1",0.25907350983412186
"1260_3",0.22747969024135598
"1734_10",0.6790065360497973
"2955_9",0.7056838656980908
"12033_1",0.16872924732123812
"8243_3",0.29438254295104893
"8741_2",0.3740300741368579
"6481_7",0.6451213972655908
"7053_1",0.3245319500835611
"1624_8",0.6532432152071662
"2900_1",0.3522597123854345
"4328_1",0.22707481777555472
"11732_7",0.6275941351187116
"746_1",0.4366434199763803
"6004_3",0.2485421821440677
"6162_2",0.2341592496541314
"9375_4",0.2619805932319659
"10924_4",0.3891785914725924
"6304_4",0.392826475302622
"10035_10",0.7099991655402761
"8867_2",0.22865219995500974
"9781_10",0.6136559127703308
"8902_8",0.674525563334537
"1006_8",0.6075234694494389
"7230_1",0.2555645183804619
"8788_9",0.6243306411124425
"2079_10",0.7642233484465506
"11987_3",0.10664925666973131
"2724_7",0.662046432972474
"8534_2",0.22642090551251004
"7052_1",0.27640323428359365
"4390_8",0.6751331814673693
"520_10",0.7817123164594846
"3936_3",0.525696170362509
"5160_3",0.33600403420500347
"10519_8",0.5176080094274769
"8906_1",0.30744407173750715
"8750_4",0.27670261279299163
"8606_3",0.4995930812062271
"12038_2",0.4798752441421414
"2939_8",0.7267175436271676
"5721_10",0.698689041730868
"6798_8",0.6400757840014257
"11820_10",0.7129144540640908
"6435_10",0.4696791605264563
"404_8",0.8029940216811426
"6066_9",0.7373657140297278
"7921_3",0.23095830402837444
"5468_3",0.36267461100121423
"7034_10",0.7501314230215549
"4309_3",0.3990610863566409
"8201_7",0.8161002438097319
"3656_10",0.7362395469900425
"8786_4",0.6021665977333186
"10564_3",0.267024487111557
"7401_4",0.2073687927970942
"1163_1",0.46667721792387556
"9915_10",0.7726292422802572
"11080_10",0.33959335599309975
"4710_10",0.8521287392209955
"131_1",0.2556925150946946
"6387_3",0.44962276456277755
"3906_1",0.1724563070943842
"2075_1",0.23319449357937488
"11663_10",0.7625391833381223
"6149_3",0.29496848469090475
"6703_8",0.656602978218169
"2440_8",0.7604113302408815
"10500_7",0.49857605121697457
"7349_1",0.33910364570435647
"10695_1",0.2758391480646183
"6905_1",0.2791694401079614
"4902_4",0.4197545596224167
"5298_9",0.7374673168809396
"6701_4",0.4580006927269282
"1344_10",0.5875008505738232
"284_10",0.6295798611691078
"9114_10",0.8139236249255782
"12102_10",0.7405666769258841
"11448_2",0.3506088443742016
"1053_10",0.7118689264268405
"8341_10",0.3934181258481066
"433_1",0.2307607273943934
"9534_4",0.449933250211817
"6471_2",0.4659352213773095
"8971_10",0.7535988241001026
"433_8",0.6515938533100724
"298_10",0.6066449116304986
"5965_1",0.09723774625052589
"10408_10",0.7093488340703825
"9112_3",0.49001085038036707
"6726_9",0.713931385832774
"1048_8",0.5968219059437211
"11046_9",0.6634598784905296
"4808_7",0.7485786461044573
"7027_9",0.7220642896429943
"12435_8",0.6232314979220747
"5480_1",0.5385389700044444
"8823_8",0.7119261905911922
"554_9",0.5587415740960014
"7167_2",0.32706520588149535
"10762_3",0.43670379085178984
"9036_8",0.5409549345023513
"12185_4",0.5069692496108301
"7763_10",0.8425781593288396
"10271_8",0.7134413829192259
"1159_8",0.6281433878712935
"11063_1",0.3080345149226932
"12479_4",0.2611466827038409
"11179_4",0.5835985990555863
"1736_1",0.19170891629954348
"4840_7",0.7027011382601462
"8233_2",0.6161154727466971
"1082_9",0.6936149173044838
"8378_7",0.718950767226421
"7777_9",0.7523117731407422
"1883_9",0.6384580468142782
"7350_10",0.7396074430282588
"704_8",0.6142036778382974
"6554_8",0.5998432278471918
"1750_10",0.7236540944304612
"4969_2",0.2811762763539889
"10339_8",0.7311176618983459
"1902_4",0.4053203403722159
"5578_1",0.06403696845967287
"5502_1",0.2760836731005396
"7250_2",0.19458089288497502
"8856_4",0.32417319986538
"10840_9",0.6639886994091911
"9730_10",0.6056959851157294
"11146_2",0.29785817982357055
"5988_3",0.2656492064354109
"9734_8",0.7574764111995154
"12338_8",0.5442812623648788
"9813_1",0.3232849551161164
"8928_2",0.43065458666506706
"5431_2",0.2859297681681488
"9467_9",0.7627753639491194
"4933_4",0.35560734825650714
"11280_10",0.41352660712911665
"10279_9",0.700355425675194
"7024_1",0.29962469475997877
"9115_3",0.3168454190619291
"5701_10",0.7003826558567247
"9539_1",0.15824098541561274
"7655_7",0.682844907235259
"4518_10",0.6764078493087186
"3039_4",0.3593993681142429
"8654_3",0.38001874513619194
"8893_4",0.4753125763190028
"3598_9",0.6996239415664558
"6443_1",0.2868156119589331
"3843_1",0.29148117301162063
"3848_9",0.6740549662770369
"3149_1",0.3839541568680708
"2152_1",0.32891369215081284
"11564_1",0.2821310121829564
"4391_8",0.6579573399524435
"950_10",0.6292287008431672
"10531_10",0.7650518921899467
"904_3",0.3420590055087112
"5293_9",0.5962360580348888
"2173_1",0.1105275780894429
"5992_2",0.2272127350950549
"782_3",0.5410481697675547
"1295_8",0.7390632766773318
"9659_1",0.26750468659046966
"2214_3",0.2505322305881217
"10772_3",0.20485691314424478
"7515_9",0.3625594754956505
"7294_2",0.33920977764060495
"7761_1",0.3000976628896173
"9027_9",0.6401112130924039
"6595_1",0.08905009440779839
"11003_8",0.718151816217128
"601_10",0.6381421691572653
"2991_8",0.5947502442073593
"10937_8",0.7141872880104171
"7545_1",0.3118392815910797
"9747_1",0.18789226766060738
"7653_7",0.5804382784835194
"6886_1",0.20502096616359242
"8054_8",0.6565394320897738
"7299_9",0.5728353806903906
"2289_3",0.5129802717996438
"6569_1",0.141098795501031
"10909_2",0.23599811762271927
"4022_7",0.36893780132063997
"5407_1",0.2619635053919246
"10211_8",0.6220044040310458
"9194_1",0.401044197742795
"8113_8",0.6961143210566371
"12010_1",0.2939354678546063
"7373_7",0.7537677404239425
"3535_10",0.7215956997440311
"5265_10",0.4070215094476622
"7032_1",0.40841346432178977
"3391_10",0.7130752418546118
"969_9",0.7399244164331177
"450_2",0.3591822691085304
"12296_3",0.6013344566868695
"10855_10",0.7600295804372671
"2741_10",0.6639800063031812
"12403_1",0.33983879739789935
"6118_4",0.5718314330011283
"9001_1",0.3211088135894756
"172_4",0.3679483324848439
"4405_7",0.43233569241594144
"8923_8",0.6811235911059059
"5396_10",0.7218966414538319
"7183_1",0.2560687333645791
"3261_7",0.7414147070963204
"7445_10",0.7998509101301673
"11412_2",0.3062659483563432
"4765_3",0.3596412566300289
"5248_9",0.6635266238034698
"3172_2",0.38872872878735176
"10813_4",0.32372202050147625
"8054_1",0.30461404273449605
"5535_1",0.2788949298608016
"1306_8",0.7644514807812645
"135_3",0.33556274571640193
"10646_10",0.5732467694478198
"9906_1",0.2874747264097343
"8156_10",0.6840122931713786
"2806_1",0.307232843207168
"9501_4",0.3625003345954032
"1882_3",0.45686487153844874
"11895_4",0.276514369656414
"5420_10",0.7616813671773237
"11791_10",0.8068645959673517
"3798_2",0.12169865306853328
"3282_8",0.5402112502159379
"1278_1",0.27081567067262446
"1011_4",0.43549407356066744
"5263_9",0.4642294546099135
"11301_1",0.17281682952117972
"1946_7",0.5842165733397101
"3246_10",0.8461948228280401
"4130_8",0.6493652557429382
"4172_10",0.6866165163860639
"2619_2",0.22741651983084926
"5197_4",0.6261852951136516
"6060_9",0.5605443327539488
"7430_1",0.1901269390917254
"3511_10",0.6873290620468676
"6970_1",0.22666110524363361
"931_4",0.20886463126767388
"12374_10",0.6654463941389714
"10217_7",0.6077530172842052
"964_7",0.7228752969971228
"4859_1",0.15108933871669103
"5525_1",0.3709743545029986
"11471_1",0.5303585914978601
"5030_4",0.26435317322108365
"12177_2",0.3239468701983295
"8892_2",0.22915083809761796
"1073_4",0.4518244590263012
"7406_1",0.19987914576028826
"6345_9",0.601419285806099
"7395_7",0.34101579929550685
"9952_7",0.5639215268132339
"5851_4",0.4974600553658523
"6880_7",0.5443365748201829
"642_9",0.6589725069297154
"6271_9",0.6935845700035925
"10983_1",0.12620086103649347
"5602_1",0.18272328818702294
"3834_1",0.38115695035572034
"6961_3",0.3194524514981437
"10102_8",0.7084607278127463
"6988_1",0.28261637981848614
"5803_9",0.7347081483746848
"6009_1",0.15100978178187666
"10294_2",0.3018827496002293
"9811_10",0.5333050740757109
"11298_8",0.5820555973795203
"4625_10",0.7438831717410682
"11263_3",0.2945015274999996
"11502_3",0.5558782757279637
"9690_10",0.7284231329480969
"4453_10",0.8966793506867269
"9741_10",0.5915463336872819
"12191_9",0.5191960238033521
"8019_8",0.7518173232894144
"2298_4",0.33522592125578754
"1489_4",0.4262000608870149
"4228_7",0.49528458110622625
"10905_1",0.13367479609005653
"5103_10",0.8293447379593726
"5641_1",0.2046323781893664
"11567_1",0.3594038898915093
"4040_10",0.8170840878621579
"4777_10",0.7997931750830268
"9612_10",0.8286520595823078
"3830_1",0.34718702385783856
"8781_2",0.2082760866010372
"9415_3",0.4917790239270993
"9171_3",0.355515942231945
"478_3",0.34170987758698507
"10979_8",0.6746860085626188
"7073_4",0.33873793358847026
"5419_10",0.6072238785965951
"8505_3",0.2986162522470478
"7559_1",0.43148815443709065
"3827_9",0.6307689207657246
"9242_1",0.28553728734033085
"3133_10",0.6544032861912932
"9051_4",0.3791221184057048
"8604_10",0.6706117094111871
"4811_8",0.6548697710109
"10697_10",0.612213400681298
"6142_10",0.6182700216512499
"6740_1",0.3036476317593956
"7806_8",0.7098573813037036
"8326_4",0.7141312465034209
"12425_3",0.2636383246349614
"11113_1",0.12893146424965718
"8096_1",0.18826609094310776
"512_8",0.5997516859390439
"11144_7",0.5121234352684261
"2073_4",0.3805181823668952
"6966_4",0.382882606736552
"12122_3",0.6103254460857725
"429_10",0.6335949682855624
"10294_9",0.7331016887078955
"9955_3",0.4538820457153419
"10878_10",0.7437842524782541
"9365_1",0.20664811339452158
"7317_8",0.5922660917823529
"2863_8",0.5725447684698213
"11935_3",0.38344030223583303
"2180_2",0.34591682823507003
"267_10",0.7754328264003225
"72_8",0.6763314745438757
"936_9",0.7695015966546631
"2363_4",0.2806864465899189
"11722_9",0.6951904005748386
"1353_7",0.5202358834608035
"3883_7",0.7064818994875295
"9475_8",0.6338434580900031
"2328_2",0.2932315831513867
"11982_9",0.7728131059327422
"10413_8",0.7420764252490293
"1277_2",0.3167836339344531
"6299_4",0.29728780611792055
"7536_9",0.5705408620646252
"8368_2",0.3147344676379217
"634_1",0.2940088232288903
"10095_3",0.3562282154346085
"8821_4",0.19635148791874835
"5669_10",0.8669865408302051
"4600_8",0.5643776412467778
"10859_1",0.40414826750118477
"140_9",0.5083357244213224
"153_8",0.7751596543064283
"8013_9",0.4609992390204618
"12389_1",0.5134311650422744
"8443_7",0.7138350077674027
"12290_10",0.6209168112151909
"12152_10",0.6617095224985081
"6442_3",0.4220847975833471
"7557_4",0.4799054934606993
"3699_4",0.561995770024703
"6461_2",0.6023084318426558
"8641_10",0.7390843544938663
"10771_1",0.5371816180310229
"10539_2",0.3368269460889687
"10406_1",0.2909400647658011
"9617_4",0.2991945279923873
"9403_10",0.8221259419836549
"3015_1",0.48980880613991656
"181_10",0.7454601510879735
"2879_4",0.28362120851727574
"1758_8",0.6537421603958621
"9992_10",0.8670985873524293
"10769_7",0.7142074368425545
"5616_3",0.37121579453528675
"721_4",0.4337700716914556
"3035_1",0.2975054116611298
"7877_4",0.20691082150801363
"5554_4",0.2885003624307363
"1475_7",0.7298588945292076
"1538_7",0.6978439082061761
"3499_10",0.5841885308616421
"8815_4",0.5037794750032042
"5817_8",0.5216920607263541
"4179_1",0.3057701123511945
"3719_10",0.5897673638126517
"2538_2",0.3380007479802718
"4873_3",0.3801198868152542
"7283_9",0.7107918119333885
"1997_4",0.45748561448729863
"11036_4",0.11436376155219072
"4123_4",0.5127469931792725
"3520_3",0.2329882742970306
"10320_1",0.20073333866825527
"10185_10",0.6719618830529439
"10193_1",0.3445025950785755
"2506_7",0.7578700085042768
"9868_10",0.6443261379870766
"5603_2",0.33943544632408446
"8392_3",0.3937974401137386
"5322_4",0.33834389039973406
"12117_10",0.8400455594374016
"2411_8",0.551148149315773
"9393_4",0.3022966504411408
"5968_8",0.49702230684253174
"6860_1",0.28344999657152714
"12144_4",0.6098658354460894
"2706_10",0.7286199381706606
"5655_1",0.32867767507325946
"2555_8",0.6510927099847067
"6091_9",0.6661588360924174
"712_9",0.6286928197078836
"9445_10",0.7087272237939365
"1777_10",0.5176261811358934
"490_8",0.44762521153220247
"318_10",0.6612129902426256
"10143_9",0.6257696741217749
"3608_8",0.629974350733055
"686_4",0.6453724947461869
"12147_1",0.14669557860473043
"6782_10",0.648462397082045
"5560_10",0.7676486525822745
"11621_8",0.6736077102376135
"11909_10",0.587566569257763
"11938_9",0.8832926943321425
"1877_1",0.35973040057089983
"1298_1",0.20250174642567031
"11154_3",0.26735893064584415
"10898_7",0.5206806069320834
"9980_8",0.7940481411337814
"9719_10",0.6866343670019512
"516_1",0.28152035431834405
"2541_1",0.24803439492847768
"23_10",0.7222289968806594
"3517_1",0.28722065047957607
"10839_9",0.7919078413355944
"11461_9",0.541683956683909
"10150_2",0.30224495907248156
"10664_9",0.7557128116581989
"6750_10",0.39976606891063476
"11165_4",0.7229940561779357
"3463_4",0.4475067585524257
"287_1",0.295313377266584
"5582_1",0.38577984857863107
"1136_1",0.18086758250944002
"10316_1",0.40033048728970705
"1684_8",0.6423556976445833
"3556_9",0.5871809837755805
"11680_9",0.7918675495189452
"10775_10",0.6405612421480746
"5558_2",0.29850132486680503
"6203_10",0.5428784035991091
"4057_4",0.45213241120937836
"9010_8",0.7861579912203728
"1033_9",0.6393314917532625
"12116_9",0.6300730585293871
"8401_10",0.8268672243976473
"9863_4",0.3211939915784726
"2777_1",0.16626986910469932
"5797_3",0.24042000687760848
"9929_3",0.1643649234699346
"4177_1",0.29083811013379435
"2205_8",0.7420281468429138
"2839_8",0.6608388906122519
"7161_10",0.6108152627750124
"11724_4",0.5126409434452261
"10369_9",0.7516098560719686
"8702_2",0.3451328234315649
"1028_10",0.6715601107870459
"7226_4",0.5137477456633244
"8799_3",0.4042352112028082
"1573_8",0.567970709548569
"12041_7",0.6755980196912605
"6207_7",0.5787314835806955
"399_8",0.7015247118139786
"1034_2",0.20565868157059772
"1610_4",0.49424312617944305
"596_10",0.6305895538352093
"6474_7",0.791216446482045
"4464_3",0.42870321225015257
"10637_2",0.3248251201804065
"3272_10",0.768288381965608
"10194_7",0.307903507901352
"11906_3",0.3522327766787886
"3666_3",0.4254382579861101
"6148_4",0.416992545254923
"4595_8",0.5497526844649163
"6146_1",0.27646335898467866
"7512_10",0.5455931899317902
"12333_1",0.2209115963442488
"3490_4",0.5106137338497951
"8495_1",0.20923947359609094
"955_4",0.4018720561035666
"10582_10",0.7339520051599772
"9477_8",0.6555694776541355
"7132_3",0.1334193437576943
"5214_1",0.2490546804047555
"8258_10",0.585391102963844
"10387_1",0.33268599126393966
"268_10",0.6626393848307955
"8153_2",0.1557810248215336
"7353_3",0.4832040806635388
"7847_10",0.7556840449275648
"12028_10",0.5449331474978892
"2998_8",0.41887103221144845
"2641_8",0.6273689926969589
"11923_8",0.532162580218495
"12322_1",0.2665352623063078
"11816_3",0.20840621799875378
"7111_3",0.3541582104097434
"8107_10",0.6903872466993793
"8835_8",0.4039316052325367
"10142_10",0.6453076234092727
"4445_3",0.2958704917393129
"976_8",0.5816315378676867
"1996_4",0.5055432003565801
"11496_3",0.3515791501579832
"1644_4",0.262326095638617
"8573_3",0.25972406591582503
"10835_9",0.5157164545364372
"11531_8",0.7592797659009141
"5802_8",0.6115621098595625
"2501_3",0.20374036020424185
"530_2",0.3196668507998379
"1051_10",0.7997564691579503
"6629_1",0.207673700396872
"10350_1",0.4085396956815625
"2943_10",0.850162161506428
"7661_1",0.28108392789110614
"8359_3",0.399683663581677
"10218_7",0.5609222695879866
"10548_1",0.2058635926051209
"906_7",0.7413544553843444
"2708_9",0.7345859438378616
"12478_4",0.3485992120686238
"10222_1",0.30116468031169413
"3560_2",0.284695886533479
"3371_9",0.5675625974495896
"10009_3",0.3282896856319531
"3142_3",0.359840641040219
"3876_9",0.6065300411212942
"6662_2",0.28850230579611985
"4691_1",0.31906003889580536
"2491_4",0.4643326259350161
"12485_4",0.4267104939283015
"1716_3",0.5814177735677212
"10767_10",0.7318812072932152
"4083_2",0.34686962710922137
"7656_3",0.3720177508350622
"2532_8",0.6119841561178003
"11243_8",0.6592243616570614
"11878_9",0.7350367175583927
"3627_8",0.5469272911664455
"9049_10",0.41261653364789047
"2950_4",0.4251105569677713
"4553_8",0.7584347485685115
"10414_1",0.28392275078091517
"4281_7",0.6566700987148105
"7905_4",0.6964529749874999
"10800_8",0.6419944218377206
"1562_4",0.5229799404603206
"7604_4",0.36670837805778084
"5752_2",0.452342394440874
"9465_1",0.30208148682118113
"2701_4",0.3579573293148013
"12432_7",0.6801636586267592
"7583_9",0.7639329512690568
"4003_10",0.6040883479776548
"11082_2",0.227331048898801
"7650_3",0.3585026316960118
"2215_7",0.605588654616702
"6597_9",0.6116127455071814
"12268_1",0.28424885447002124
"8650_7",0.4359253927273726
"8311_2",0.2796636811672633
"10764_10",0.6539259760070737
"5462_2",0.24326358530171924
"10303_9",0.8142669435450562
"12132_4",0.33062107830156945
"11786_2",0.3312905514086524
"6248_2",0.32154992576480135
"5570_2",0.1346348197499857
"8367_4",0.44902379824909106
"2416_7",0.6122099249932786
"4073_1",0.2524133338328452
"4642_2",0.44259051521356857
"580_10",0.8072915137132396
"3328_4",0.2983970978428144
"9524_9",0.6672032397758916
"11980_2",0.46344973914414955
"7812_9",0.6498915533168391
"3567_7",0.6806393816438546
"9592_2",0.18503131507923115
"8421_1",0.2269797198124818
"2618_1",0.18767300774347953
"2367_3",0.2632424455666808
"10613_1",0.22644653923026625
"7657_2",0.33324778955099527
"10992_4",0.2956334663043168
"10663_4",0.41877990436181883
"9589_4",0.29834506216269435
"5184_8",0.5113416552472226
"7352_7",0.731514936278804
"6483_4",0.6619499390455166
"914_10",0.6344500837116163
"1239_4",0.5868421113976376
"4465_4",0.4432955215550438
"82_10",0.6220010620154546
"3696_4",0.3613877893312881
"1507_8",0.6283145049555775
"12211_3",0.5525138020671699
"4003_3",0.31411325703256776
"3738_3",0.44833281637329375
"12089_10",0.7359169249650006
"593_1",0.22065717152764328
"7555_3",0.37113719255536737
"9897_9",0.8109380408408655
"299_1",0.24436696515934153
"2774_3",0.3962740367130863
"4723_8",0.6991904088931441
"1636_2",0.34148117982849086
"3383_8",0.833846629769128
"5360_10",0.7419685438627368
"11542_10",0.8186488715678656
"1964_1",0.2337087548225348
"10323_10",0.5166631563833137
"5166_1",0.33867374054917687
"12371_1",0.16672392822170745
"7426_1",0.2627617268818873
"11832_4",0.4347021409757378
"684_9",0.6191000171445467
"519_7",0.4228217857923513
"1712_8",0.7240744631820644
"5973_9",0.6621256885250026
"2820_3",0.18386409159476355
"5023_7",0.6934499978740408
"2625_1",0.25551470308681473
"2699_9",0.7443739990120318
"7123_1",0.38175502844092046
"7327_10",0.6597334918548033
"944_8",0.7545207524382319
"9757_10",0.6452045121803168
"12491_9",0.7615223904983804
"12301_10",0.5802866144247413
"421_9",0.7073480113284483
"6655_2",0.3793152657026313
"610_9",0.5881712173075404
"3020_1",0.43789751410969
"1797_10",0.8220706172208818
"1248_3",0.3469590523272128
"2524_10",0.8288863071682403
"10596_3",0.3777029008058219
"9326_3",0.19103131997065598
"9346_2",0.17751981780360113
"3890_8",0.8369011297833493
"7836_9",0.6502324106822629
"12388_7",0.5940683287013317
"3205_2",0.2941491993233126
"1547_9",0.7517897672288493
"2706_1",0.2572431757568746
"391_10",0.6288706748127152
"1544_10",0.6601388246001189
"7861_8",0.5893567922517235
"1448_2",0.21299034174033507
"6451_3",0.33091120287538883
"12187_3",0.45765469812568726
"11702_4",0.4859464839089192
"5947_1",0.4975547609985174
"1282_3",0.18337807679025103
"7492_2",0.23987182731903064
"7724_7",0.6332885282939654
"1564_1",0.5234544507111948
"4425_9",0.8153415878274799
"9416_9",0.7502452810056452
"10826_10",0.7408195673741641
"4402_10",0.7121873993552016
"9332_3",0.15408771725706208
"5856_1",0.25335233213743763
"2784_2",0.2734737823676138
"3216_1",0.31462718248780025
"8057_9",0.6420042475625776
"526_10",0.5971194969916085
"4376_1",0.3007265575909849
"9513_9",0.6064718726552979
"9972_9",0.612586637037746
"339_1",0.36933077720845364
"11898_1",0.32640823776011785
"9282_4",0.3669914809549803
"2303_4",0.40649917288965254
"10199_1",0.14744895439170094
"11660_10",0.581368281783302
"714_4",0.24755947427108704
"9283_9",0.5898878201530616
"2972_2",0.4168441796855658
"9060_7",0.8563901877546237
"3562_8",0.5759063659555643
"11064_8",0.7324417109205335
"4190_10",0.7073679137453495
"12472_10",0.8381451569194543
"2942_1",0.2772559304271796
"9560_9",0.6487293862407809
"2692_4",0.21120441381943236
"12057_1",0.1758452203499706
"11197_2",0.32492434245843493
"5827_4",0.6961099031904712
"4752_1",0.20082503648251782
"8114_3",0.2628114483866402
"5643_7",0.6966990615418119
"9127_2",0.36541392181580856
"10540_10",0.35474723388932716
"7342_2",0.14177161653158993
"4651_4",0.44202104821742755
"8798_1",0.18078995855487326
"5973_3",0.38196826288733193
"8314_2",0.15197469297964966
"7856_1",0.22569200625124974
"1255_4",0.2958911502962689
"9615_8",0.49550763623642075
"7261_4",0.3282447608274921
"9700_9",0.6719571363111073
"5938_10",0.7879030359682467
"970_7",0.5544921471865711
"7715_8",0.6298111674694143
"4643_2",0.39410619167057054
"7069_1",0.390386216600399
"8600_10",0.7728691386856472
"10275_3",0.36607765279164267
"9519_1",0.3056375495784115
"8861_10",0.7191156629774036
"8558_4",0.278744652256891
"7495_4",0.5069119496112834
"4727_10",0.5506733260759554
"9647_8",0.6075642762175608
"7192_3",0.5291175577033672
"8772_8",0.7478908057159229
"1198_4",0.39444948771459004
"4249_7",0.6152273061721029
"6816_2",0.45771191434346004
"10243_9",0.7533466262922807
"8365_1",0.28417527574142143
"2529_10",0.5471835638627709
"2538_10",0.6519178580831461
"5946_1",0.39843182770829144
"6716_8",0.685680816491999
"2633_7",0.6185784464249071
"10513_1",0.26670376323633643
"4847_1",0.5480173887273565
"2552_10",0.6646316860211683
"7166_9",0.6134971306769574
"398_8",0.7653469179192355
"6925_4",0.38402783994626233
"9873_9",0.6310645813685417
"3598_4",0.20057213823555964
"5996_3",0.21691213519335392
"4024_10",0.7322719961673482
"3184_10",0.7519399034007528
"3801_2",0.425893116593409
"1722_10",0.8447815099642557
"9344_1",0.3055884770335016
"2874_2",0.2678182028564263
"2914_4",0.4020338903896626
"9643_3",0.2808105625720331
"1756_10",0.6361143542500185
"2781_1",0.20760943498112486
"3559_1",0.1285036412494663
"6250_1",0.36689519199555654
"10960_9",0.70308835002412
"565_8",0.45798396519150164
"8749_9",0.4093435383699131
"11273_4",0.27489316310729806
"6933_4",0.3884359515084062
"7295_1",0.32472123625447274
"12267_1",0.1648403911580448
"9844_4",0.5078630719191174
"1949_3",0.4711566374415248
"10048_1",0.33582931056456355
"7242_2",0.09755950950396705
"1722_2",0.22885202079196054
"9869_1",0.4640296242144013
"609_1",0.4326315369375204
"9383_7",0.44871607944911235
"6593_4",0.4762743698066058
"3284_10",0.7124351266893834
"6190_1",0.6124390576747021
"8305_10",0.6920910400270907
"20_1",0.4792592542917808
"10037_1",0.37971981862627885
"1751_10",0.7783990327784035
"6821_7",0.5200668193697009
"4780_10",0.5531846687633427
"1290_10",0.777932344548936
"10777_2",0.2455481792847762
"3450_1",0.16966934501391656
"747_3",0.2643095010044788
"9262_10",0.7630552439198778
"7206_10",0.7309739887506036
"3700_4",0.47182311552245704
"2953_4",0.4694798241995873
"6828_8",0.5664686644805534
"10831_7",0.7181994064557242
"5014_1",0.18134024413992142
"11679_10",0.5774038019517559
"3476_9",0.49771164690721087
"12052_8",0.4675355109099372
"8635_3",0.28176338464426365
"6475_10",0.5934991723404177
"8531_2",0.30813991233512983
"9018_7",0.4616888763227596
"1492_9",0.6466039995458739
"10993_10",0.7634912402139176
"1896_2",0.2849058296590941
"8241_1",0.43313068448475717
"3568_8",0.5018743801243681
"9424_9",0.6857079431233505
"3791_1",0.22582786805645394
"2117_10",0.7925483820919811
"4679_8",0.8586814783834827
"1217_7",0.8636700327100524
"7969_3",0.4095684339984981
"2271_10",0.7994456501806577
"5772_9",0.5958032100314848
"1347_8",0.8648128911979284
"11800_1",0.19078538706230913
"8820_10",0.7298922482553469
"10014_7",0.5027472969177559
"9864_8",0.5644917089308844
"6926_4",0.28155776385614806
"1842_10",0.8230065627595289
"756_7",0.5572645755911845
"7657_10",0.769206292852365
"12416_7",0.6480142217001948
"833_7",0.48089568817969697
"8746_10",0.847835252960359
"6374_10",0.6395282337797008
"24_10",0.6925398517737483
"5133_10",0.49697930940284596
"2937_1",0.4687830943594898
"9845_8",0.6296434995959785
"6236_7",0.5413713406200067
"8525_7",0.6799777962924914
"10398_10",0.7253047026589793
"6555_7",0.6313344209746664
"5873_3",0.5375790491418225
"12235_8",0.5491911304562059
"8972_2",0.22620863772070138
"6313_1",0.316473953011319
"3277_1",0.38867484367072963
"9661_10",0.6328876669817166
"11759_4",0.36803539534553126
"7960_2",0.5474255241327657
"2710_7",0.6375599775194636
"3152_1",0.40050051390565294
"3186_8",0.8250459617681398
"6180_2",0.3243240105910443
"3303_1",0.33132194151290095
"250_1",0.4062623135411371
"8902_1",0.20437254179185993
"7964_9",0.7223333243998327
"78_1",0.21794516506760833
"9162_9",0.508275668599606
"11868_8",0.5722999530977692
"8522_8",0.5974183864546709
"8517_8",0.659722116593687
"12341_4",0.4908195990697869
"3300_1",0.37095322266845393
"2961_10",0.7405338975027691
"11309_10",0.5719056652704128
"381_10",0.8144904709912959
"6537_10",0.6432565978721805
"4623_10",0.5476414820772396
"12425_10",0.7112011306915796
"817_7",0.5847613744948248
"1853_3",0.4306971672058366
"3586_10",0.7781447472471532
"6148_9",0.6580126599510518
"5020_10",0.7802270811324336
"6486_10",0.7545191708394704
"560_8",0.7784494174751307
"11210_3",0.5253219225345473
"4714_1",0.123103306860623
"7175_7",0.529324790274049
"10289_9",0.6586786350268766
"2497_2",0.40998091336229964
"6359_3",0.46331602726358695
"4905_3",0.2476895405676029
"4701_10",0.7692199296995915
"292_10",0.8176716639968596
"4010_9",0.6729290961656205
"1591_2",0.6271946920637036
"619_10",0.4701390259146289
"8563_1",0.14486841980606552
"488_4",0.39238621900133064
"3148_10",0.7746480686090402
"2046_4",0.22789476667790914
"11560_8",0.6447129834976186
"8694_7",0.6783236577597465
"11041_10",0.6539242100429287
"6159_8",0.5928216968502761
"10205_1",0.3895688227435625
"7840_9",0.6664946117876185
"3298_10",0.7949715138289234
"2854_7",0.6043321266748727
"3521_8",0.7459990919568718
"8317_2",0.23029536535852688
"10564_7",0.7024093622198045
"7951_3",0.4532509906379609
"9834_8",0.6653674134672848
"4809_9",0.688071240379635
"4675_1",0.34964281236423866
"9493_10",0.4723058739940395
"7841_4",0.3599895646096459
"8076_10",0.507226237261804
"3242_8",0.7413986068748062
"11666_3",0.4283307246521661
"9341_2",0.4176745942074733
"10384_1",0.23256134880825086
"1558_9",0.7648842937095337
"9790_10",0.5324968674764871
"12149_2",0.39130305008910016
"11533_4",0.2243818920980496
"4438_3",0.5236886255033902
"11177_4",0.18719223439127558
"8657_7",0.6609362107476324
"4485_4",0.5320704585353467
"1313_3",0.25174404157213404
"7383_10",0.840733841442553
"11875_8",0.8601399019245272
"9838_7",0.6396580914680509
"33_3",0.2456086712892621
"5747_1",0.3126211412365557
"1420_8",0.5465350368008769
"7292_9",0.5908059278157685
"5218_7",0.6727241477889978
"3359_9",0.5972480158761263
"10947_8",0.7912913089903613
"219_1",0.2481565818978667
"6374_3",0.1474874816804841
"9686_10",0.5626407206551834
"6757_10",0.5265610315375673
"1003_8",0.6353754623243294
"9313_9",0.6703849930045619
"6175_10",0.7367863573035153
"5391_7",0.6420584534401751
"1085_1",0.2214416053957008
"9054_1",0.3298178317863382
"8543_10",0.7656943695680566
"686_8",0.5320550994124122
"6959_3",0.3121052161652137
"11014_4",0.5354133628267518
"9204_8",0.7284606450583001
"9029_7",0.6124495458773326
"10441_9",0.8482360766069633
"5245_10",0.7173566126810663
"1480_7",0.36624614867137806
"6426_3",0.3224003232061343
"1700_1",0.2727024858601779
"2783_10",0.611988354840558
"6152_8",0.5974787434316122
"12282_10",0.6932073747060726
"2948_4",0.35298738176439026
"11974_2",0.20948442580624607
"5944_7",0.5149827908433506
"9370_8",0.627876533495927
"711_10",0.4963425047085132
"6169_8",0.7331618399704378
"12329_1",0.17321338217387325
"4904_1",0.29697810248542106
"2070_3",0.22431021930375963
"25_3",0.20800896703514885
"1819_4",0.1853335984389816
"8642_10",0.6530042108750609
"11504_10",0.5334300043265658
"10193_7",0.8636700327100524
"8917_4",0.24297750460611797
"9380_2",0.3533860091716923
"10048_8",0.7363296132508036
"7288_9",0.5633135406984474
"8128_4",0.3471142576104688
"7800_3",0.3280170881538068
"5852_1",0.3381192427479103
"8027_1",0.341965871856445
"10317_1",0.27679880812167174
"10280_8",0.5720605428631821
"3959_10",0.7499750683910399
"6115_10",0.7655711670146514
"6078_8",0.6639023797980544
"12273_9",0.6917564152927022
"1497_10",0.6002099335819862
"2969_9",0.8302004093408731
"2577_1",0.2569643797171296
"4519_1",0.42054400837108424
"8596_4",0.5740567861335157
"254_3",0.30746642541773145
"7005_8",0.6826906316570709
"5426_10",0.6339732167282481
"965_9",0.45740144054715715
"2044_4",0.5822475886259921
"9006_3",0.43971119263006897
"11462_10",0.6415222292784319
"4990_7",0.2483613822434961
"163_7",0.533990107642514
"3134_3",0.4736126993308495
"2922_4",0.5283121249466207
"5777_1",0.17828821406387896
"6340_7",0.5842673717251505
"7896_1",0.18543476452905816
"2321_8",0.6585037680390639
"2187_1",0.5806645940420333
"1831_9",0.8213902089067932
"9321_10",0.6630895822233825
"9970_10",0.582277867737399
"2978_4",0.5727491761343403
"7491_3",0.19048328295603387
"2491_10",0.6565387398282045
"749_1",0.24793126019722733
"4751_2",0.2845670218647125
"3276_1",0.1837307339778386
"10889_9",0.8116495855208483
"5887_1",0.28379418654562355
"8806_9",0.6570764304680953
"8569_2",0.23250015353352974
"3209_10",0.7555396891340965
"7139_10",0.6148485056833413
"5052_3",0.19429532230743507
"5773_3",0.24495941397667143
"1663_9",0.760514438996175
"3575_7",0.4111542380736523
"12017_1",0.3567508645123741
"12460_8",0.7989818498394513
"7925_2",0.09420267691556469
"1643_10",0.8625525464601662
"4537_1",0.1885946268539964
"10651_3",0.22628900620069037
"12075_10",0.7517700053526799
"4823_1",0.36631128035222743
"5392_7",0.6468904660224422
"5436_9",0.6814449220744417
"3088_8",0.6701339654628187
"6607_9",0.6111102570835161
"7648_1",0.4050537152193338
"1073_8",0.6491530473272323
"4587_8",0.5152191164336993
"9463_10",0.6535108498490041
"11962_1",0.2691551311881839
"8718_4",0.38307003826716385
"7781_10",0.6836117121440224
"11495_2",0.3711768073124401
"2772_4",0.585309353589465
"4029_1",0.15109710855277522
"2080_10",0.5964931577685734
"6250_9",0.7772600929324522
"2985_9",0.5008497064198087
"2935_7",0.5502681791561786
"7900_1",0.20566331824534798
"2433_8",0.7922409553762314
"12366_1",0.21251231820249167
"10910_2",0.3989160439505436
"5265_3",0.20118359956888632
"9603_10",0.6094619865668486
"11989_3",0.23357537504722836
"2929_4",0.48762191350867745
"1796_1",0.2597639023627613
"10659_2",0.6046087494609987
"4978_9",0.6198150493778559
"11823_8",0.6677375972978743
"1732_8",0.5270895383140581
"1103_4",0.4148446708257976
"8958_1",0.27239204780299875
"8607_4",0.5980470845133543
"5820_9",0.8126557983244354
"8885_3",0.2676642793256248
"3718_10",0.6230670232275353
"3822_1",0.2357330414685308
"9886_10",0.7846041873221697
"9806_10",0.672415063351086
"10009_10",0.7127122519583938
"5979_2",0.19287811631703763
"11937_3",0.20424529328228028
"4776_8",0.6888640977860285
"9009_7",0.4243183637090298
"8094_7",0.6666754429049804
"828_3",0.4701035845625447
"3318_1",0.21000671393809964
"3558_4",0.419119242983137
"7967_8",0.7549783437833937
"5275_7",0.6288193459431306
"5130_1",0.2114019503993033
"1327_9",0.5984571467434561
"11526_8",0.5787635138574395
"32_10",0.7842848505478067
"10697_1",0.1514028209493379
"9966_1",0.2485879659402259
"3132_1",0.4348598823727759
"967_2",0.26216604690945916
"6483_10",0.7939983160767097
"698_10",0.6537469521484425
"7848_2",0.4543834373217156
"9349_1",0.34335295292905293
"10532_9",0.6984750994605485
"11819_2",0.34035554489165804
"6812_1",0.19207949831406002
"5401_1",0.17485628487182556
"3528_1",0.15792427234387557
"12239_1",0.3523458004642633
"1479_4",0.2343525604131979
"2732_4",0.5589503139393295
"6806_10",0.6540513237002319
"2119_9",0.7460521192832811
"8565_9",0.3795795139975971
"1914_8",0.5488265052888128
"4835_1",0.3100651467576217
"1029_2",0.14376012488867634
"9228_4",0.47575155756885584
"2391_2",0.3857754320379831
"9674_9",0.6906628424291009
"9404_9",0.5179064621661255
"5987_1",0.28346268887838166
"9237_8",0.5826087365465572
"9879_2",0.3147791345129084
"1370_10",0.35695008132691963
"10662_1",0.37286508347381675
"6937_7",0.5073070755423682
"6355_9",0.5092265426376308
"3784_4",0.4291323859333572
"9136_10",0.5707816468449897
"9557_4",0.3874586518296727
"12013_7",0.696283262426348
"1114_4",0.3343666068653795
"6890_10",0.7324080431057989
"3238_8",0.713414839319709
"1790_10",0.7251524973857202
"4277_8",0.6043875059395952
"2257_4",0.5834813238155035
"7677_10",0.7412775714660707
"1618_4",0.36341906259254303
"7314_1",0.507649799026461
"10332_1",0.37287371764227645
"7746_2",0.6264057000936558
"9303_3",0.22340701161233945
"12321_9",0.600932262350234
"10341_2",0.31310758224532326
"7745_9",0.7208352397146239
"11104_7",0.6482988161059166
"10855_1",0.26846971676405473
"10300_1",0.2867504824462519
"2037_2",0.24623238972340136
"7754_9",0.7898153192148981
"9503_10",0.6241373728203424
"396_7",0.6977474484815847
"583_2",0.36729960890739677
"4469_3",0.3547754058009903
"11038_1",0.32103652280070416
"2285_4",0.520565231609799
"5069_8",0.35132080147797146
"8736_8",0.6438538381558551
"9486_3",0.3353658839254905
"11669_10",0.5416501197667096
"8598_1",0.2228289881303247
"1344_3",0.2224383574368499
"11789_3",0.14380762067817932
"9605_2",0.2753911080483141
"10122_2",0.2583491295372466
"3752_10",0.6088613338922878
"3864_4",0.35614779290765375
"10505_7",0.5375592850256087
"3822_8",0.6276097386149532
"8146_4",0.3736901505047309
"11114_8",0.49382693455455456
"7847_2",0.3950687986273686
"10300_10",0.5600000006878973
"7021_10",0.7684493364851918
"8_9",0.3437395920066323
"7199_2",0.33968001431318284
"9392_9",0.4602717771880427
"8234_7",0.5367630166532751
"12328_7",0.5987143782609851
"9918_9",0.5845038984931312
"10066_7",0.4696672511178199
"5482_2",0.41677791470873465
"6914_4",0.36313980292855363
"4665_7",0.38349649415168585
"613_4",0.475810798418386
"577_8",0.4463403946104827
"12490_4",0.47955985148690977
"8637_3",0.45232043346617307
"11815_4",0.3292157800419636
"9490_10",0.6838674170016258
"4388_3",0.15678453099271383
"11778_10",0.7015848499332734
"4988_10",0.7438565276499313
"6590_3",0.5550996752369909
"4761_7",0.6204508827771663
"8828_4",0.4410568384574239
"10382_3",0.24950052721831031
"3321_1",0.262842740457461
"2550_10",0.5990388786158894
"12104_1",0.5510738106987532
"6431_1",0.18540397163079814
"8829_8",0.43381699528013196
"858_7",0.5191415611767446
"197_1",0.41936028840058526
"3599_7",0.4680994886542474
"10808_2",0.23608546710647207
"12050_4",0.3399607372028511
"6348_1",0.19315713856040642
"11051_8",0.6720594748354032
"11216_4",0.3943463608717507
"8360_3",0.29439466633396943
"9570_2",0.35704010839134104
"8040_4",0.4171545251675794
"3664_8",0.83058254940288
"10003_8",0.7723855822873709
"3763_7",0.6089761122573153
"9692_9",0.40418885667761334
"4503_1",0.18692133192397084
"10985_2",0.529495225327454
"121_4",0.3529319450123951
"5651_10",0.5939307905991552
"9416_3",0.10073254803172751
"9128_8",0.5294285990577595
"8955_8",0.693232951651208
"8787_4",0.3655520994408036
"1622_9",0.5393303639954679
"762_3",0.3184958601744012
"6915_2",0.24372324756107375
"8998_4",0.2660080806365098
"8200_10",0.4529647522033006
"1878_8",0.6621927022458421
"5969_10",0.6087500302398997
"8000_3",0.40490808453912813
"8161_10",0.7866314662820316
"9805_4",0.3886072879471641
"3815_10",0.4788600089848493
"3783_3",0.49481861661583026
"4924_10",0.6441727571753931
"7952_1",0.2955463219479466
"4060_8",0.596749696054487
"775_1",0.2669374513080707
"696_10",0.8647508968875139
"8751_10",0.412103798308291
"6073_10",0.6469129955374006
"9982_1",0.2113561361601054
"3706_10",0.5799272657642534
"5996_8",0.44204555334126566
"3107_10",0.8055972867611785
"8913_8",0.526394413719261
"8982_9",0.7289930033290086
"8938_3",0.4829643869511396
"3008_3",0.2997111657380265
"3787_2",0.2244892590601012
"6146_9",0.5028950138072609
"5664_1",0.32124671226452883
"2408_3",0.4088757590660698
"6153_2",0.2767383666558103
"7023_7",0.6771244687654877
"2571_3",0.12115768057942901
"6808_4",0.25708088180304484
"6425_9",0.8207602334605101
"11139_4",0.41491298268087706
"320_7",0.5505369791585727
"3098_1",0.11734626577616761
"5369_10",0.5443961340157202
"480_3",0.25181672178448317
"7884_9",0.6172378201852143
"5247_1",0.1484200428270503
"3192_2",0.27547367254660066
"12127_1",0.24199105366551554
"1237_7",0.6915113232638921
"612_3",0.4726105107545683
"6016_7",0.5322768517606159
"10490_1",0.23417173383740839
"5180_8",0.7386083904519064
"3122_4",0.46805822318825185
"2845_8",0.7030471112298221
"9000_8",0.7281861546741879
"448_2",0.396843151307763
"1207_10",0.6911586009332504
"11989_8",0.7095591836811119
"11102_9",0.6546465882708166
"1761_1",0.44364846821433784
"9815_3",0.3937162675394189
"12023_1",0.42706219062410194
"9901_10",0.7521120545799127
"11740_2",0.3828164669876167
"4702_10",0.6005440164388965
"4885_3",0.32154698422729894
"0_2",0.28667636445894285
"2273_2",0.20039461168159678
"11340_8",0.5627968142592451
"12012_4",0.5387501830450295
"10534_10",0.6598080717192325
"8424_2",0.31593849274122304
"8716_3",0.27195665932057445
"7154_10",0.7087653594792761
"5001_1",0.321332555304169
"6511_3",0.3888694271027658
"3308_7",0.5050696931823622
"2720_2",0.27860443823960535
"1183_10",0.6318450890197999
"12387_2",0.16622857692295206
"6580_2",0.3077342482026163
"4431_9",0.7381382914482469
"11828_7",0.5801806999890717
"6737_10",0.742404460249529
"7505_4",0.31562699243776365
"4798_2",0.47997968335140423
"4773_1",0.32634639324614423
"6719_3",0.26510031659950467
"6475_3",0.3518410897025234
"11733_3",0.40934055153319904
"9360_7",0.647502797373441
"5571_1",0.12703088596201462
"10316_10",0.6817059688163652
"5068_3",0.20349315739948093
"11188_8",0.47992471198035264
"7291_3",0.508372045530473
"6233_3",0.3829394917580956
"11710_1",0.3838105531473549
"3780_7",0.534126635804843
"3210_10",0.7749387616204625
"2885_3",0.3305832996864234
"2912_4",0.4243816573671969
"3320_4",0.23357174390291568
"11275_4",0.3665183409053766
"8406_1",0.22980455785978876
"8275_10",0.5863532259051188
"4862_9",0.7193328911848355
"11817_2",0.3963961269748963
"302_10",0.7060425369782307
"11341_1",0.5043230412479104
"4626_1",0.1319491811472259
"1030_2",0.3114135800915466
"4799_8",0.6695030016812249
"4845_1",0.13982341365556147
"3458_1",0.15719896619012985
"9535_9",0.6703875890040589
"6553_10",0.5365204824097438
"486_4",0.26503419369327863
"11162_7",0.735288244116509
"7689_7",0.47241674583405735
"12058_1",0.21050548237900127
"3740_1",0.28641407476361835
"11656_8",0.3684178261321101
"9795_1",0.30909079463521105
"1947_1",0.2759297471028817
"1468_1",0.31378687795244714
"4158_10",0.6206257694902217
"5876_1",0.46894412948432335
"12084_4",0.3963809546053551
"5434_7",0.4358091026977813
"7984_9",0.571824948842543
"2217_8",0.6440751752445328
"2300_4",0.35728719171215184
"8707_7",0.4215614245546537
"3345_10",0.7874139201174892
"7375_8",0.7093231436819356
"1150_2",0.2972508064208756
"8557_10",0.7445141785273349
"5590_8",0.7373569512775274
"5270_1",0.47148727204495244
"10339_4",0.46254685412168195
"6789_3",0.49687070005280576
"4289_1",0.43319274241934164
"693_4",0.42774701287777744
"326_1",0.6412597833385971
"9786_8",0.6094695898360224
"6610_10",0.8529677461084444
"11350_9",0.8125426953670724
"10907_1",0.4638843716110878
"3285_8",0.4753512282670675
"10964_4",0.1960344099418645
"5411_1",0.328170676586398
"6188_10",0.7704353201412909
"7110_3",0.23961650587456418
"7355_8",0.4822718260019669
"12116_1",0.3801973274388843
"1187_1",0.14896537427885648
"12167_7",0.5000166758276112
"5530_9",0.6087754063551011
"2829_10",0.36063508255703186
"9549_4",0.14962852196952045
"8805_10",0.593088205358065
"10265_3",0.3528596057850169
"5227_3",0.18242487261227244
"8693_10",0.5734750226819937
"6331_10",0.6521456998562954
"9079_4",0.24555327543841676
"7200_1",0.3170493448789949
"9322_10",0.7302948638546402
"2899_4",0.12906989200970645
"6478_10",0.6253538932045704
"4659_1",0.32324787251249654
"6755_1",0.2695370150347119
"10385_10",0.5668183859699745
"11861_1",0.08065123548689307
"5483_10",0.7929108498485687
"4012_10",0.7426852470545682
"7146_9",0.6585912048594162
"3782_9",0.6243860748463551
"12181_4",0.33683982102556903
"10663_10",0.6839856112857904
"4712_1",0.3714982341302302
"11071_10",0.6349667141563344
"11171_3",0.18515787819769253
"9043_10",0.7116024525204692
"9912_10",0.4772502532066595
"7306_9",0.7251771576502618
"12382_9",0.648323070430264
"11654_9",0.6836243558215827
"8848_1",0.1297023226751801
"4076_3",0.35564113172182077
"8248_3",0.45461821078082626
"10011_1",0.2747294363175119
"11769_1",0.3928164260257827
"4164_9",0.8021866041388775
"1831_1",0.15452580113076628
"4164_1",0.20601594564987055
"318_3",0.40695146152642436
"7221_10",0.739493508525608
"10912_8",0.6792716658068231
"1321_4",0.4594907004378571
"7712_7",0.6986092829399322
"2680_4",0.3343548406163554
"8374_1",0.16915765871698193
"995_7",0.5988585168701469
"2009_1",0.21393729370069806
"3905_9",0.6402696115883809
"3348_3",0.4234122394633215
"6466_1",0.20995564863131583
"11900_10",0.78376207923125
"1634_7",0.4411415740403323
"8245_4",0.3558492025228773
"8561_1",0.31836338356054705
"2072_2",0.25735650051816217
"12060_10",0.7249117158561422
"8178_3",0.46618906477445915
"8778_1",0.2983577778164964
"10489_8",0.8166331301468521
"10118_8",0.8049692537899115
"3470_8",0.6868282000678515
"8014_4",0.4877572667773105
"582_10",0.7370704365236822
"8984_8",0.5682879208324876
"9085_8",0.5942972971708449
"8894_2",0.4548116549298561
"3762_2",0.3113682126084496
"3815_2",0.1257169400182277
"5903_9",0.7232346189868591
"8907_10",0.6501592906140493
"6140_7",0.6358915803822682
"9279_4",0.5279592217117054
"2948_9",0.8237786170289741
"10588_10",0.6586928023499896
"8239_1",0.35062273228938806
"6986_2",0.1681313392542062
"5308_3",0.2417828448415387
"11984_8",0.6609239782603146
"9984_4",0.3773329263040741
"11803_8",0.7786439415379126
"2925_10",0.6858487896509099
"11396_10",0.5249229097395646
"8998_7",0.6578219128493067
"4511_7",0.7937363319316586
"5780_2",0.3839527456698555
"9838_4",0.2865976952092737
"422_10",0.6328106362464485
"11389_10",0.6897356268661571
"8511_3",0.48226802689483667
"2089_10",0.7132951482725091
"5818_3",0.37046730820025287
"566_9",0.6181713831237015
"452_10",0.8640533254762054
"4451_9",0.6688299343907617
"6105_1",0.2957363933984483
"2158_10",0.3551478842789835
"10395_2",0.34772222590933793
"11291_3",0.18460660954809807
"2408_8",0.695902596716751
"3698_9",0.40844469518535553
"6060_2",0.2667519324343504
"9509_10",0.7445294564513327
"7136_10",0.724201397588928
"5557_10",0.7652131051438622
"7155_2",0.180988903051086
"11421_10",0.7101859453879386
"3620_4",0.6013332780395458
"2176_4",0.4887999540503303
"8970_1",0.38563455363171567
"11186_10",0.7108604336483629
"9604_3",0.4052264954087605
"6047_10",0.6007538423079398
"4487_9",0.6040520955134888
"11880_3",0.2911098309404293
"2650_2",0.43674507905604704
"5279_1",0.28970160681557966
"9289_1",0.20735493857035164
"11673_10",0.6616164353435836
"6890_2",0.37474517912533234
"2668_10",0.6747733571966025
"942_1",0.12417446570825064
"264_1",0.3266166218888192
"10157_1",0.2880519780098577
"791_10",0.6024425157304694
"11434_9",0.6986150769303258
"5630_2",0.42028908088792183
"9392_1",0.27867568968733725
"12471_3",0.4780770637402285
"8593_9",0.4778047353213328
"10333_10",0.7242186597733041
"9146_8",0.5611571724916243
"5404_7",0.7056907063832212
"7662_9",0.6849855858178582
"11068_1",0.2478782446020914
"4460_2",0.39743191607899864
"5002_10",0.6483274222235653
"9269_9",0.6260263828259509
"1639_10",0.7221988953756943
"9045_1",0.4814416161086071
"9944_8",0.5345800424732553
"4091_4",0.3858720825024042
"6889_4",0.3601944051777227
"71_9",0.8649120753977545
"10173_8",0.7027710536433736
"2513_8",0.6777842658104952
"7507_1",0.18093730677349018
"1235_2",0.3327955773742559
"3325_1",0.3814750038055353
"4146_7",0.3458651356944202
"7286_8",0.5263034462001437
"4096_1",0.16041945288835774
"3897_7",0.8137364490790259
"11240_10",0.7213871778087458
"4109_1",0.16474841200347196
"9566_4",0.4442121974809785
"2038_8",0.6260891920839085
"6985_7",0.6351644808429551
"6967_9",0.7485073432218462
"11020_10",0.7145232693659233
"3291_1",0.41524281070056135
"9763_3",0.4102608568085098
"1943_7",0.472323253961113
"7599_7",0.6216721875081569
"8158_8",0.8152733207274396
"4140_3",0.246694540748235
"11840_2",0.2478676857534305
"9675_1",0.3039541362899436
"10878_1",0.09171382485434466
"10760_1",0.33660852127642243
"260_1",0.1161713939679293
"8188_10",0.5725261363617479
"3260_1",0.2701313484529621
"6172_9",0.5875908419250897
"10021_3",0.3064680242268355
"7784_10",0.8174192836898613
"4066_1",0.45104976348775216
"12325_10",0.6080705953455523
"9894_8",0.6835354034151299
"1242_1",0.2184610526637442
"2059_1",0.37187849324299627
"10686_7",0.8207271465303748
"8110_2",0.3019747135015221
"8398_7",0.6721088343614385
"6096_9",0.47026953724566983
"9422_3",0.3927703093659508
"2919_4",0.7152481588391653
"10248_1",0.36919434432737214
"7480_1",0.3111720704069721
"3248_8",0.7075852784788904
"10264_2",0.2693768877324307
"7401_10",0.3095583312841013
"10528_1",0.26261159051728156
"7623_8",0.33071264959977087
"3968_2",0.40512668392164203
"10918_4",0.24377113178474688
"5146_7",0.6943144274187615
"12466_4",0.20528745607685528
"10395_10",0.2921620554136614
"3862_8",0.7615924151462126
"2247_1",0.42024422553770024
"2979_9",0.7758056600396092
"3271_9",0.7007469959666568
"5225_1",0.2054819832204263
"5662_1",0.36477068875557217
"12087_3",0.4098145455799087
"10765_10",0.8201870906577639
"1256_4",0.4305594273693037
"2057_1",0.24988052164081642
"2610_7",0.5853903918898722
"2065_2",0.1841817992253148
"4410_3",0.5659843152780656
"6847_10",0.7109493300924143
"1927_1",0.38978922600344607
"4201_9",0.6440052828299793
"2578_8",0.7678469121543343
"74_10",0.7160542200918626
"8324_10",0.7442085700052916
"4762_8",0.47080136939995826
"10612_3",0.24775674931584943
"11353_10",0.5822351991162261
"10709_8",0.6991934561527667
"3978_7",0.6291118668139233
"954_4",0.4203737992076286
"2493_10",0.5936331744471686
"8293_7",0.7205561950858734
"9454_1",0.5013267710690525
"8982_1",0.31315625274716224
"5201_3",0.5081346628648629
"9758_1",0.23488321169238885
"5999_8",0.5841126201402373
"11000_1",0.12627170756834846
"647_1",0.32225609491486384
"7345_9",0.7791538361927958
"5105_3",0.34557696291814366
"9488_4",0.2466758674560853
"11810_10",0.7800567339805218
"5343_8",0.5988854561263182
"1671_7",0.720697149662709
"6414_2",0.44391579885516763
"3749_8",0.6453842988931766
"2310_2",0.1933982355031759
"8460_2",0.2527008583388738
"12305_1",0.10974184716624726
"11672_1",0.1954609354318406
"11726_10",0.7323258601800625
"11659_2",0.4943131247592417
"8684_2",0.24398603018141182
"6546_10",0.6629850724130975
"1980_8",0.5456954181027532
"3113_10",0.752327080294958
"8440_1",0.30859372794601514
"7473_7",0.7318637447202373
"726_7",0.5790492542880991
"11165_10",0.687018019524621
"9830_2",0.34586094773732645
"6409_10",0.6464771228825136
"11455_3",0.45650067598218497
"993_3",0.3157331653103686
"3186_1",0.3304315289835059
"11631_4",0.2690365022440777
"3225_1",0.24697928387489154
"4442_1",0.3126511242114106
"6775_9",0.5867740048901283
"230_7",0.43924462695836786
"5971_4",0.5525793672961914
"763_10",0.7996805242527308
"9943_10",0.7810979591742077
"10098_9",0.6460478814506562
"7219_10",0.569753262525161
"6348_8",0.523699267772559
"5774_10",0.8523726062029475
"1842_4",0.4070868539610088
"3544_8",0.6103288841712264
"5661_10",0.673256373263753
"8698_1",0.28802100360128363
"7576_1",0.3725298018585732
"584_3",0.40181343710954287
"9963_8",0.6114976804211106
"11653_8",0.7408021189461566
"4269_1",0.19902533056784272
"728_1",0.21753031306294743
"7118_2",0.22224660642310562
"6305_4",0.6121712046208843
"5970_4",0.4058443174109875
"4729_1",0.20180960109757545
"7638_10",0.5418886330151933
"2709_10",0.6270521362194561
"1461_7",0.5865163705114824
"5302_10",0.6615373646228601
"3589_10",0.816836707340984
"3897_4",0.4957831804327923
"9883_1",0.33168624395186114
"9903_4",0.24616349927886427
"9789_1",0.30474504048649637
"2971_4",0.2997322211830012
"5015_7",0.660269259949704
"9215_1",0.3471991298746894
"8553_2",0.38853584096804633
"5671_3",0.2097875378565992
"748_7",0.5277463577930458
"8222_10",0.5319428803425426
"9336_3",0.579861130527958
"1585_1",0.3671073783658148
"10634_8",0.5783103151410649
"4549_8",0.8089319103246733
"7014_10",0.6570991828561894
"2412_10",0.7644688761869971
"5779_10",0.570284165132298
"11949_4",0.4824490467534272
"6879_8",0.7474284185935549
"4432_2",0.41101049172409715
"5825_10",0.6923321545231598
"10422_9",0.6002633734123366
"4575_10",0.6923212085839927
"11520_1",0.1997357492014559
"6612_1",0.4567139480311073
"4206_7",0.5843926662017082
"1611_10",0.6109098068313505
"8170_10",0.8255192076632776
"96_1",0.20020840128153175
"715_10",0.7098748884974287
"10032_8",0.6795821463585511
"2585_1",0.23475135396771704
"7477_3",0.4850327664758721
"2778_10",0.7739639297898642
"6807_1",0.6131483456304581
"6378_1",0.3162178471006995
"1752_10",0.74854146547193
"2305_8",0.7099334363476589
"7423_3",0.2530739172463671
"496_9",0.7397546918478308
"10829_1",0.22275111979995976
"7012_9",0.5481270420961799
"7701_7",0.6809424957636209
"6858_8",0.8963704207796487
"2723_4",0.3581910000422274
"5720_1",0.31298654850447466
"1531_9",0.5936605683046056
"3052_8",0.6342913527057815
"2728_7",0.6983035834803751
"2275_4",0.2165341747766647
"11211_1",0.4383219571654947
"4603_3",0.5314558216162533
"2273_9",0.8484402040449539
"11662_2",0.3327916096256033
"4887_3",0.3125513114842117
"8155_9",0.6958418353839051
"2373_4",0.38655984618160893
"1754_1",0.34245529344441783
"12247_9",0.7688323666949487
"10327_1",0.15653451281945935
"8968_3",0.3953753584117184
"370_8",0.7465240061337421
"559_10",0.686123431017454
"8273_3",0.28076876550713836
"8125_2",0.32499417574277467
"8666_9",0.6661678188316299
"4827_7",0.505578561626825
"9737_10",0.7373361458405755
"5604_8",0.6094676003341948
"8331_10",0.6560267283970125
"886_2",0.22228107167054695
"4413_7",0.5870079682408105
"4116_7",0.7159472296089631
"3675_1",0.434399301237929
"496_3",0.5357407918987268
"8837_4",0.4176537252494555
"3099_2",0.4429446241052633
"5518_4",0.6060185515152154
"6953_9",0.7849742550321478
"1240_9",0.48770673419419985
"8614_1",0.26215596342125086
"1628_8",0.4599227975534012
"1673_3",0.382172132830229
"10806_8",0.7613144004610959
"780_9",0.684270176723529
"6957_8",0.7450990181182089
"10903_8",0.7565805280058074
"9908_7",0.4669507288908753
"4696_9",0.7952156450777481
"3816_7",0.5784384279286239
"489_9",0.7484917765117037
"2254_1",0.4999114839814727
"122_8",0.529358112695694
"3171_8",0.6114021158852025
"54_3",0.4228370372142065
"8826_4",0.40896758778689124
"7686_1",0.2214850162810104
"10875_3",0.21217629749768177
"4858_10",0.5152898609443066
"1268_8",0.532383086914134
"3497_10",0.5649668348661302
"6527_1",0.40590362147967024
"1345_9",0.586706566030708
"10092_4",0.2710598388361825
"11571_9",0.7471302671742037
"2899_10",0.7812139394137672
"5381_10",0.7205443878497773
"8722_1",0.2483086550165383
"10521_10",0.6418218387713922
"296_9",0.7549848730910995
"6184_1",0.28761576189166643
"6657_10",0.6636882226516566
"5972_9",0.6433064171954637
"8599_7",0.4842451154112851
"6125_1",0.47342591642425796
"5834_2",0.47811545681985995
"12479_9",0.6634234455087585
"3253_2",0.29811253079046807
"4986_9",0.6755294523521312
"6439_7",0.7145921761861797
"9659_8",0.7594258408746318
"3375_3",0.2728187875147763
"3155_10",0.6693699789456746
"3478_9",0.5715727820163329
"6251_1",0.13560552820300295
"6281_1",0.08549449757696206
"4669_8",0.6417709170269869
"2843_2",0.2041328500577642
"8137_8",0.6534886434700363
"9390_10",0.6693646650156009
"11401_3",0.2569216144865738
"1455_4",0.4414196465647344
"8418_9",0.72792766008716
"7064_4",0.5433107146889878
"7467_4",0.3991747831235808
"12492_10",0.850513487323571
"1969_4",0.4833585371342875
"5388_8",0.5539794101084934
"3287_2",0.2836282603338841
"3493_1",0.37379857925043225
"11682_8",0.5766566219589193
"7860_3",0.5380809314278877
"5507_4",0.3322383630405804
"11741_10",0.6817543959594219
"8041_8",0.6865803325858131
"3525_7",0.5758946048680292
"12256_9",0.6237661196278964
"1559_10",0.7629939403983115
"5477_9",0.6871567275486105
"736_2",0.25113479044004355
"29_10",0.7607408717442522
"12257_7",0.5969077621616907
"11184_3",0.49090821707689086
"5323_4",0.20843961911356862
"11315_3",0.7124650238919872
"1400_4",0.4004413124564768
"7978_3",0.22389848833667927
"6543_10",0.5768120353355973
"2120_10",0.6932493100900344
"3033_10",0.722307999152276
"4096_7",0.6775464361044737
"10945_1",0.3026373756431563
"10726_7",0.743991609583919
"10568_10",0.7856410859761432
"8966_8",0.7767371550981247
"12274_4",0.2853308031751932
"10560_4",0.4181333356127809
"12352_8",0.6546834545991297
"5860_1",0.2560211844016688
"11828_1",0.22860868198546158
"10752_7",0.6402551594625542
"6501_4",0.34589381974790256
"561_1",0.25483420534269047
"6796_1",0.3026666228659926
"2626_4",0.5808434997900874
"9089_3",0.21980802794273369
"10921_10",0.7890039696889057
"6969_10",0.6833382891030213
"1039_1",0.22945856625732977
"9561_2",0.25887524136661144
"2651_10",0.6959699316049119
"8929_7",0.5678397437887457
"6434_2",0.3710000728426815
"3954_1",0.07823850981046383
"12408_10",0.5307943691815799
"9230_8",0.7420891868312791
"6626_1",0.3074125075780045
"1913_2",0.3069749248942431
"9277_10",0.7417542121895669
"8177_8",0.5370042014081277
"7174_2",0.5407832782578094
"10000_7",0.7413368232864604
"849_1",0.33950170124791496
"9768_1",0.277382031481942
"2852_7",0.6223624680527179
"7872_10",0.8088910388871814
"7331_7",0.6547171745075417
"9716_8",0.5698709954092683
"5672_1",0.48074253618973006
"11305_7",0.5955832799655315
"4750_2",0.3236901460150724
"3606_7",0.6930794830982828
"10329_1",0.12796494351592552
"4407_8",0.7401771278221048
"4298_8",0.66963748077486
"1526_3",0.5016489720583777
"1177_8",0.5838412701936128
"8366_3",0.3252051079061906
"1848_9",0.7746396801508686
"9689_1",0.15574732152894116
"4883_7",0.6572359052230206
"10485_10",0.7527421280456895
"10851_9",0.5672910336174513
"1550_7",0.6856718001664708
"5088_7",0.7335947291813363
"7420_7",0.7503337343682195
"8306_4",0.3958408973010203
"7474_9",0.6223133061000125
"5297_10",0.7654598317626884
"9105_1",0.4120504328872704
"4806_8",0.6573734534759073
"11659_10",0.6712893745737952
"5491_4",0.5930836476233436
"4175_1",0.2212471084731628
"8726_1",0.17242156304187595
"9049_4",0.26318934748251027
"3266_10",0.5917364981407268
"1396_1",0.2849933788268173
"8364_4",0.6393452223670955
"3945_2",0.1908189657454181
"196_4",0.35237967025854783
"279_1",0.22901416918485992
"12203_2",0.17619549169503762
"8613_8",0.5880629797238218
"3839_10",0.8958664272183554
"2780_7",0.372295176984338
"10493_10",0.7818289755591054
"6866_9",0.8072747312123711
"4044_10",0.7114659126865608
"2435_1",0.1597864090252454
"1976_4",0.5849621439641379
"8649_3",0.3731508132995923
"7299_1",0.16838883973962288
"6018_2",0.16205098480037033
"9729_8",0.7817490295826255
"3154_10",0.613824644925382
"950_1",0.33279487112278805
"1409_4",0.3161772095585803
"5175_10",0.823697737431736
"9722_4",0.35958422213378155
"4077_2",0.26997889999759306
"7067_1",0.2727179981128777
"10984_10",0.743728093027144
"7117_1",0.20699393027491825
"2121_10",0.8237571592650875
"1386_10",0.7755880868613251
"12236_10",0.6604657572972131
"11844_1",0.2607204432224733
"8085_9",0.5736467904299889
"333_3",0.34145065978070965
"6522_3",0.4291623459607389
"249_7",0.6880886318314667
"1199_1",0.13737331875973585
"499_8",0.5368504007680153
"10033_1",0.2233014493382198
"7699_9",0.7323636104994327
"4829_7",0.4765475090573196
"665_1",0.2337659558502187
"6743_8",0.5799798889448939
"10153_10",0.5248815473984079
"4757_2",0.3373339987533595
"6942_10",0.6978428780678685
"3895_7",0.5118412680526825
"11128_1",0.37867426355752787
"4404_3",0.3224933489794293
"10811_1",0.22171967627688366
"1165_7",0.7037717928654655
"10907_8",0.7167428079304167
"1859_10",0.7038804028515923
"5836_10",0.5856208789027604
"10158_2",0.4020935281226386
"899_3",0.4218149184584315
"8631_1",0.5541082346241945
"7153_8",0.6563691537252005
"847_2",0.23464500841161676
"4418_10",0.7193935172873228
"12320_10",0.8490855893712289
"11242_8",0.5605820295436232
"7046_7",0.7263902397733532
"1819_10",0.7385047116111655
"1651_10",0.6940657124163553
"8280_10",0.8217637688791417
"2062_9",0.8900702057960321
"4781_8",0.7090387562019105
"10314_1",0.2880816632929695
"1934_1",0.1846201966230523
"12230_7",0.6215929771708554
"6689_9",0.7819366070394613
"987_4",0.22502910933162576
"9881_2",0.32553815160852156
"4571_7",0.6038961484479561
"569_4",0.36515345507359526
"11392_3",0.5561654562662534
"10716_2",0.2440092067721122
"7643_3",0.4529106342809121
"7429_8",0.7260282390584055
"11315_7",0.5355349346231258
"3097_9",0.5073054388744817
"10398_1",0.30044686295400835
"6299_8",0.5584993527584541
"5951_2",0.27026151676006943
"8930_8",0.6712282450211873
"1852_4",0.22831970469970828
"2857_7",0.5655841124169397
"4544_9",0.4012106679662367
"9492_10",0.45523065031856164
"1947_8",0.6934523460797232
"9178_2",0.3373891041111491
"6290_3",0.2508324552978102
"6313_8",0.7780932403056158
"6975_8",0.6062865420346846
"12258_10",0.7764126537661756
"3970_10",0.7101211657531235
"8096_7",0.5331617312781284
"10872_3",0.2089511514686439
"3660_1",0.42044007560969304
"7958_10",0.6411191589975258
"652_1",0.19264118504245042
"10331_1",0.15543727429845422
"2368_4",0.23554648495830202
"12367_1",0.14325217619930006
"12125_3",0.3875079205987388
"5785_8",0.5349080915049051
"5213_10",0.6025540907641795
"6334_8",0.7895807847394581
"8005_4",0.3998957176873692
"8405_7",0.64939709743447
"4629_2",0.2822617265681228
"9342_8",0.5727369849021585
"11634_3",0.25011559483699497
"2878_2",0.3577882807230241
"6195_1",0.3003671286413738
"6994_8",0.773900668337708
"12170_3",0.34100545507207475
"7384_1",0.17174538672698442
"1047_8",0.7113943330887498
"669_2",0.2807567170767447
"2976_1",0.4180013848366572
"4718_1",0.2914262106431451
"1203_1",0.2128544854304122
"9113_10",0.7794035165247937
"2928_1",0.41936480955807787
"10734_8",0.567606923031997
"6469_7",0.539699155418198
"2896_3",0.38443934504347343
"12061_8",0.768897899439647
"240_9",0.7270992348014412
"8580_1",0.3666003190837092
"1961_1",0.6913885969083008
"6145_1",0.18272016417170628
"11028_4",0.5171494084540872
"7664_1",0.12803488358845422
"3022_1",0.405717731108591
"7893_8",0.5463777278991188
"1149_8",0.7403753497051958
"8301_8",0.5242468617652506
"8210_10",0.7083628360320197
"9949_8",0.6300465997744163
"2961_4",0.3238975170308125
"9796_10",0.7662527874816465
"4397_7",0.7284736928412925
"2936_3",0.4374581938256063
"11382_10",0.6672760021111974
"11671_1",0.36675857599295714
"10864_1",0.25970738432158186
"11253_4",0.26472859131711735
"4692_3",0.4802507032588501
"11905_2",0.37733955162500443
"12066_1",0.41441936498919213
"789_8",0.5360674528162136
"7700_8",0.5820600374066323
"7697_7",0.4619356447052894
"8628_4",0.3179315887352574
"5719_2",0.3047594916317213
"4761_2",0.34925897525844
"8777_1",0.25232182104478856
"3525_1",0.3560183047789194
"11990_4",0.4649567743158895
"432_10",0.632583819139173
"4115_3",0.25762579556532317
"10888_10",0.6480230762851542
"6995_2",0.4952321113156741
"11910_10",0.5463035879275917
"8895_1",0.22907677780223956
"12149_10",0.647468617201667
"11782_8",0.508531150019047
"12139_7",0.41919202601921673
"380_2",0.4217821899965574
"5242_10",0.5542254636694348
"3542_9",0.6970712455693754
"6821_1",0.4106262628966214
"6931_1",0.3753893746136994
"5958_9",0.6738330939491987
"5332_2",0.2802016985172501
"2630_2",0.31056311454570434
"6387_7",0.5147725141949904
"7899_8",0.6713566276306566
"11017_3",0.2858637917969542
"11800_10",0.657294055780627
"10926_10",0.5738395922976173
"9866_10",0.681750906582277
"3203_2",0.42086172729516447
"11276_4",0.4684427186441197
"8342_2",0.5018327110449738
"6167_10",0.5583431773407105
"36_3",0.25861073909884236
"3340_1",0.2742588934671868
"3997_9",0.8113585242046398
"2627_10",0.8145275893209473
"4204_1",0.33001324961306766
"1018_4",0.5219342963651724
"10951_1",0.1203570582169416
"5315_4",0.44311513279888726
"6301_7",0.6121743475465846
"12038_10",0.7563283770935173
"3164_10",0.5053716507582305
"10989_8",0.6176601073593596
"2449_9",0.744722849598691
"4375_1",0.34656861656575777
"7037_3",0.366847061984536
"33_7",0.5904131347885531
"7457_10",0.700349476792986
"2082_3",0.34517881970488856
"1316_10",0.7427657889436156
"9097_3",0.509891353991036
"5804_10",0.7239707008911259
"9411_1",0.232614262098121
"118_10",0.7299033371771525
"560_3",0.3840347394903636
"8914_9",0.5599934045189605
"2745_4",0.41825963137684635
"2607_1",0.36490756460282303
"4405_4",0.5468725459232272
"10451_1",0.18753551190249973
"1887_7",0.5331517638479084
"725_2",0.43247326080190684
"5118_4",0.2005381385048385
"9536_1",0.1565518558659028
"127_3",0.25927899465870796
"2833_8",0.6897772322420217
"131_7",0.7154625853941621
"7789_10",0.7114788047963561
"6294_7",0.6221997699504453
"3872_4",0.3772298613358344
"5454_7",0.7191908223371598
"11162_1",0.22217842210576014
"1685_1",0.18911549537938407
"8352_2",0.2591694541437214
"5003_1",0.2551455208375231
"262_9",0.6280259907326692
"8233_8",0.6167105638649167
"1814_10",0.7598108850147077
"1967_10",0.47066032224908855
"7545_10",0.5861732362313118
"12386_2",0.2787592527554543
"9531_9",0.7206081320949603
"3013_1",0.3520099558967887
"6835_10",0.7487887397552787
"1279_3",0.5426195446495465
"2411_1",0.2268583229118431
"9537_1",0.0858873607969947
"3446_10",0.6984028130202673
"656_4",0.2801118984018331
"7085_1",0.23989578612873672
"8355_1",0.29979381171401853
"1869_3",0.44021409900946135
"2317_2",0.2600440625163743
"11228_4",0.4517163510160258
"3987_8",0.7691797913762267
"509_3",0.18986745528158247
"5168_8",0.7142538823526885
"9267_10",0.8610547627999647
"912_10",0.7004300807139715
"10275_9",0.6236502977135321
"2855_10",0.5442106840357174
"6079_4",0.4018880503512301
"2728_1",0.09687542351639786
"9895_4",0.40618263665302773
"8230_7",0.6326497148527245
"5152_4",0.5469650142118304
"4137_8",0.7988990905102107
"919_10",0.7048513533960136
"1481_1",0.30285521278969374
"2468_1",0.2399490031442357
"383_1",0.28648380468900236
"11552_4",0.42352266199993777
"856_7",0.6469269268923952
"9047_1",0.2668759223722586
"2300_9",0.44615801587786263
"1346_7",0.6530142245778234
"6316_4",0.3129545495633945
"7983_10",0.6834702189353163
"9685_10",0.4966957396324435
"2745_10",0.41047994918043235
"8149_1",0.4300199193321959
"9478_1",0.2752146137661082
"3126_3",0.3638194670339161
"11629_10",0.6368319314918053
"5858_8",0.6733070350348409
"200_8",0.792134960563802
"7721_4",0.39591453726893655
"12334_8",0.627766263272308
"9582_4",0.3029885057995059
"5696_9",0.47853201216886965
"3823_3",0.4917570249503308
"11571_4",0.50788630718531
"1349_9",0.6531936141552394
"4306_7",0.6494318584298149
"6924_1",0.33367606177696324
"10639_10",0.34971770664157065
"5674_1",0.30651711702446094
"11321_1",0.24870197502883162
"771_4",0.35916907638593304
"3519_1",0.253804410192816
"2378_2",0.22426218867650358
"5677_10",0.7584888786689077
"2807_4",0.41706126863197684
"10165_9",0.7638327469075664
"6940_1",0.3441352669498957
"11015_3",0.48016369574393203
"1055_3",0.3176318413866996
"11055_9",0.6501469575740635
"8173_1",0.45611753033338476
"10743_1",0.3311764193393819
"11927_3",0.449668584722084
"8785_4",0.5947851101516493
"10995_1",0.23073502759619594
"11899_1",0.1424958185384206
"10078_10",0.7068284631657469
"11831_8",0.6836908633337871
"8182_1",0.44461146197783735
"9664_2",0.260798773450298
"12229_9",0.7432344988838383
"6076_2",0.30611144893018355
"8529_2",0.29803147097226423
"4686_1",0.26587703545468105
"8174_9",0.6925547476456698
"7395_4",0.5580223400962061
"1803_10",0.7937075752727496
"2508_1",0.18751038524657082
"452_2",0.14357988330144697
"8830_4",0.5909510089913707
"3240_4",0.5346735589364938
"578_2",0.40023935494715684
"3093_2",0.45104469934303343
"9543_1",0.23383958028963958
"9065_4",0.19742685588373185
"534_4",0.5087699999040715
"9762_2",0.426459075768785
"3037_1",0.28829767333840794
"4632_7",0.7287206542976875
"5064_8",0.5707161560580566
"9962_10",0.6608528983546849
"9340_10",0.7088253795216823
"5881_1",0.2789382425918277
"4642_10",0.7858063775903688
"5293_4",0.5749119919294062
"6721_1",0.3616692301096066
"9869_7",0.675822829954791
"7070_10",0.7113679452548645
"12486_9",0.7587314655589954
"4943_9",0.6418244183910097
"7939_10",0.6560848796934724
"5786_3",0.4184319861696873
"10357_7",0.3531355247686194
"7147_10",0.7205974442969978
"8627_10",0.7408397327988082
"3370_1",0.48909776723109394
"4117_10",0.8421335829392038
"8178_7",0.7000882053474564
"968_8",0.7206295808275355
"5931_8",0.6432267334605581
"6459_2",0.15538909378863835
"2480_3",0.2777523405485009
"5511_10",0.5899186606889204
"7554_2",0.2500373188641236
"9276_8",0.6944596116202856
"140_2",0.3603390337219232
"2776_10",0.7312682462883072
"3690_1",0.5155691933603804
"6369_2",0.5299138372116841
"7438_10",0.7970153515520717
"872_9",0.5013635901527841
"2389_2",0.4455307034922231
"2882_3",0.3638969118627859
"10404_9",0.6518066729202799
"5790_4",0.4559162468458813
"2382_7",0.7188162953912853
"7798_1",0.32231063303744506
"272_1",0.2852912702179849
"298_1",0.25004100433835813
"11414_7",0.6382691120463136
"9255_4",0.489900090306179
"5914_4",0.3466380622942804
"2974_7",0.6126123870168966
"6739_7",0.5984956823672883
"1229_7",0.6770201510174468
"2268_10",0.6208427524151489
"2352_7",0.6513916612309549
"9329_10",0.5793238453205568
"11380_10",0.7288782141647473
"215_4",0.2805624703586516
"9915_2",0.23304385636316974
"541_1",0.34544916865344194
"10975_2",0.35991715237457733
"6946_9",0.7220442968276558
"3286_7",0.5754908891644761
"7482_10",0.6549367124045511
"48_4",0.528508159016175
"10046_4",0.40386462444901333
"6295_1",0.33742972176839614
"6417_4",0.3450878570915083
"2401_4",0.25422457960026784
"8608_1",0.46352313530296374
"3500_8",0.4513426630484748
"11903_3",0.4154113121838769
"4012_2",0.4040302496441674
"11415_4",0.5462616480602552
"5835_4",0.4573740403087707
"9039_4",0.3765769026304853
"6526_1",0.3023422212746524
"6379_8",0.7181676193929711
"6136_10",0.7693626420664917
"6094_4",0.409026087108714
"11608_9",0.5327139071086365
"3745_3",0.4204069859075585
"10694_1",0.4245867709283046
"3222_10",0.7301628010514374
"3394_4",0.2959661089083761
"7790_10",0.6097176558965274
"2982_10",0.861190827127893
"12253_3",0.725304618084495
"5900_1",0.40917096074813875
"3398_4",0.6487370475654628
"10038_7",0.5060105456036637
"1520_8",0.5973417512812782
"11756_2",0.30878347128080846
"6228_1",0.25598292925897675
"6226_7",0.5396666867737682
"4377_10",0.639094942705462
"9730_1",0.2586598459319754
"11088_4",0.48227554027327496
"7867_10",0.7325984243357874
"5072_1",0.4430771636863746
"7935_3",0.29300603425889604
"4536_3",0.44152076142216984
"6989_2",0.2957159305089269
"8101_8",0.6784106614622536
"3364_7",0.5794915693406236
"7862_1",0.12350329776145655
"8562_2",0.43894592523168463
"9783_9",0.5641003452694844
"7272_1",0.4239769972698055
"1025_3",0.4290531902000104
"9432_7",0.6879443246894308
"4153_8",0.8085331906620955
"8528_1",0.16680935081469028
"8427_4",0.5099778521313074
"5417_1",0.21635214253918011
"6575_1",0.4412632530783267
"10041_8",0.6058079475380694
"7589_4",0.41024229157996706
"10391_9",0.5264367627970565
"1400_7",0.5572119466095995
"9428_2",0.4810746081684088
"7106_3",0.142330766611913
"5695_10",0.6578313186050425
"6430_10",0.7279785693095343
"11722_4",0.3719881184528413
"11328_1",0.16533896850264343
"9020_3",0.46258483853679055
"183_10",0.7835044297551027
"6674_10",0.7094116758468457
"5495_10",0.6663388928308781
"2237_7",0.5424505074964887
"11943_7",0.7638193688862654
"5872_10",0.6183191979969029
"5043_9",0.5583593962412713
"3869_1",0.29228319432738825
"5113_4",0.5244556193560577
"4671_3",0.14093706012452603
"9220_4",0.5913237161077075
"7330_1",0.10966945022286306
"5344_3",0.3257474339548868
"11965_1",0.1308947002468165
"7620_9",0.7163488277555606
"7044_10",0.5529052480153752
"6296_10",0.6604531201553546
"8204_1",0.21945377200001345
"7661_9",0.5666063730687798
"11708_2",0.22133246834510628
"2415_7",0.5126907429456808
"7840_4",0.34383803356811676
"2628_10",0.7404904257533351
"4633_3",0.2770114997540792
"7320_2",0.27209508649888114
"11755_1",0.3018375947740645
"2589_2",0.446990035217562
"5044_10",0.8210212518325756
"5189_1",0.17905166776580142
"7926_7",0.6163714080601685
"2454_10",0.7047843770923601
"3368_1",0.1601983638425036
"12223_7",0.6385090505153738
"7348_1",0.15657267057013485
"12007_8",0.6820290187119069
"5501_7",0.6708127929341918
"4025_8",0.8306099699606471
"6447_10",0.6106514672221616
"5438_3",0.15580351656143956
"7910_10",0.6330657036804704
"377_1",0.21442254593065652
"409_8",0.8316519068553863
"2150_9",0.6900377446265786
"11986_2",0.2978268204143239
"2544_2",0.3755804821310467
"5141_10",0.8088977809071245
"8305_3",0.666969315458949
"8329_10",0.6561884776613796
"2333_8",0.5060767380021391
"5171_4",0.17354993595854504
"5412_10",0.6779443844965635
"1081_10",0.7333132489506854
"10773_7",0.7490270405772442
"1969_10",0.6364389090417973
"8276_10",0.7405242742052786
"1244_1",0.42833816811477327
"7113_2",0.5597965895071128
"9535_2",0.19523936129901395
"4627_7",0.7684183331291409
"10757_4",0.38903106154513184
"10091_10",0.5686287451340613
"5211_10",0.3964631007201934
"7510_7",0.3064113225355959
"11674_10",0.7185381583316856
"5299_8",0.7426519694436142
"3515_8",0.6598857434809378
"10143_3",0.2557292487035368
"2274_10",0.697853910428681
"2372_3",0.4621835854962584
"3116_8",0.709564240954795
"7340_3",0.31267441484079034
"1394_9",0.7536154034340719
"2047_9",0.4395984656869984
"8587_2",0.5613454644164751
"11579_10",0.5702903599416042
"942_10",0.7743867972183952
"9355_4",0.48858448270391236
"8812_10",0.6674607635928365
"4732_2",0.24928037040047057
"3180_10",0.7625177855160369
"310_9",0.527887316785247
"3980_8",0.6618826809639616
"6923_2",0.3206928035830269
"2424_9",0.4239253430127546
"1092_4",0.4128680975214255
"9238_7",0.5778442183403096
"2382_2",0.12038460415648851
"3579_1",0.24103846244404842
"6801_8",0.7217294638461678
"3768_8",0.6830497043642679
"11717_10",0.7175695677046368
"10001_9",0.6450761074891008
"355_10",0.7708074448695502
"8896_1",0.3489414460623544
"9772_1",0.31362764469060284
"7624_10",0.4505773716870447
"1102_3",0.24180459561022496
"10949_9",0.6865664583717339
"1269_10",0.595230356548046
"11768_4",0.2903388974657096
"5555_4",0.5047987289473808
"2233_9",0.5761926201226991
"6567_8",0.5673767702866023
"12130_8",0.6959319876672944
"8587_7",0.7011137346613586
"10973_1",0.3107610504386595
"3863_10",0.8673828564468848
"9220_8",0.5350824216559548
"7579_10",0.8094003564718166
"4411_10",0.5956110053065433
"2093_8",0.7936241425003479
"10883_10",0.6090088633360337
"3583_3",0.24724506328055187
"1396_8",0.5556682603941294
"1930_3",0.37517547964319925
"8779_1",0.5462760784784987
"12478_9",0.7420770186903055
"176_9",0.652880298534027
"11733_10",0.5158977973866326
"11368_1",0.18224304855865175
"4077_8",0.6892477637099134
"11056_7",0.6889814859582595
"5567_3",0.33670462057753864
"8549_3",0.4762377634098903
"9743_1",0.3790638453543771
"6916_9",0.8103615384004054
"6147_1",0.6706059093084472
"7820_7",0.7604817920036063
"1352_7",0.6059013326843038
"5337_10",0.7550397100268539
"12285_3",0.19337210066887953
"8992_2",0.31765540148296845
"4644_2",0.29055057561666764
"9793_10",0.5616075964569034
"2359_10",0.46859612452679905
"2137_9",0.7377409402528288
"10559_3",0.24352698729638952
"2679_3",0.2811282667692136
"10010_2",0.42420469464803595
"11987_10",0.496567439169912
"8824_10",0.7828824929317114
"11418_7",0.5693123734198344
"2423_9",0.7203760549655338
"1576_7",0.48986522007664335
"7947_4",0.5042084283135191
"1714_10",0.4865148841882838
"6006_8",0.745516810798347
"939_8",0.6774176737868696
"3755_4",0.43692441425367334
"3213_3",0.3434917178848881
"164_2",0.2570334429861628
"1123_10",0.6032825552334765
"7397_7",0.3549378899977261
"822_1",0.10107288240688199
"5631_2",0.22124850864436468
"10464_10",0.6928575096763011
"11397_10",0.7561007234299554
"10679_3",0.21850874950296637
"8205_1",0.17094332357142328
"6947_10",0.5905322459025832
"2000_1",0.12804253343248967
"4075_7",0.557438491580492
"1388_8",0.5992180472394031
"446_1",0.40096111775659043
"1063_2",0.1778225661045981
"6030_3",0.3709383505573918
"5613_2",0.13262867099953038
"8759_3",0.4764934012164837
"12169_1",0.3190508659442517
"5111_4",0.3402134496540709
"2891_4",0.5692315612380594
"827_1",0.34931332851173347
"6229_8",0.5124775719684338
"2212_4",0.5963827029656045
"4788_9",0.559196135010183
"8859_1",0.1907884120265978
"9798_10",0.6837949513678797
"9763_9",0.4595386112963939
"3889_7",0.7081788711987981
"3275_8",0.5339579787808971
"5106_10",0.7003418776189061
"7576_10",0.7166453119201366
"9405_3",0.3330657882569815
"7108_1",0.22692070682620152
"9794_10",0.6663729372466985
"2653_10",0.7811387839079091
"10545_10",0.621939278583548
"12306_10",0.5272508686951168
"4696_2",0.24819980916086176
"7982_10",0.8851349433693323
"11066_3",0.47633225129340545
"10034_1",0.3295278725424222
"6035_3",0.4344898231253803
"9518_9",0.6093252562375617
"1266_8",0.742112656911961
"11336_9",0.6041889513950248
"4159_10",0.7388820032461707
"9375_8",0.7211675069588004
"5204_1",0.20022718290816438
"3360_10",0.6895709374907565
"5659_1",0.44831947169202047
"8839_4",0.4399831613849358
"4529_7",0.5797122644182899
"3283_2",0.41954665737764374
"5376_7",0.5844934230262526
"5379_8",0.8900232181937342
"5266_4",0.3256315685126092
"7463_9",0.6547044883914943
"3595_1",0.29018588545508683
"3141_10",0.6953243276935251
"9986_2",0.47234603128582864
"4279_1",0.400941085922934
"1427_4",0.37120160150171555
"8357_10",0.6537686968927735
"715_4",0.4963209346392706
"8482_9",0.6588756783890042
"3091_10",0.6741927976451991
"5735_7",0.39803309243150226
"3100_4",0.27560654326580974
"11447_8",0.532894722834261
"4577_1",0.45465521684922894
"10287_10",0.6103918851597219
"3384_3",0.1702254581572875
"3820_9",0.6712054204734212
"8883_3",0.37198405172747
"11279_10",0.6249411009590374
"3093_8",0.6591827208541851
"10465_3",0.2719131349754658
"4423_10",0.6275627647669437
"601_3",0.20514703843106796
"1902_10",0.7664323579647452
"1509_8",0.3836345502498994
"3019_9",0.7553145197223655
"11994_9",0.6588926550509261
"4246_2",0.3945116680258449
"842_10",0.8228804911209509
"4917_8",0.5723432141630413
"68_1",0.3531648414284728
"6613_2",0.22681530221692653
"7230_10",0.7016381983649602
"6183_4",0.4303962855600983
"338_10",0.6586948924457182
"6182_8",0.6730087260218586
"2409_1",0.223530769093766
"9965_8",0.7661447234822792
"1336_10",0.589675425206054
"4456_2",0.21423626523428133
"12437_8",0.6580887071844662
"8437_10",0.6799527899395496
"409_4",0.3120240460782097
"2303_10",0.5950884011188746
"2144_9",0.5990875493085617
"2302_8",0.6443662227803463
"385_9",0.45796564005422497
"3617_8",0.7188745550862414
"5450_7",0.6297335972061938
"6882_4",0.17361806033580013
"2980_4",0.6654909046143045
"9828_4",0.3005045953241456
"10745_8",0.7541188065846655
"3478_1",0.07522377337718215
"2167_2",0.3267184987062332
"5562_2",0.23472272468559555
"8771_7",0.4628601686721846
"8372_10",0.7805972796368161
"10749_8",0.5225643500801205
"7394_10",0.6609269152851686
"3711_7",0.7132452130182096
"5375_1",0.3956707154892423
"7881_7",0.6977582939392837
"7023_2",0.2348407975277902
"206_10",0.7286510805801062
"4760_9",0.6492274225172223
"12026_1",0.2270043329554208
"12182_10",0.5470762120311782
"1821_8",0.7815966008875452
"10828_1",0.2877494210920239
"2446_10",0.6327335102456019
"5327_10",0.5611783163540304
"5727_3",0.18609783849899367
"11460_4",0.4357005679618823
"6484_10",0.5944350918454805
"3555_4",0.4009375374299329
"10641_8",0.8036900836125193
"650_3",0.30891410501579747
"1467_10",0.7707243125552704
"7651_3",0.3047468781378125
"11459_4",0.4693825369303561
"9255_10",0.6248598768926574
"7888_10",0.6388015230881973
"4118_2",0.31208510486786556
"2540_9",0.5061004962786679
"2152_7",0.6122762551562012
"2614_10",0.5128135083092643
"2892_10",0.6146724382840978
"3878_1",0.17466721450117273
"273_10",0.6901731834677343
"5565_10",0.5572786231412753
"444_10",0.6124428189984862
"11062_10",0.6255537963724905
"5184_1",0.24420471623988402
"12140_3",0.24989877074739703
"3254_8",0.7307741115074753
"11537_7",0.40190621557256495
"7606_10",0.640837507041436
"6120_2",0.31895985214937234
"7416_10",0.6859640982183115
"10759_3",0.42130074901175485
"12255_9",0.8011462103624042
"1114_10",0.5879742382767134
"6827_8",0.5832339343688335
"10246_2",0.31516948844212833
"204_9",0.6905361944968655
"5816_10",0.6159275853487798
"2693_9",0.6740223977209162
"2578_2",0.3491470462352638
"4958_3",0.5261900540133662
"7873_10",0.6337727422233838
"8795_2",0.3905394951282184
"1431_3",0.16203319891315068
"11635_7",0.4574930123519377
"1327_3",0.22006018181970421
"10813_7",0.5557470398424067
"9764_4",0.521290026341017
"5861_8",0.6383311058603495
"8995_3",0.30958255528738904
"2243_1",0.30749086549763
"11708_7",0.6583486763214288
"1998_2",0.2777580323783005
"11887_8",0.6303183647498044
"4836_10",0.5568373023644309
"1603_4",0.43900587041574257
"9860_4",0.44854750090312967
"1728_1",0.3888233702384392
"12108_1",0.37707969197566105
"9756_4",0.7204540889815708
"1325_3",0.40445661316114817
"5174_1",0.37524113203965775
"9917_2",0.3484979935644155
"6101_1",0.2865162500014334
"2010_10",0.718487117485642
"1132_8",0.5156562664300809
"8516_1",0.3894961470816188
"3563_1",0.27751218656636073
"2362_10",0.7580328290586098
"10971_1",0.4920682030458021
"8672_9",0.6018462923324026
"2863_2",0.20050780427690482
"2750_1",0.3416493324082533
"8599_4",0.25074221478174197
"12115_7",0.6378827774020452
"4921_2",0.15386100091712723
"2975_2",0.18959255779507972
"4245_8",0.7692838144150759
"10778_10",0.7716868732345986
"7816_7",0.593366581868299
"9131_1",0.5025753965040076
"5541_3",0.21486308981622126
"7956_1",0.45475994845718476
"780_3",0.38057957773290324
"1052_10",0.7285656197948005
"6842_8",0.7990030898783765
"8279_10",0.8069523711885387
"9653_3",0.3039111626815824
"3025_1",0.20834620912378396
"1174_1",0.3429615192856294
"1039_10",0.6385623272511723
"4609_10",0.7375706762831792
"2150_1",0.3808276475699925
"6289_7",0.4658697036489705
"2963_2",0.07827741398156049
"8801_1",0.29810765838097575
"5196_7",0.7826795633542476
"5723_2",0.3859595219821048
"10530_10",0.78368680901737
"9473_1",0.15602302739132295
"3355_3",0.07791013896510585
"5388_3",0.3856917098530888
"12102_2",0.18918076833771622
"11038_10",0.6333283079517059
"9672_1",0.27581868763434475
"6875_8",0.7402627242870905
"4754_8",0.5474300798473435
"6814_3",0.46121320861641857
"8937_3",0.4219991184095511
"7077_4",0.5477620940897756
"1782_1",0.21010962095387423
"631_4",0.39482797670710645
"7876_1",0.2144448531142202
"74_4",0.35219885158372644
"2846_9",0.5877264058636458
"4190_1",0.20899322232448822
"7843_4",0.3210955351061082
"7528_7",0.41855888693615534
"2396_8",0.7085600077332136
"790_1",0.1378403301696774
"2020_7",0.6752867480997197
"2526_1",0.25947555237385334
"8104_8",0.7025130067024132
"12372_2",0.3223401978312981
"417_1",0.32864599542896966
"1318_2",0.22188286603204857
"4530_1",0.26341068102959553
"2370_4",0.5854788769953593
"1886_10",0.7723666822936753
"9386_1",0.27838452345480197
"7863_1",0.12471962642435791
"3864_10",0.737822189260667
"6559_2",0.13275062790457803
"7855_7",0.49875547835369805
"1672_1",0.27860029631319955
"8453_2",0.4811373115078409
"8373_3",0.44032015586201073
"9770_10",0.6220253893379585
"12009_1",0.28616056132984896
"2770_3",0.2962941806604965
"4618_7",0.601510870255389
"9797_10",0.5503915545784098
"6605_1",0.5029155184178288
"10176_1",0.43232749245696556
"8949_10",0.7029710486439928
"5401_7",0.4777163876426998
"3295_7",0.7559393979403387
"4791_1",0.26791257051361533
"4016_1",0.23628484933871122
"4314_10",0.47854618478250854
"2903_1",0.2247004733164981
"3835_9",0.634730449187554
"7532_1",0.41782127283331066
"729_10",0.6322391280040234
"5753_1",0.42589969077836515
"11976_2",0.15673044733777533
"3027_1",0.29401232973164015
"9721_9",0.6389581975833388
"11295_3",0.32532751654066633
"3241_1",0.3012413779442272
"5389_9",0.7458573384354711
"9889_1",0.3444659944937679
"3522_4",0.1359838428337864
"10865_8",0.7639623210896612
"1015_8",0.6210192515465689
"5048_10",0.7191765695909036
"2671_2",0.28598343925111486
"2841_4",0.364983026131005
"4928_1",0.3271008664262482
"10499_1",0.3654034911610397
"9409_10",0.6684122120536136
"974_10",0.5309255951300448
"11582_7",0.5722759566322304
"9988_10",0.7161094384660559
"3463_8",0.6415776768932506
"5194_1",0.4928945028274741
"3377_4",0.4833585371342875
"4352_1",0.4908586655179575
"10862_1",0.2653522935284422
"1545_7",0.5679797630511269
"9801_10",0.7434651703037827
"1905_2",0.15193681924285563
"12276_9",0.5960716808921751
"7544_1",0.22158185313355014
"10056_1",0.39376900630317024
"3623_1",0.2795561369882914
"4013_7",0.5805120522580132
"1294_4",0.45514033631984646
"10285_9",0.6753364987569631
"7793_10",0.7933737914128371
"3809_9",0.7594107441380498
"4586_3",0.19142806354047667
"7511_1",0.44480528470314035
"10873_4",0.1886776537274877
"4888_8",0.7283419771066305
"4349_10",0.5350186645605699
"1531_3",0.3672582135248284
"8884_3",0.21166310768081842
"7336_3",0.5864593488418304
"9688_10",0.7449195466628272
"7208_1",0.31659988080865986
"4355_8",0.6917686393911407
"6098_2",0.2644537129707333
"9106_10",0.6106166874260572
"6422_1",0.28886850245550877
"2054_9",0.49960915626907293
"550_8",0.6489797910796175
"402_8",0.6389747664279333
"11832_10",0.8884735726656507
"10256_10",0.7097968132928058
"6131_1",0.08762603934390195
"11907_4",0.35584175670719226
"4459_4",0.45326417207824266
"8555_7",0.6792830256932575
"5079_2",0.12245031736530378
"10304_2",0.3372190218310499
"10489_1",0.18309246915847102
"566_3",0.5861308479319672
"1999_1",0.13565062063102173
"590_1",0.36842300145550955
"11159_1",0.3100651472092394
"10612_9",0.6384895232479041
"10810_2",0.35390337852749765
"11658_4",0.33946062607185923
"1950_9",0.7047520239456608
"8977_4",0.40610959494207594
"9040_1",0.317015971220088
"2891_10",0.48862121328361424
"2966_10",0.6818647586339075
"8665_4",0.36122371987523955
"6600_1",0.2310617096182381
"9308_1",0.5056485912748977
"7870_10",0.6738634696030191
"10511_1",0.22205198842507487
"7235_8",0.5874484822543624
"132_9",0.6795593663157994
"1575_8",0.7269232771824409
"3328_8",0.6804108371727289
"3273_1",0.2668758069533957
"9475_4",0.34087996112141394
"10938_7",0.35054935125335496
"8143_7",0.5775732967663635
"9003_10",0.6098167577480732
"9854_10",0.7976511244026616
"9932_2",0.3447695987278725
"1017_7",0.42320107105866955
"4386_9",0.7532225840656673
"1105_3",0.2788627665619504
"7315_7",0.516327109132711
"37_9",0.7536727475025549
"8409_10",0.525139224430105
"12118_1",0.43441645219142555
"1665_8",0.7739807088173742
"10284_1",0.15928666246722584
"8922_3",0.29890430174674915
"2524_2",0.41145201301248363
"11205_2",0.30930143024773776
"4676_8",0.8632721915279989
"10479_4",0.3591868452248569
"9849_8",0.591204212730296
"4841_3",0.6588339956014734
"9153_9",0.6734558794857134
"9279_8",0.6470634995448407
"11008_10",0.7360812758654465
"614_10",0.7054516966322404
"167_2",0.4034309017962746
"2041_1",0.1944598184416374
"6509_8",0.6362225200448224
"9832_7",0.487322168425469
"5939_7",0.5140040083160127
"3267_3",0.31670510797399815
"3555_9",0.5803211658091928
"1668_7",0.6739908233218506
"11048_1",0.25755805305713375
"1856_3",0.3082187736845034
"4426_10",0.6814913463040584
"8457_3",0.5894837687880645
"6603_10",0.5746363980434891
"4738_1",0.2896075676709402
"11762_8",0.6581255992842334
"2078_10",0.7407009083836504
"6754_1",0.2582677267175334
"11721_2",0.3416194335111467
"11558_3",0.516647772206494
"973_10",0.5347817652942491
"814_4",0.18529337989236402
"2102_3",0.11836584168624233
"11394_4",0.556231168331224
"312_4",0.2790799024767622
"2994_1",0.2938672315695743
"5649_7",0.6108661164334159
"7281_8",0.49337288021222087
"2756_4",0.27795182970401666
"2137_1",0.2434612257119803
"8696_2",0.3316476259042061
"1158_3",0.4487185504156782
"4531_1",0.3925019738714249
"10047_10",0.7961539031198469
"683_7",0.6089204072588982
"8645_10",0.6309967603370054
"889_3",0.35085533051612794
"4202_2",0.16646426339157452
"3859_10",0.5898702562025943
"5038_8",0.8271324741414771
"6906_9",0.6575197030340433
"4154_8",0.7499763266239936
"9548_1",0.27260228984102797
"4434_9",0.7394251763225564
"9235_9",0.517944441470505
"2368_8",0.5612633422182922
"8391_2",0.15601868493487908
"1391_7",0.5661144444433357
"4317_1",0.2929866560727898
"8345_4",0.34318455385002333
"8610_1",0.1798798632281976
"2888_10",0.7007587596049509
"5597_3",0.3336567083083106
"4900_7",0.5597980363023025
"3016_2",0.38615746458954875
"1057_2",0.6106093945964352
"5143_8",0.6563707791755345
"6932_2",0.43880991976343825
"7879_10",0.6498804970038211
"9300_3",0.31712230096546373
"12142_2",0.438754349499165
"3426_3",0.44478642825848597
"7977_7",0.4984865707068281
"1573_3",0.5197103959093621
"336_10",0.7862098044534396
"4248_10",0.6155060088210713
"9693_7",0.44152671426393353
"7753_4",0.326212108941424
"2290_10",0.7118455632332924
"9156_8",0.684200693075013
"5526_4",0.21807650922139415
"3896_8",0.6611313414248666
"8520_7",0.6411171325070034
"3566_4",0.4448017043043084
"6386_7",0.7020414375196428
"4201_1",0.7583751227815106
"372_9",0.8003066250113954
"6768_8",0.6765693591177545
"9177_8",0.6180936179126244
"1079_1",0.2751431142043327
"934_10",0.6913658516298928
"11918_2",0.3951366739822771
"4867_4",0.3655805203697579
"12449_8",0.7249951069301461
"7907_10",0.8169908924080617
"4508_3",0.4085549419572435
"1075_2",0.44421526472712475
"11466_8",0.6106282031952038
"10935_2",0.33285845114249835
"4826_9",0.5332523694581758
"4814_7",0.70091469691407
"8676_4",0.4894300582857056
"1058_1",0.20511114028248664
"7831_2",0.30681821078401433
"1150_9",0.6638331555990824
"5395_1",0.22045398590508292
"5435_7",0.6212826435855523
"1745_1",0.23609912944818717
"11278_4",0.41894747147636646
"8629_1",0.4648591621708525
"3145_9",0.6419017605594772
"8108_10",0.632704200414877
"6377_1",0.48066240226103824
"10298_1",0.21456194103056667
"12265_1",0.28964541779814523
"11930_8",0.3908911082816065
"2511_10",0.7624150382081926
"7955_1",0.30960208187713184
"2335_9",0.6715883142766564
"3194_10",0.625887095658236
"6724_10",0.5866444672798363
"9406_1",0.3609780039885359
"11369_1",0.2771955506942544
"1972_4",0.17256602450047046
"6900_8",0.5793995557577525
"7813_7",0.49000079605728186
"785_7",0.6992297940960456
"6368_3",0.3224362023306364
"2163_1",0.2273631450994736
"11487_8",0.6296313511362647
"4292_7",0.4690630544813021
"7451_4",0.25555134599958496
"11465_2",0.19970078162513483
"7641_8",0.5814426335037982
"8250_8",0.357205292193035
"4490_1",0.3168332724081773
"10452_1",0.38435969871256026
"7442_3",0.3674738361354224
"3027_9",0.7790205643163793
"235_7",0.8440236187589119
"3750_7",0.6850486304245287
"8700_1",0.24584416839472828
"3584_10",0.6476335847874679
"7217_7",0.5277157143434437
"7769_10",0.8060324309364747
"10149_9",0.6878651751340855
"7607_2",0.2664210012557477
"7749_1",0.20972755140442828
"12067_1",0.25860326223865077
"388_10",0.8253325378928387
"6596_1",0.22301210091508544
"10242_2",0.2173798988687314
"3853_1",0.19273330849877304
"5726_4",0.24974906182786197
"9031_9",0.44958391332867215
"1543_7",0.6443360595692057
"1442_8",0.7306883264373539
"6336_10",0.5603091796814914
"5929_4",0.5264083547474666
"3378_3",0.5506216563074356
"183_4",0.39387391271704647
"3518_9",0.7933415232077513
"5870_8",0.7175785354941558
"5053_4",0.3441320828954529
"7330_7",0.6611122552772685
"9553_9",0.6477482733525916
"9552_10",0.7114538453529459
"8515_10",0.4306157508669568
"1666_9",0.7032519245763762
"6661_3",0.40112328567786015
"8721_1",0.2609709053501452
"1368_1",0.2917406150395595
"5076_9",0.5469861116798245
"12353_2",0.35062618251908617
"1099_7",0.6264568428501283
"8669_9",0.559932652210538
"2564_8",0.7736743302066699
"4369_10",0.717169967221069
"11951_4",0.3935525102458776
"11384_3",0.4990837132044181
"7459_3",0.34924268428047617
"6776_9",0.6569896357558768
"6673_3",0.2156773564203649
"2500_8",0.5807280084200155
"8739_3",0.23250411220063663
"3828_1",0.17279215417188504
"7945_2",0.651881042402974
"7934_10",0.7583371018891967
"4571_1",0.31980292318335907
"11689_7",0.651823651990102
"3681_10",0.7275570902345155
"5110_4",0.4250959099705107
"5953_8",0.5320273563373635
"10906_4",0.30764012820955355
"3424_8",0.6273871493906708
"6492_7",0.6670126440824417
"10450_1",0.3741731441501216
"4856_8",0.42496994004730454
"12019_1",0.35504759296882554
"1390_8",0.7034727297586891
"6452_4",0.5199565720397528
"4916_4",0.39409739986113684
"3979_3",0.22392410195844267
"6023_3",0.3957031836821652
"5762_1",0.2438065533868304
"4176_9",0.7146378895601527
"7194_2",0.22212873778739625
"3143_7",0.5755135004760713
"954_8",0.7453458632054495
"5291_1",0.1935942140998013
"2258_1",0.4216673422850682
"5412_1",0.13824320631168116
"4088_3",0.2130430581608508
"4312_1",0.35743905794027375
"517_1",0.12858542142361257
"5601_1",0.23813539684900906
"288_1",0.5229973847728552
"234_3",0.39322212699606135
"6665_8",0.7257962006468531
"6957_3",0.2747597873835691
"4454_2",0.33697102612663743
"3270_8",0.7626683214811367
"4500_3",0.3540243680249939
"7551_1",0.32213230881810884
"9033_4",0.23997958855102444
"2619_10",0.4427899487668752
"10093_10",0.7411523687960139
"5483_2",0.29537698225514897
"8383_1",0.20989360971464172
"11683_1",0.34516117956896974
"10649_1",0.333410639863207
"181_3",0.5275641978454744
"3668_2",0.30846488541237316
"3769_1",0.40955430596227943
"11519_3",0.44207627876011873
"5716_10",0.5854434588122448
"10918_8",0.6592135646999517
"3103_1",0.17922896950666692
"7210_10",0.6867482938287668
"2515_8",0.5592955291900916
"8424_9",0.5675817715471182
"1404_10",0.7513712811716251
"3158_10",0.705347229907747
"4996_2",0.1961927510035456
"5493_3",0.3944248049588611
"8540_9",0.6578439948437993
"8960_8",0.8119172598137804
"11274_3",0.18183002913697183
"11067_10",0.7837197697313488
"3335_2",0.4125299258017893
"6578_4",0.3442191902705641
"916_10",0.6266347378330672
"3844_1",0.2671622403533622
"7108_8",0.3913492912729683
"565_2",0.557554029509561
"11622_3",0.2928473731473608
"10700_1",0.11859406443653285
"10483_1",0.3188208755323592
"8951_9",0.5030468400480964
"6326_8",0.6901981891745693
"3035_8",0.6296739664267428
"2292_10",0.6412405241304822
"11013_4",0.278634303152426
"10618_1",0.26924711244253374
"11544_1",0.30320414341858126
"7550_10",0.5373487801257341
"289_8",0.7424391636962613
"6571_10",0.6856923361793519
"6056_10",0.5956812817495718
"10814_1",0.08185946645733802
"9377_1",0.1836538449169954
"1577_8",0.4382710454397316
"9268_9",0.7970420291474349
"10116_10",0.7529201648960709
"7411_10",0.8503507487761606
"12279_4",0.6084443559005297
"3575_1",0.3870095516604604
"8105_8",0.8015544807409108
"6092_10",0.7698921779240981
"12406_1",0.33838411040875943
"1117_2",0.1548490497851141
"12358_7",0.6432419325389688
"4469_9",0.6888745570623849
"7055_2",0.40507736052959925
"10412_8",0.723600072124796
"12155_10",0.4512202805157818
"11222_3",0.17636507701558468
"9622_9",0.5789095590566599
"8992_8",0.6487791509209055
"5305_3",0.273433794458536
"8111_10",0.8336211558017864
"3436_1",0.27071485890602026
"2748_8",0.7108291368699908
"6527_10",0.7467188382476827
"672_8",0.6485976970162894
"8172_4",0.3844144541352552
"5513_10",0.6117463079127821
"741_7",0.45530242974535456
"8886_7",0.6587764977440876
"6939_1",0.23175717348064545
"12235_1",0.3157997505573163
"10607_1",0.23307557284479502
"4708_10",0.40171478642877934
"9034_10",0.841886184920373
"6600_10",0.6227802419077205
"2934_1",0.2898398591922591
"12168_10",0.622483532276626
"9362_9",0.5981684742043897
"9627_8",0.7255551893944495
"9547_8",0.4086439974978207
"4108_2",0.11808987939361536
"10293_9",0.6924114589575789
"10105_8",0.7519115408688979
"11864_7",0.7887330214785454
"2843_7",0.4475336864996647
"836_9",0.5919706370166439
"6201_1",0.21527780527242582
"8192_4",0.6877322582677433
"2596_1",0.1988981538135691
"6847_3",0.5043210691809413
"8794_1",0.21455144133554993
"7281_4",0.31222938828787206
"9678_2",0.418917466949859
"10950_3",0.32890262408719695
"5845_4",0.3273942969798511
"6187_10",0.6545524399742065
"4684_9",0.6567655759806252
"10852_1",0.4107786271287709
"11542_3",0.39804752309179026
"5385_1",0.28509717925849454
"9597_3",0.4293087060815836
"8975_3",0.42428722737115465
"10766_3",0.3974474355520861
"4236_8",0.6769132134557393
"118_1",0.0820984622420027
"7278_7",0.6064869340222586
"11069_7",0.5924503486893707
"1002_3",0.4094445715993575
"4210_7",0.8362836204672242
"8514_10",0.7135759925370413
"9676_1",0.2894902055959615
"11826_10",0.5603244847424304
"8216_8",0.5831058900819869
"575_4",0.3414786541747647
"3867_8",0.6611966020391923
"321_10",0.6416812828825037
"1654_1",0.3281905551892273
"973_4",0.47668543941752484
"8796_3",0.2592251837131843
"145_1",0.10358740857355528
"2649_2",0.1472399845675047
"2432_2",0.3217651793135854
"5713_10",0.7892397803900224
"6851_1",0.7342430771221965
"3523_7",0.6847309595919656
"9862_9",0.7617583644727439
"8888_9",0.45611812923509787
"12343_1",0.10350429900707961
"2298_9",0.7639675778147619
"7129_1",0.27625024922423946
"12163_7",0.5613700068133815
"1090_1",0.3414199900717795
"8249_7",0.6659845009048301
"3716_7",0.7806529144397116
"8095_4",0.41898754742684424
"9739_8",0.575609712378128
"7041_1",0.3564221323993239
"7673_10",0.8155216797231903
"210_4",0.3334569348097876
"283_8",0.49115427499045394
"12361_9",0.7729361568085465
"9254_10",0.6878577615995314
"5598_1",0.15107606837306747
"128_10",0.6980230530415616
"11557_7",0.6031839386277802
"10232_10",0.8610227873032384
"10747_7",0.7454287553066223
"9984_9",0.7820889317044742
"9618_1",0.2719860911097246
"7976_10",0.6476729333138267
"5788_10",0.5186709155334017
"7378_4",0.47307012999318404
"2047_3",0.4836787922573401
"10053_10",0.7699761890251121
"8399_4",0.43312904033654337
"7925_10",0.5724511624513126
"6830_9",0.3663225088032559
"2530_9",0.6782669793149407
"9521_1",0.5125052710744115
"784_10",0.8230162910087523
"10417_7",0.6400618959990236
"2198_9",0.7693967623398092
"8219_8",0.6693666651126559
"6896_4",0.2805334366201515
"5341_7",0.8084346417040498
"2386_9",0.7324351323447137
"2323_8",0.6725392594710442
"9028_2",0.34997579113771043
"6983_7",0.5672894445807257
"9885_7",0.7348833676098162
"11720_1",0.2637768498567027
"8409_3",0.42864914860755243
"5797_7",0.7247260139723778
"7729_9",0.7800378873895085
"10591_10",0.8042299348132809
"9593_9",0.6861321094700905
"6364_4",0.20315944353237844
"7215_3",0.2943323040536949
"3653_2",0.33159918475800154
"4533_8",0.49885772110185755
"10899_8",0.7518892372730082
"8312_10",0.7173562024873915
"9543_10",0.6421098915966865
"5608_8",0.5101505547851176
"1432_10",0.6032085299980233
"5562_9",0.5382855803781097
"12171_9",0.5629374407587783
"4428_10",0.8956299766026995
"2062_2",0.5300286271978468
"8468_8",0.5167766722282315
"827_8",0.608359133905941
"11539_3",0.3635394956984474
"4215_3",0.20893190193056246
"11310_3",0.377035740382173
"4525_1",0.12326932270011477
"2093_1",0.17214036938146846
"11238_4",0.5613213915186067
"5523_8",0.5900413453725596
"9848_9",0.8841483133347579
"10000_4",0.23214075983584026
"10304_7",0.7394273076972993
"511_3",0.24569961003054694
"1807_7",0.7012306235834773
"9080_7",0.5893770952311576
"1808_9",0.6633900954274448
"6283_8",0.5620844595926027
"5913_1",0.18123706920062052
"685_1",0.3570657939289528
"9505_8",0.6453935665758045
"7152_1",0.3776976938263166
"11292_1",0.2586503450291473
"8334_10",0.6513930815442422
"11476_1",0.30729594711353275
"3431_10",0.6730807613102323
"4019_1",0.28994527581199975
"7292_3",0.35484752445628015
"1990_7",0.5984293546002387
"1574_1",0.3682617969276212
"5516_8",0.6321946670769644
"4687_10",0.7989592486292733
"11493_2",0.30051065712502234
"771_9",0.6084630449661851
"8864_1",0.23675417994426848
"3001_7",0.5760533452611811
"423_2",0.32185406248740944
"5062_7",0.5521873826985554
"5198_1",0.23524515128632092
"7303_1",0.2346981115248989
"7433_2",0.39889588958178307
"3085_7",0.6465666969361955
"3293_9",0.6597405219371468
"12426_7",0.627085243370741
"5775_3",0.3137804816306199
"7358_1",0.24625619477874955
"3851_2",0.3267250080790021
"4785_10",0.5856597745495193
"9650_4",0.28836015920757324
"553_9",0.5973194746551829
"401_10",0.6216506760247298
"11522_8",0.7891493594170604
"5222_7",0.6347436653470798
"5042_7",0.6035350165501296
"2638_7",0.4487124954735837
"11883_10",0.6664919060039782
"11476_10",0.6744912321144353
"4999_10",0.6874569219539975
"10360_1",0.30845125199454765
"3443_9",0.8113070021358932
"1138_1",0.47914421638482463
"1898_10",0.7025135471051731
"6069_3",0.141664157240707
"12101_2",0.1446787223597807
"1953_10",0.4943794752620334
"8679_10",0.8200602552180742
"10348_10",0.5609812820325979
"2208_3",0.4434043243262428
"3886_8",0.8324716799099957
"3734_2",0.5598460588985957
"1330_10",0.5959257229361938
"4639_3",0.24105129000750664
"6837_7",0.44565992701781043
"6520_8",0.7737362353054201
"653_10",0.6571456287998285
"5373_1",0.3940190005145271
"8074_10",0.675316047894285
"3906_8",0.6598732602421754
"9264_1",0.23805779654083262
"2160_2",0.37943206665131635
"624_3",0.5788265912214515
"3899_1",0.31319730902895015
"2181_7",0.4139503429277625
"7932_4",0.4450667913130359
"8278_1",0.4421153973999965
"7162_9",0.6883930090851637
"185_4",0.3175253209561673
"1997_8",0.5097971889037948
"7295_9",0.7069374199551871
"1083_3",0.5663261080244225
"4678_2",0.2379831505190696
"4859_10",0.5704965694626998
"9091_8",0.7714474277038575
"397_3",0.2223541227148576
"11157_9",0.621858479038825
"11261_10",0.6166729560043804
"10828_9",0.6744106393046804
"2452_7",0.7062972672064443
"10268_7",0.6969793369566072
"10306_1",0.18761072502539866
"18_8",0.6772186272159555
"7998_10",0.8407932681068367
"8574_10",0.7136355805616501
"2953_10",0.7518920765967855
"8996_9",0.6586778584148265
"7389_9",0.7541615907986292
"202_4",0.32139123179257256
"5612_4",0.3669141627043092
"9916_8",0.6252610582628615
"7606_1",0.28172716558395244
"1585_8",0.6823788545888277
"11803_2",0.42723415603652415
"236_10",0.7118416038283474
"7827_4",0.4850211999419386
"5423_2",0.4118718918734586
"3625_1",0.3630103359162067
"9887_9",0.774765268534996
"3429_8",0.5436341244982207
"372_2",0.3027884714354434
"1228_4",0.34459440004826347
"7891_10",0.5919888714796504
"4387_1",0.20276500399889258
"6067_1",0.3175324019009426
"7822_1",0.31981229330374195
"10898_2",0.1589536515444755
"512_2",0.3229079950621621
"647_9",0.40622890815965207
"5361_4",0.37594532341905396
"8583_4",0.2486192284386361
"2858_2",0.3793024919528156
"4920_10",0.7201774783916817
"6857_2",0.3874351328077754
"925_2",0.1852928742738541
"2959_3",0.6231200632431079
"11481_10",0.4467423667462673
"10824_1",0.39792960008268213
"1577_4",0.4356486048218883
"2231_7",0.5387116839866464
"11545_3",0.4058267734254484
"1539_2",0.27350277575303467
"9657_4",0.2538022571507443
"10362_7",0.7122247756336519
"11131_2",0.31217216220658034
"9833_7",0.6992404288686237
"8495_10",0.5808820212989685
"11781_2",0.5154785243991676
"1056_8",0.6583001919275452
"9402_1",0.30607620919196427
"6212_1",0.37097072035198764
"3151_1",0.27559923824564647
"5921_3",0.28177818101896973
"2198_4",0.27406690080027657
"269_2",0.5492574426771313
"11464_8",0.7760682160578682
"30_4",0.4540212859298906
"5300_1",0.22247783192190135
"2277_3",0.21753063828917474
"10410_10",0.5421415954759512
"5233_1",0.3449606135534543
"4336_10",0.5674943625568991
"3084_10",0.5911364106748804
"2908_8",0.75288360267913
"2814_4",0.40444179579863987
"8347_10",0.8231563856797518
"2319_1",0.2698839269063063
"16_1",0.26268207569144325
"821_10",0.603044746288675
"2793_10",0.6237457424838532
"9909_9",0.5935496820029129
"6934_3",0.564562865205036
"9138_1",0.2656809028425101
"702_1",0.3250654921471286
"3886_3",0.37388700872539044
"8311_8",0.6699003142752245
"9199_1",0.3275262597665074
"1254_10",0.8142796312012831
"6590_7",0.6073201328281548
"3040_8",0.697202737227641
"849_7",0.5521892756790557
"7555_10",0.8425141250546606
"9668_3",0.4440318278704942
"10942_7",0.4588258206562516
"11343_2",0.49684169651283544
"7906_10",0.6185693418653999
"11671_10",0.6718448690158922
"126_4",0.43022862111786137
"9623_8",0.9016483707990054
"2872_3",0.16448289818572912
"11895_10",0.7567225857419928
"3245_1",0.25739341863711174
"6145_8",0.8259498262926622
"1022_10",0.6788795029469529
"6261_1",0.32147125582770747
"6888_3",0.5798413132502557
"12443_1",0.22774413398456186
"7433_10",0.6128618984949121
"6512_7",0.6073356052465158
"4161_9",0.5553961719936292
"6745_7",0.6530923332662667
"1993_10",0.5372538978242983
"6325_3",0.24164564965717902
"12484_9",0.7330441069062147
"2204_10",0.8228130282491409
"8065_7",0.6759088493426118
"1705_7",0.4928932022780135
"9370_1",0.32948131195119096
"6150_1",0.45789319751065805
"3587_10",0.7040278612182949
"1906_1",0.33276442471750295
"5706_4",0.49873011511556087
"3854_9",0.6896537396060884
"9655_3",0.32843756132757146
"6736_2",0.201289137671362
"2096_9",0.6208633396787339
"2846_2",0.43741441313890744
"11849_1",0.3066514477656702
"5224_1",0.2327598721415947
"2987_8",0.5529428842219377
"11058_8",0.6289448333457942
"2917_3",0.3470414252839436
"459_9",0.5241638045517227
"9418_7",0.5576550867452649
"5803_2",0.2643351877760688
"6742_10",0.7065608380429922
"2268_4",0.4081691264936409
"6832_7",0.5860317074704519
"4834_7",0.686142190063933
"9532_1",0.6027980501617092
"8197_8",0.6470533131885551
"7728_1",0.22120294689750714
"1958_2",0.12930429295571072
"5380_8",0.5634918919764149
"4896_2",0.3525288913323906
"9529_2",0.3163369494170495
"3322_7",0.4466441157464635
"7629_4",0.4993171313687692
"9962_4",0.4690503143678713
"9277_4",0.33610440332703845
"1071_2",0.2767410371794069
"8266_2",0.24298421316752375
"6812_8",0.5865956042168523
"3196_7",0.5248268536845709
"3430_2",0.16484808005054966
"6052_10",0.7282830874096518
"221_3",0.20869326894661344
"3244_1",0.4258582495223447
"4846_1",0.24755437156072704
"2876_7",0.6163492900770641
"4247_4",0.14915317362108638
"11608_1",0.35848611493549426
"564_4",0.5566998469946925
"1978_2",0.31646409941628484
"4089_10",0.6266765614045514
"1633_8",0.5861448558465513
"8983_4",0.4737378208644448
"10909_7",0.6906292077963709
"8135_8",0.5937021758253067
"12238_1",0.20828101489397718
"9564_3",0.25879445839128085
"10174_9",0.647656772015065
"1690_9",0.5629636610649724
"4756_8",0.6916703973537849
"10718_10",0.7037939050390835
"3489_7",0.676439780540649
"2124_1",0.118015673121
"3842_3",0.17085567163035104
"2700_4",0.3589756365104389
"5960_8",0.7987216420231523
"6193_1",0.3965693330976358
"6719_7",0.571358092642097
"7922_8",0.6295968064394074
"12132_8",0.6001216666560086
"10169_8",0.737376902892089
"1486_4",0.3561661825695578
"8455_1",0.1898206474442213
"10019_1",0.1280673162651679
"7028_10",0.6995166904565768
"787_9",0.7611313274515668
"2414_4",0.3370038684203274
"7182_7",0.44511720691430323
"5548_9",0.5738296768696426
"3963_7",0.5376011994305709
"1584_7",0.5360295631955703
"6825_3",0.42373353272233455
"6588_3",0.35086139396108107
"10573_3",0.4385777253405769
"6693_10",0.839087245211906
"5541_7",0.5537932194700224
"12053_9",0.7333007886863363
"3662_9",0.7895341406255544
"6829_10",0.7837874151766527
"285_10",0.6703685720673225
"1270_4",0.5566747007158046
"4320_10",0.587421480035349
"1333_3",0.18311171322845166
"6618_1",0.5778491786557485
"10119_1",0.3492734197613531
"2886_1",0.2808303611934339
"8811_7",0.6373117544029813
"11087_9",0.6745180518881169
"3436_8",0.4438363036651191
"10479_10",0.7310602641177987
"8365_9",0.656039769247395
"12140_8",0.7039184052887358
"6981_7",0.62407319786711
"10447_2",0.17440745955660839
"10352_1",0.32565918150728645
"943_8",0.5582540114209744
"513_1",0.2819342479898674
"11192_1",0.3528532579819421
"587_3",0.4237411235431429
"3420_10",0.7395406028424902
"10030_7",0.6346607280028985
"3026_10",0.5872065424597593
"3145_1",0.4868334364277292
"2230_9",0.534426046143585
"5193_1",0.3097525537709495
"11337_8",0.7675317217088716
"3601_9",0.8683991724065149
"3628_10",0.6834073049407445
"4952_10",0.6020019605828092
"1775_10",0.4712357732104352
"8141_4",0.3165490077085216
"572_3",0.39813806964919907
"6732_3",0.24715471553765672
"4274_4",0.35013174707448336
"5892_3",0.5637082543031674
"7035_10",0.8283802631244117
"5354_4",0.3340493836590617
"4264_4",0.2424871467884804
"8151_9",0.70817801488264
"376_2",0.19201466906576262
"5352_1",0.2238155852836049
"1365_8",0.4539816418592581
"8272_10",0.7194214013227499
"6942_4",0.41494043988821083
"9067_4",0.403126774009709
"11428_1",0.29882379384566754
"7308_3",0.48744277162948246
"8349_10",0.7522194160015546
"11336_4",0.5127959647724157
"551_9",0.6935040858713332
"4721_10",0.7735940034973103
"4862_1",0.30107761842765113
"5469_4",0.40691125493935915
"3834_10",0.8598437800161713
"4717_10",0.8839850489217178
"4202_9",0.5992500003972384
"5335_4",0.6307722128130889
"7587_8",0.706464151802656
"10827_4",0.44516717227998776
"3432_1",0.2636129726198734
"6110_4",0.5642377352702953
"5618_7",0.628510293127421
"11808_1",0.248391108152246
"9293_4",0.4621687391568296
"2163_8",0.5804216137248435
"4802_1",0.3515047942782415
"5476_7",0.6833040920772802
"9991_1",0.167733127832092
"2681_10",0.8550957087835934
"11728_2",0.6842610547001876
"1466_8",0.7252056763558402
"4853_7",0.656529215230865
"3668_9",0.5777886923056644
"5334_7",0.7457655942499484
"12017_8",0.6762837174775645
"2046_9",0.7283827210936379
"2652_7",0.6893438565647829
"2250_8",0.6436643314147105
"2253_1",0.1816673286267571
"9733_10",0.5268113883196046
"3_4",0.6032140064114265
"6129_8",0.6774095566942754
"6858_3",0.35357979352383284
"371_8",0.6122299439984762
"1111_3",0.19603155813425155
"12330_1",0.2637714444800843
"3219_1",0.22409448209179172
"11372_9",0.6136680218046253
"1434_4",0.3586816039556429
"8232_7",0.6705848302326026
"7883_1",0.21551283183003916
"9151_2",0.5456212424186319
"10574_3",0.3270771188629405
"9376_8",0.7753532494174137
"7737_1",0.445532745552507
"7410_8",0.6659991457137949
"10488_7",0.5902171075496059
"5906_10",0.7161244772870717
"5308_10",0.6696117028157367
"11266_2",0.26440760096041005
"7627_1",0.38552620063646303
"218_3",0.32231963564682714
"9031_2",0.3100709118769948
"3427_10",0.7943307497794291
"8532_3",0.14773614509345392
"6588_9",0.5533046105612413
"9744_1",0.21973810541354682
"3061_1",0.3335839342119806
"11668_9",0.6048768838599993
"9331_1",0.1511440552704867
"238_9",0.6241048321053286
"10593_8",0.5848873362543976
"4441_9",0.6476987026508224
"3717_3",0.23113048227612107
"5618_4",0.4101700037548418
"4353_10",0.5623269782698294
"1268_2",0.34451688290152527
"5178_3",0.3683266112774135
"2991_1",0.2268556387586675
"9976_9",0.6720810430592163
"7891_1",0.258291603007363
"445_3",0.24680546264058664
"11158_7",0.5539247695733399
"10328_1",0.3238563617927091
"9137_9",0.6999034713873598
"7399_2",0.376140771179601
"1187_7",0.5064502335597114
"10642_1",0.25279923411537264
"3939_3",0.275129830151765
"5310_9",0.7274465810500121
"2087_9",0.6104436596127424
"57_4",0.3031465837999373
"4645_10",0.6910749691395115
"1734_4",0.4235443304965302
"8924_1",0.19648889532282657
"4418_3",0.22860239991927958
"9403_1",0.18169206087000356
"12065_10",0.7999014392676116
"6763_3",0.34032104442830896
"3882_8",0.5546168631780543
"7286_3",0.32004643524004306
"9259_9",0.699836010311736
"5134_3",0.3534195385344648
"10166_4",0.6021332578038865
"8362_3",0.5285180435177299
"9701_4",0.45160096881318756
"4227_7",0.5958188787709422
"8483_10",0.6430070230448695
"6002_3",0.17283872860028832
"5815_9",0.6606831737322969
"9385_10",0.5319294321512112
"11047_1",0.3148687117382774
"6306_1",0.26645895727045377
"9141_2",0.28780384785631147
"4594_1",0.2319148956981433
"10471_4",0.3888006989324202
"48_9",0.6367643353172701
"8133_8",0.6700034111477762
"8493_1",0.22941867025929574
"3425_8",0.5022324717518774
"5731_9",0.6840957946107755
"4373_10",0.5786845964096393
"4366_10",0.6488249095359946
"6123_10",0.5020405135333069
"1430_3",0.19792266132063366
"508_7",0.5878224068724061
"11600_10",0.7532259807030381
"11767_8",0.691355924857137
"1597_1",0.17677767867045283
"7257_8",0.6451733079184887
"244_2",0.12557446838975878
"116_4",0.43243665162787387
"7856_10",0.5216061843888029
"7640_9",0.729904570470132
"10956_8",0.6941997876309782
"11002_3",0.2133513324009956
"11666_10",0.766169078514827
"7683_4",0.49619567655613317
"10846_4",0.2978127986872107
"1317_2",0.44021499316630275
"5_7",0.6770530708899835
"8526_2",0.21311133976553098
"1526_7",0.6433280449586182
"3144_9",0.7340662751453683
"241_7",0.7974521484703787
"8953_1",0.24430641721693622
"5919_8",0.6433279203838467
"7983_4",0.3866896788954781
"5222_2",0.12487709142847996
"1662_1",0.3150324298278404
"5830_10",0.6987696437432055
"859_1",0.43610955716655925
"10761_8",0.4873353588100003
"12037_7",0.600411624922886
"2629_10",0.778698136686647
"1019_10",0.5765994773730807
"11270_10",0.5328354258642852
"620_8",0.7334988056631633
"6718_10",0.6232766111019724
"1402_8",0.6974252969132013
"6804_1",0.21145957813828337
"11743_1",0.31670264413564353
"3117_10",0.6232828321685883
"7441_9",0.5937937346302883
"4553_2",0.374244379629563
"5182_10",0.69609954275349
"81_9",0.5434963235941022
"8343_10",0.5810536589148841
"2030_1",0.10889273659978928
"7866_7",0.577956864346723
"11132_1",0.3551502410660225
"879_3",0.21593279663592072
"6547_10",0.7120596887183223
"11166_4",0.31656632350491887
"7427_1",0.23238424325212695
"5848_4",0.35711497587996366
"10734_2",0.2689855439011971
"11263_10",0.679312105692446
"9761_7",0.5283389449694782
"7582_10",0.5542044306334287
"3849_1",0.16203448165273307
"8242_10",0.493764250260757
"309_10",0.8288797556287236
"5492_1",0.2834131861934115
"4294_2",0.5614403175059635
"7222_7",0.4234856712147295
"3365_1",0.18663519083401572
"11084_7",0.5678132351072291
"50_10",0.737948286483343
"3234_1",0.4399082770859625
"10155_7",0.4994933433177668
"1181_1",0.20318010684801155
"1505_3",0.22248235597571545
"11926_1",0.2293105897126955
"12174_3",0.3914643052691316
"4589_4",0.2728586923839355
"12421_8",0.9096145881383891
"1079_8",0.7769943852405914
"4852_8",0.6447262286221412
"11753_8",0.6190747834518368
"11257_10",0.7194220188944395
"8270_1",0.1813554027809009
"7690_3",0.34148833906006915
"12354_8",0.41165819223068084
"11419_8",0.8205302378333196
"7587_4",0.45223826781985754
"818_9",0.4943969452373037
"10431_10",0.7048594847607297
"12056_4",0.43990557859868834
"7595_10",0.8125892582454358
"2601_1",0.38717699217788965
"10022_10",0.7843102851644741
"4124_1",0.3872147952466761
"11573_10",0.8153652370165901
"9868_1",0.18016963121516874
"7093_1",0.263403043981391
"4993_3",0.1519187111105334
"3192_8",0.6693347928653351
"8269_10",0.7678545696038508
"5767_10",0.6903785801014878
"8440_7",0.604916075215015
"1038_10",0.6073792471153876
"525_9",0.8040716137394313
"689_3",0.15903105841931967
"10989_1",0.22711550560969368
"6166_4",0.3943391429222947
"6452_10",0.5889062017689495
"3217_1",0.27319794895596683
"11629_4",0.3898105071417037
"4338_1",0.2579665133696306
"2822_1",0.3927598357348691
"11252_7",0.2491422145960237
"11097_9",0.6941770550687024
"7124_10",0.667776131718654
"261_3",0.3281082407046237
"7828_10",0.6642262283339554
"9030_7",0.5111767490229137
"9723_2",0.2937212736430807
"6924_9",0.4889544949703765
"11945_4",0.5655243718822245
"11811_2",0.1877848898178297
"3115_8",0.6774349569896287
"4381_9",0.6603477677786237
"676_1",0.46489132503980063
"8002_9",0.6554451670459983
"9209_3",0.4451444079496166
"1677_10",0.6421798996219487
"7094_7",0.5608344927842207
"12193_8",0.48636222067354096
"1227_7",0.32195686164252363
"9186_10",0.704169428775254
"6117_1",0.2781934715120231
"8621_2",0.6174743367702032
"9729_1",0.11734395010190231
"12239_7",0.5348630213758391
"2465_2",0.21471741268514888
"4360_10",0.7823060392229884
"10538_1",0.24291623350403513
"3439_4",0.4300785020582509
"256_10",0.6469841914715724
"7114_1",0.21362048799468847
"3206_3",0.17175697963475536
"229_10",0.45783419203618997
"7501_3",0.27489409621712607
"3639_1",0.34251692863763367
"9751_9",0.7714896230264905
"8277_3",0.46732504273809317
"5276_4",0.3636002624466221
"1804_8",0.7371630146546411
"8497_1",0.27683851957344163
"7742_1",0.13267589153751763
"9755_7",0.6380801406027335
"8429_8",0.5843195692161753
"769_3",0.5460679080877009
"7452_10",0.7480701755358177
"1004_4",0.5438907544924224
"6393_10",0.6513221287378571
"7457_1",0.3761383223877166
"8182_10",0.5890906464181734
"11589_9",0.789575942703725
"4718_8",0.546833300210448
"5315_10",0.6839589264299273
"9927_3",0.42637939340924996
"6391_1",0.23851041781665006
"532_3",0.37589819588996926
"10544_10",0.6002553750423287
"3576_4",0.46704744759875794
"5420_4",0.351444237672132
"7140_10",0.703995222344369
"11018_4",0.251022900531638
"7443_8",0.7211277666569283
"7399_9",0.648323070430264
"12129_10",0.5678005329007015
"6876_3",0.23641159251593105
"9227_1",0.5271836861712412
"4983_1",0.29243169090739746
"2502_1",0.2682781866245535
"2584_9",0.7754098252871048
"5637_2",0.20569941166664385
"6497_10",0.7558450992217584
"8464_2",0.3143044863492835
"2070_10",0.513524158786067
"4574_3",0.41881926233443084
"1642_10",0.6249627458792713
"356_9",0.8125697583013713
"8052_4",0.6854645354382537
"2457_10",0.6405580932666802
"6322_4",0.29133494698671136
"2218_10",0.6185704521630405
"10669_7",0.6200957377287474
"5296_2",0.21281041394042235
"1118_1",0.30666675679707467
"8588_1",0.24253355165944776
"12348_10",0.6909042919055484
"7990_9",0.7113887312494382
"819_7",0.48702179509829674
"10552_7",0.3502049600248319
"9126_4",0.33588100055892073
"11190_9",0.6141421362243656
"6696_2",0.34160790277282665
"4906_10",0.6113908099098043
"6809_4",0.49672098277264987
"10032_1",0.2659660030770138
"2694_10",0.8124635306900305
"6411_8",0.7594762798272461
"11967_9",0.5304855788248235
"10190_1",0.24501058406318865
"316_1",0.22941332638813214
"5644_9",0.6419702606480272
"12083_10",0.6390445529581595
"9280_3",0.3622440337114928
"11735_2",0.20856895636748518
"5219_1",0.2800107427110688
"6810_3",0.21163439822053703
"7817_2",0.261008444953747
"6753_9",0.46883269328557525
"16_8",0.7185234243977242
"3908_1",0.26372485041919685
"11502_10",0.8231570819610162
"523_1",0.13582045164168627
"11213_10",0.6976037486925336
"5058_8",0.7419389153283699
"3290_1",0.23688888933548957
"2954_4",0.49792997741750095
"7148_1",0.4060475462321449
"4455_7",0.5182511313273618
"1873_7",0.5525813489115368
"4796_2",0.3711679741198178
"6317_3",0.49796021740483654
"11153_10",0.7234540616763185
"3319_1",0.27721842199631547
"1247_9",0.9597482982877796
"9119_1",0.15207141346033756
"7904_10",0.6793195983444318
"4892_1",0.37015472381943926
"4608_8",0.769736463579663
"4756_4",0.14313227207746532
"230_1",0.5429298506674222
"6730_1",0.17026727243470408
"6639_8",0.556488149855735
"1726_1",0.16513210550503546
"4540_2",0.28584854289521344
"1898_1",0.3650282538155726
"877_1",0.2502002035596082
"10416_9",0.8007710951113801
"1359_2",0.2704252490132963
"8886_1",0.17514738628093685
"553_1",0.28883197390042326
"5252_10",0.5919625718360101
"8808_9",0.7194920105033641
"8792_10",0.6826852267002755
"11723_10",0.7772156099045471
"6977_9",0.4694065302463951
"5050_2",0.3861397660979581
"6413_8",0.5767235471299585
"9880_8",0.7877825460865836
"5827_10",0.7848571603251838
"5271_10",0.6145221171036962
"12231_2",0.29158274181953825
"9913_1",0.28262266040519907
"3058_10",0.6149928151303934
"1278_10",0.5290115229731482
"4923_9",0.6708526527020482
"4662_1",0.3657930567377099
"10857_2",0.33418633050275753
"5033_7",0.5892109222957658
"7681_10",0.8140997493365869
"8916_3",0.30486743631334656
"10603_3",0.36161122547281366
"8940_3",0.5328494046830063
"2381_1",0.32616188573426574
"9188_8",0.6251765515158163
"5290_8",0.7331975100157971
"6746_1",0.523381000674526
"1001_10",0.7745040639324163
"1190_1",0.18870454102279377
"1858_1",0.17635401400992667
"5645_10",0.4247508268215668
"3021_9",0.6531440387867101
"9801_2",0.3223364270213733
"2498_4",0.14016560968046893
"7972_10",0.7942678495384744
"1200_1",0.2595694255290396
"9626_4",0.502932760227761
"11750_10",0.4716555514333734
"9571_10",0.6952735833840028
"11593_10",0.7872039969212158
"4432_10",0.7178238090703227
"10324_1",0.1260021245039613
"9123_10",0.5776433732572649
"10155_1",0.2186364375878194
"12237_10",0.7624183657831336
"2828_2",0.2427719153507909
"6375_4",0.2680626071608238
"8264_10",0.8956379906280109
"6131_7",0.6735146936596434
"2950_10",0.7503654207220729
"3584_1",0.19298552666857166
"3077_9",0.7583637868790705
"8867_10",0.6659261312362655
"4189_9",0.6372744753848064
"2297_9",0.5147264747194221
"3607_8",0.6190647396326926
"339_10",0.5891557199944127
"6450_10",0.7530012930035431
"8537_9",0.6236436591506905
"5663_10",0.6560414064930755
"7179_10",0.6647694767866222
"1929_10",0.6153072209784068
"7363_10",0.5786501795674661
"7073_10",0.6706902641136062
"8472_10",0.6633617684143592
"2397_4",0.33809696570774816
"5710_3",0.29065389345419224
"12429_1",0.18982033301324747
"4841_9",0.5342760549729643
"5819_2",0.39310557160906995
"7112_8",0.6034389424396664
"1087_10",0.8765150727062215
"10766_8",0.6833761188871743
"10675_8",0.4994765180894227
"11953_3",0.3042893590147258
"1927_9",0.5972482209440602
"10455_9",0.6624821146080362
"451_8",0.5165171050871371
"10796_8",0.6295373405186009
"5288_7",0.765031274608908
"4368_2",0.1996362876016437
"10456_10",0.6928737903231755
"9981_1",0.2804933139146142
"11403_1",0.26706548931744034
"5219_7",0.5264563898019334
"11929_4",0.5682261515407403
"5481_10",0.8716952609146984
"3829_4",0.347930487670437
"11367_4",0.3686196073674545
"8154_10",0.6946034112708739
"2754_2",0.2438064980523793
"2299_10",0.7971302758336973
"8868_1",0.3068616229178021
"4566_10",0.6913754516538898
"6688_1",0.3414118764102521
"2666_4",0.3686354051078352
"11892_10",0.7145667198443499
"2667_10",0.515726827748743
"9244_9",0.5052203483104343
"12498_7",0.480848258732263
"3493_9",0.5637846537733207
"7565_10",0.6961730212589831
"2916_7",0.6265995262641604
"12473_8",0.5801369588422246
"3142_9",0.6715219124979233
"3289_10",0.9054666509197224
"11159_10",0.6215791485983133
"8428_2",0.37101422360160136
"4152_8",0.6387162622820811
"10754_8",0.6828823825497942
"11718_1",0.1432045003138898
"5408_1",0.1415368007202103
"5686_8",0.6752740667974223
"7479_8",0.7386102409296693
"5160_10",0.6209524841242003
"3138_1",0.18790417712072707
"10343_9",0.6925835468282032
"9524_3",0.3878299973996908
"7794_1",0.30038312779654675
"5433_1",0.47071639370047647
"3380_8",0.7769380133848153
"7222_3",0.21014074329027457
"1751_4",0.6633144483896426
"3914_10",0.5804523099925515
"8022_3",0.37120785428226716
"3975_4",0.46468879759608556
"8177_1",0.41788189759805033
"5670_1",0.36511449881591845
"203_10",0.7140293967044872
"4315_2",0.26338251657789113
"8296_8",0.7270234224192123
"971_10",0.6367400059397245
"12018_1",0.3421338532981747
"3714_9",0.659139498453026
"4342_2",0.5997071373001434
"4965_3",0.3614248912723155
"5126_8",0.6569510036450323
"10686_3",0.3471005655386288
"7290_10",0.8506933562837857
"8474_8",0.7118790583632758
"7633_2",0.5215628901066822
"2226_10",0.48440797003407593
"1436_9",0.6765901495800573
"813_10",0.48679809580402666
"11865_7",0.594655270442468
"4937_9",0.6710544581393277
"4613_9",0.596107260699
"8129_9",0.654763191144438
"2376_4",0.5315223000130574
"6861_1",0.23293641241444765
"9104_2",0.41113938327699406
"10590_3",0.30123398740083673
"11021_4",0.26523119201954193
"9480_10",0.6522718034924789
"12212_10",0.6393742782790153
"11766_7",0.6934977205075982
"5356_7",0.5277224445521542
"9572_7",0.8203534900555
"3264_8",0.6103458215425444
"11794_1",0.21895691883771334
"11739_2",0.40764630159939996
"731_8",0.6479231775791802
"6278_9",0.528740327996821
"625_10",0.780108572241205
"7252_2",0.38507304041259893
"5171_10",0.7812062092302136
"9149_3",0.2888165044059141
"10780_3",0.3208325407047647
"1568_9",0.6860836128342427
"7291_9",0.7034018242040937
"2288_8",0.7267666214129732
"3126_9",0.7091338763587777
"3352_7",0.7121283092982964
"9455_1",0.12806936886773493
"1709_7",0.5160607782262605
"9309_2",0.13822506484322147
"994_3",0.4638799371468568
"4173_10",0.5486202124922234
"113_3",0.25792499482012254
"10472_10",0.7852092383845256
"7193_1",0.11819787147490463
"9978_3",0.3835400061173329
"783_8",0.5509659200696533
"7585_10",0.6617527740234014
"2135_9",0.5201691833447957
"10887_10",0.7671583711487001
"4075_2",0.3376962715884352
"10521_2",0.21972941883987396
"844_1",0.42208186096544287
"6691_3",0.2515228458366256
"3879_4",0.3147903790359857
"3511_1",0.31921178517639487
"332_1",0.5613031558813214
"7398_4",0.2508725579295921
"1845_1",0.3250229669688853
"3890_3",0.45147473362145035
"3781_9",0.5143509264759606
"3723_1",0.24615451379261077
"2908_1",0.12107496822721688
"7625_3",0.22215426941333974
"6310_10",0.7368084831280513
"9432_4",0.5500825395436704
"1820_10",0.7834163023231768
"6809_8",0.7347827809893912
"9911_1",0.36070516191107654
"12001_8",0.6556354364144842
"7266_7",0.6988739928748239
"263_10",0.6044142484767971
"2109_3",0.34819876232118807
"7293_4",0.4055578197207875
"8874_8",0.5709718920541775
"2143_4",0.6285368520389079
"4307_9",0.7776277065140668
"4176_1",0.21527360450822589
"8369_3",0.34700374866769634
"12317_1",0.23403325219057428
"1687_4",0.2192307512741004
"12082_1",0.25874150279786134
"3396_10",0.6467978882268032
"9129_9",0.6304947112050774
"10090_10",0.7453801620285012
"11841_1",0.21354603822765203
"12447_4",0.3730022132673124
"11624_10",0.8112376200368764
"8624_10",0.5189218937271841
"9290_1",0.3475974213993436
"1108_8",0.49260111128192624
"4300_10",0.6102403494076467
"2553_4",0.5347704418995192
"10550_8",0.49645883901821025
"8884_10",0.5511152215557814
"6760_2",0.1786596458552048
"1177_3",0.5769059178294823
"9939_2",0.43490983653791554
"2100_7",0.6678576585791164
"9677_1",0.35113989806438684
"2511_4",0.2871949893900811
"4115_8",0.8129332871794048
"437_9",0.699316622444692
"6698_10",0.6309901702856677
"11049_9",0.7042193143365281
"10168_4",0.22598446626842109
"8071_8",0.6737407546772524
"12474_4",0.5031551609839473
"3775_10",0.7236310740505203
"7478_10",0.5629799743490298
"4312_8",0.6054488655677064
"3105_7",0.6995519041304028
"640_9",0.7209593108710725
"6891_1",0.12456366406321066
"1849_10",0.7284255954391449
"8528_7",0.7321166933538784
"9032_4",0.426469525803631
"11743_9",0.7401261305018144
"2813_10",0.6066646218996754
"846_2",0.25863961069568703
"3695_4",0.3749769181847896
"5972_3",0.16135893195858556
"4831_1",0.16742785859824302
"11826_1",0.2782683846627171
"7684_10",0.7385187531938212
"7042_8",0.6286163344232306
"10247_10",0.6724130846632481
"6766_8",0.6736792731870349
"2091_2",0.21426199796103182
"5108_2",0.21283057562235763
"10644_1",0.214743891877342
"5955_2",0.3734432938016886
"9451_10",0.6119131500677236
"11518_10",0.5392007189543443
"3871_1",0.21522269065735744
"5013_1",0.07385969951006324
"5056_4",0.3216721101312981
"3688_1",0.3070842559330841
"2325_2",0.39833879352117135
"6330_4",0.2500602406728236
"8783_1",0.26392308679829696
"3848_3",0.2521506964113694
"5901_10",0.6844771721714389
"10947_3",0.45964295701972047
"4590_10",0.7070996543764306
"4337_10",0.38292833560916834
"11029_3",0.4950413563761721
"10980_3",0.5333139217168152
"165_7",0.6493365891030334
"474_8",0.7984080192182117
"3175_8",0.7022444587035156
"11764_1",0.2797407228623821
"2164_7",0.594200419205355
"8891_8",0.6979174296085627
"8294_9",0.6796120490475835
"6602_7",0.7359673028224012
"8187_8",0.6666194364724273
"2609_2",0.3778054732300338
"6506_8",0.7843042686910039
"2207_1",0.1917206967575679
"2467_9",0.6191145199960982
"7440_1",0.3264245607153803
"6417_8",0.5526592489059021
"12278_7",0.5674707898635355
"4495_3",0.5683563475343205
"8223_10",0.7770436204811079
"3659_4",0.3928326857453974
"1120_3",0.3326672048527299
"9713_3",0.18252362820239112
"808_10",0.64548992348264
"11164_10",0.7145020934553115
"3536_10",0.7417298851213461
"10930_1",0.28872019375162095
"6868_4",0.27279132444617654
"2248_1",0.23649418413815484
"3624_4",0.3261169792041241
"1442_1",0.18325092452252606
"10167_4",0.34115891445087687
"10645_10",0.4281050359353144
"4414_1",0.35457124053368877
"6409_2",0.2998131194488254
"10486_1",0.3456516307079939
"2983_7",0.7578430026664835
"4985_4",0.3967589100618423
"3566_9",0.5260681019815404
"8340_4",0.4806289195677583
"10246_9",0.7330370063503109
"7380_1",0.4735701305055071
"12381_3",0.42998326979162166
"11723_4",0.3827529352863227
"7478_1",0.3041024015671669
"900_9",0.7775620917800361
"3364_2",0.35824843730327316
"6570_1",0.4116165765975365
"9309_8",0.7547573893979664
"6044_1",0.22437826082470227
"9261_2",0.22343197760901637
"5690_8",0.648601660474729
"5326_2",0.1347484514238497
"11179_10",0.6762039691665087
"8908_1",0.2153774888517333
"10224_9",0.5366215694085598
"7318_10",0.7049549724313642
"11098_8",0.5366704642901852
"10120_1",0.13693655464339
"4561_2",0.49222465736127774
"4409_3",0.3523338880138438
"4301_9",0.5243808516750712
"9254_3",0.228088705693469
"10717_9",0.6508915005954916
"10619_2",0.460430990887168
"5924_1",0.4448666784627188
"11657_10",0.44684715888673776
"6373_4",0.4852481129694422
"10469_10",0.6901987353880689
"5531_9",0.5118572008753225
"1089_10",0.6155488705833104
"5082_10",0.6424614555903225
"4267_1",0.3169573528324203
"3006_10",0.7020525230135237
"9318_3",0.3249461692286922
"11877_1",0.13122439574256345
"7274_1",0.4019204729798123
"12450_7",0.687107287146836
"148_9",0.5027059185072732
"10353_10",0.5001999505699521
"1368_8",0.4316554608987501
"9408_7",0.6397833776654802
"5739_7",0.5105226331770122
"7036_10",0.651752564605664
"11554_2",0.39246913023160435
"4601_9",0.5706355382149845
"10376_3",0.4591310121917073
"2486_8",0.7272968567519911
"5745_4",0.3793255492157065
"873_3",0.30957172419272355
"7009_1",0.3938588801593418
"542_7",0.6937553871157688
"12008_8",0.7860775132919422
"8040_8",0.7471846418557295
"4048_2",0.273069111923583
"4895_10",0.8287438321112996
"11789_9",0.8619148702752927
"5084_7",0.6667542176579305
"9207_10",0.7345939615784478
"923_4",0.6006777713959417
"106_3",0.2878456379686462
"1125_1",0.3130775100383336
"839_10",0.6388088428227391
"5285_10",0.6220402545161684
"7444_7",0.5501333599710658
"1566_8",0.7565649071005222
"3285_1",0.24895842331274398
"6203_2",0.19819684682256916
"11147_3",0.5015445639872886
"11152_3",0.2734290724615489
"3335_9",0.5906337461460592
"6689_1",0.10994722659437031
"6557_7",0.6309324957972824
"3362_10",0.6941328894727242
"101_3",0.30655558329538773
"10692_4",0.3304436583641632
"4462_7",0.5310859273979807
"265_1",0.26980521727289714
"1369_3",0.4778129237997381
"9112_10",0.711500847464894
"7870_1",0.07886624702842766
"6102_10",0.5898314852619283
"3973_10",0.7602186176830577
"8232_1",0.3604676318936549
"3177_10",0.6418672922257531
"11598_10",0.37901311929994097
"882_2",0.31167632084448943
"5660_10",0.635497533371738
"1685_10",0.6463270175420461
"2064_1",0.27912944313136495
"2296_9",0.5970606918280529
"3648_10",0.49068849354658595
"5486_4",0.380565917473045
"2496_8",0.4863791177418019
"9579_10",0.6426861937645653
"10776_10",0.6340673376805479
"5889_10",0.6793403632515035
"8292_1",0.25316455533320875
"10547_3",0.19723923671807564
"10415_7",0.5574072374074448
"10741_1",0.27362473316803076
"10196_1",0.19972779713789957
"12155_2",0.28094180792855694
"2224_3",0.3454582919637355
"10356_7",0.414333294073286
"7202_1",0.21170008222833062
"11973_10",0.6814046022490745
"1792_8",0.6634898093486664
"7894_9",0.6733083361118929
"11413_1",0.3496558877245298
"10596_10",0.7528665060138573
"2462_2",0.39360942128200166
"9451_1",0.2365187443154813
"2895_1",0.4190291600134877
"2513_4",0.4589205947230493
"11950_7",0.4936799809616828
"10566_9",0.6748727831933105
"2209_4",0.3275381601110479
"9292_4",0.44188549330037785
"5575_8",0.7070257466971278
"1688_4",0.45956718661049156
"440_8",0.6105720467897207
"6324_10",0.7681186818313517
"8296_2",0.2918126266007125
"9460_1",0.31503356904823165
"3992_8",0.7660663230942026
"11425_10",0.7638689166830234
"147_4",0.3809284629743912
"2897_4",0.39171178801342127
"6214_4",0.33386269697917936
"11157_4",0.29881199203363507
"4204_8",0.7800315411867256
"7255_2",0.32797463912101416
"8435_1",0.43367991680567897
"11354_2",0.20166921936793142
"2136_9",0.6522658972914653
"295_1",0.5778173752005841
"335_10",0.7398197358137002
"8791_4",0.46152661281963436
"2817_1",0.38631456856568197
"1629_8",0.6250985854447252
"6826_3",0.20994378766397012
"5550_8",0.6531536972368519
"3572_10",0.6924906992358006
"4543_10",0.7452214165077192
"2789_1",0.23776766248650238
"12288_7",0.5757671293350152
"9769_9",0.714126175678749
"1257_1",0.4717965586768104
"6180_10",0.703448097059702
"8881_8",0.6109629311287573
"7075_10",0.728377004257001
"10254_1",0.28006483837398194
"12214_10",0.5768430120640644
"829_10",0.6026547936211277
"5633_8",0.39285775317399424
"6202_7",0.32440954991197535
"4843_10",0.6316139742716366
"7564_8",0.7539016748851628
"3539_4",0.5151722377487991
"9634_9",0.6398156772900236
"7578_9",0.8008024778052685
"6642_9",0.7723351396377709
"3438_8",0.6909200588412255
"11407_4",0.2988926431869642
"9891_1",0.2301422072096168
"3875_4",0.3144960818535878
"6447_2",0.27976966602027237
"5027_8",0.8714376264071564
"11415_7",0.5127155077399149
"7762_9",0.6456560884470767
"7263_10",0.778491706646146
"6556_1",0.44431549132245235
"5491_10",0.7589452840806047
"3418_8",0.39403136440014697
"4137_1",0.45172744977452395
"5519_7",0.6702640397117338
"3435_9",0.7015095936888246
"10199_10",0.6918356209961024
"5212_4",0.42158036746524263
"11891_10",0.7195144293646261
"4989_7",0.5133533308162025
"2883_3",0.3776930872699568
"9154_2",0.5905566203719633
"8384_10",0.7377028531399895
"4082_10",0.7655888626938846
"4334_2",0.22663079004459685
"5652_10",0.6614573294563101
"4544_2",0.3724423638598437
"4987_8",0.5889187390987835
"9648_3",0.4006065648530402
"10755_4",0.46251387487483897
"4386_1",0.22241625484850133
"4619_4",0.5088004919188176
"5860_7",0.49712414672284483
"11492_1",0.2929500979753152
"2126_9",0.8057981219567902
"8355_7",0.5624781801904013
"6560_10",0.6123360773381307
"4026_9",0.6223656316032873
"4019_7",0.5432994847841914
"455_10",0.812248188768736
"6637_1",0.7165709568453675
"7490_3",0.3462682875499533
"10533_10",0.4283880278064455
"7417_7",0.5422687790411637
"3392_2",0.2042160012665949
"460_1",0.3715693972475078
"5364_10",0.7689871955101216
"234_7",0.8017844623194632
"709_4",0.33778228113955755
"2753_9",0.5541617282753563
"9434_10",0.6457602593269377
"2835_7",0.6985588997784042
"6849_1",0.29093944679638767
"11186_3",0.2607261110637044
"10902_8",0.707106418137809
"2617_2",0.3278572422372711
"7423_9",0.5113437470232464
"4699_1",0.23627414866792176
"12312_10",0.6102372466893233
"6185_4",0.3788351459308536
"3742_3",0.32836904317692245
"1314_8",0.6719273205814357
"7985_1",0.5177748170409946
"3669_4",0.3480587237950421
"2791_8",0.6814178301945674
"2295_8",0.7872020718189056
"12111_1",0.5113832059830665
"11827_10",0.6618422230659463
"10191_1",0.2762343222329965
"5264_2",0.31345126318622724
"11002_8",0.7645398325519883
"12423_2",0.1436492601226375
"3551_7",0.5944304354552168
"10804_3",0.4944067261326906
"3670_4",0.5210950077187738
"8408_10",0.7182739783661595
"1307_10",0.7440185128274367
"10906_10",0.5715827329687613
"4039_2",0.062147246493870455
"1010_9",0.8519463317988718
"8764_1",0.16495396307555044
"10894_10",0.8125521122311554
"1249_1",0.23455798410834308
"1844_9",0.881762762958453
"3252_9",0.633598644764737
"12272_1",0.3409393005549823
"5599_10",0.8557342008970289
"6265_8",0.7076885389173354
"4497_4",0.5290789966781082
"3925_2",0.29164510012686695
"7935_9",0.7081801774872021
"12146_1",0.12565133710280071
"2345_3",0.5057682661275447
"11171_10",0.8314152771740043
"6726_1",0.13485781373553954
"11129_9",0.632920476010372
"616_10",0.586536289596241
"11349_3",0.42472889697664207
"2485_10",0.7260337512029118
"3212_4",0.3111275618222598
"5578_10",0.8767837013670905
"2252_9",0.7449382943635683
"11643_3",0.2725468704399884
"12081_4",0.3129558620991592
"4104_10",0.5477144882507835
"4504_7",0.6512360187169597
"6354_10",0.6285228741232037
"12118_8",0.6999560275726523
"9680_10",0.5742728253382979
"7173_10",0.6485287089923019
"1965_3",0.3130339653983639
"2674_7",0.38804121496608707
"1425_1",0.21266801205453473
"4017_8",0.7812296112017159
"3835_2",0.5601370619562926
"1335_4",0.18828306960755903
"627_1",0.3657149334255746
"8330_3",0.5283699117493263
"8907_1",0.24103950096396975
"11801_10",0.6118691041700303
"3231_1",0.22216108693064804
"860_4",0.2685276652366092
"2902_8",0.5816278572707483
"11550_4",0.4325522967303414
"4944_10",0.7659329810226543
"10190_10",0.4382834434933122
"4090_3",0.14431165378441832
"3863_1",0.3301407980961899
"3904_9",0.8986517319458657
"917_4",0.42566777873437267
"5540_2",0.19256254529467512
"9183_7",0.5798703111288137
"2570_4",0.32010505716256743
"11868_1",0.33852891001552476
"7438_3",0.44158574977140724
"10484_2",0.249150887479997
"1988_8",0.8487358704397295
"46_2",0.37228327360688535
"6624_4",0.2901402187775093
"4666_7",0.6229204825997879
"11479_4",0.4115216458888887
"308_1",0.23161043076935198
"5400_9",0.5919398438386104
"5258_1",0.2586507918867773
"432_3",0.18079374305807247
"7245_1",0.32014416131966317
"7082_1",0.45016211706278325
"9698_10",0.6740659881308257
"1085_9",0.5373630610635515
"9999_10",0.7277815771998677
"4235_7",0.6546881612614439
"11603_10",0.6611153923424878
"4457_3",0.27715452170310256
"5022_8",0.6756366043089014
"12278_3",0.476648856852551
"12076_2",0.3389971727142215
"7239_4",0.5514018999086305
"4691_10",0.8372062567096374
"9820_2",0.3656174094625277
"5932_1",0.5138277649830102
"10265_9",0.4790869624497962
"9247_2",0.2582503450011154
"4581_3",0.49357304739199054
"11060_7",0.6765059348804409
"10349_2",0.22956771947753415
"9821_3",0.430680497518434
"3375_7",0.5512407569021369
"5515_10",0.7304675074459959
"3921_8",0.4393395281904606
"6671_8",0.7605073489347901
"7051_7",0.6338483626229192
"743_7",0.5053207123520221
"8230_3",0.18708036539274447
"11203_2",0.26989283820546556
"11616_1",0.34385917228767854
"8033_9",0.6327579957931152
"1472_10",0.4112518075821503
"1932_3",0.3594891936378563
"6827_2",0.22643896457325247
"6912_4",0.240194215170441
"12024_1",0.15416696138314367
"10625_1",0.4881163931800743
"9528_10",0.793838820420572
"6663_3",0.41591552921985503
"10727_1",0.4272395539638473
"6646_10",0.6665281747652814
"7632_7",0.7658004405471391
"8518_2",0.15666395803072067
"6398_9",0.7146731402107609
"488_8",0.6985872482444396
"4133_1",0.18657932977265623
"4128_10",0.742715321496464
"5883_10",0.8495998762046102
"10240_1",0.1340812705993321
"8791_8",0.6353334325098374
"10917_8",0.8128011884101772
"9097_10",0.8192780634945269
"8438_1",0.10495939967651356
"7536_1",0.37711097302105046
"7542_3",0.31774316557971716
"3928_7",0.39395754446098774
"12477_2",0.226320753123416
"9157_3",0.2403437841394305
"2694_2",0.5900523768298488
"3632_3",0.22124232313168304
"7169_10",0.6173653302725508
"6931_7",0.4044210813472565
"11474_10",0.7668605386289621
"2252_1",0.3280490770075079
"1261_7",0.5200119406598124
"523_9",0.5938734348021055
"12233_2",0.12104289459604094
"4731_9",0.5855861474623807
"12376_10",0.3162335682434323
"11834_4",0.5590702501563778
"7063_9",0.5199430013849348
"5289_1",0.406648712121967
"9632_3",0.3950584462936758
"11086_1",0.16791348316324056
"8224_10",0.8656460179441537
"8013_3",0.4342492493352592
"8003_3",0.2241143578674009
"2281_8",0.5634580554186466
"4643_7",0.7178513595615796
"7942_3",0.39927632228749543
"11067_2",0.27610011090035363
"5577_1",0.2889364811259745
"5796_1",0.2176983370261161
"11514_1",0.44563151039644117
"1867_1",0.3705215208324569
"4804_2",0.16740228878091556
"4547_1",0.24551291788318913
"6391_7",0.5926721509399341
"6260_9",0.7698848001691956
"5355_10",0.6583413353622831
"12358_4",0.4432478988721211
"860_7",0.8387883913948886
"3768_1",0.5076527589682498
"8742_3",0.5884778454403476
"10786_4",0.2266564260364358
"5337_3",0.33124736569840246
"11260_10",0.582323624749782
"7364_1",0.32638175370108413
"4434_2",0.34234600774282226
"10604_8",0.6803493433016988
"9587_7",0.48124215615557026
"738_1",0.41892871105948154
"3757_8",0.8112011698743132
"6970_10",0.644282689545476
"6194_1",0.30652026457026993
"4559_10",0.46676014204626126
"2334_3",0.4130795198170838
"10636_3",0.30416920873775166
"4192_1",0.14711253688680392
"1579_4",0.42159000506081445
"7168_10",0.7542383148054395
"3789_9",0.5113019131089207
"5617_7",0.7642742204180943
"5757_8",0.6526546568092483
"1431_7",0.5025590459255802
"6130_4",0.47858205843295526
"12092_3",0.3623493836183233
"7918_3",0.4544719341714276
"5386_10",0.4986379553214841
"2794_9",0.6233341196801159
"2394_2",0.2704015271870705
"10690_7",0.7597722483260305
"6406_4",0.4255595206473187
"12288_2",0.39466699131815564
"7405_4",0.4205866483421482
"6153_10",0.4724776016320549
"5577_9",0.6658034242806312
"1462_1",0.4280426222522657
"7732_9",0.5391716544331677
"9046_10",0.7238612654982929
"11086_8",0.7428048441380912
"1426_7",0.6177117137412332
"12174_10",0.5296214510729353
"5537_1",0.19247523385498186
"11746_1",0.2504267323907489
"12203_10",0.6813139166282508
"11585_7",0.7518049931594396
"9765_1",0.2116060012684004
"6295_8",0.6052543868342699
"3991_4",0.4923663424950535
"11134_10",0.7465249456474232
"12379_7",0.3637015335632046
"7316_2",0.40199977979422646
"6955_4",0.467988187359448
"8092_7",0.7435435179846714
"9788_1",0.12010135510666657
"9494_1",0.16475226691185937
"721_10",0.7027439223842682
"1250_9",0.8048794400313699
"3204_2",0.35436817114177094
"6539_9",0.61046625911625
"7944_1",0.22174131060921345
"8632_8",0.547485684509113
"2787_10",0.7260465760446705
"11497_1",0.3309331807420924
"8577_9",0.8063657458454082
"2717_8",0.6256642711258801
"3251_8",0.7114413105982831
"11714_7",0.6191724884503998
"3868_7",0.7084049206426459
"7394_1",0.3154616373774798
"481_7",0.6385687532901617
"5237_2",0.20125616454160297
"11148_9",0.6081147158442296
"11946_7",0.576060531286588
"7301_1",0.29043710913391996
"384_9",0.5713717073803447
"8535_2",0.20440636741634313
"8067_8",0.6677287676255912
"8452_2",0.26678052916074535
"7361_1",0.21847001533656918
"4017_3",0.44177216284242254
"6304_9",0.7168130403815094
"7326_10",0.9230749976378988
"399_1",0.2524002851771253
"9003_1",0.2663298003366893
"11314_8",0.4759613653923441
"4909_10",0.4871747321105915
"10463_10",0.7627862838070674
"7355_2",0.38170720169808403
"3553_2",0.4767095197251627
"4404_10",0.6186633624487228
"9304_1",0.36474828466996867
"7903_1",0.1549286195074045
"4429_3",0.3931480652851629
"6287_7",0.5777758420554528
"10461_1",0.12887728749807448
"668_10",0.4521460851899628
"7560_10",0.6949715405842195
"2785_1",0.12181079898282005
"2801_10",0.7468988379285154
"4318_9",0.642768962573581
"244_9",0.7554954609033282
"12435_2",0.2768667437860367
"2788_9",0.6840732821677441
"2537_7",0.5060342360141659
"928_1",0.20321436403931797
"3312_7",0.7811736320492215
"12147_10",0.854180708831062
"5414_9",0.691166543773222
"9871_1",0.4014730439575855
"1308_8",0.7196383774557048
"7668_1",0.10034563992514679
"5571_10",0.7190852027428427
"2052_10",0.8002365160829495
"7089_9",0.6271939481813542
"6411_2",0.21555198297609818
"8514_1",0.3094243958281445
"5921_10",0.6668294096432622
"3264_1",0.15599681896293224
"319_1",0.48278096865364295
"3433_10",0.6549646523748889
"1610_8",0.7921427017345919
"8002_3",0.359269809058215
"8099_9",0.5215680118633708
"5418_1",0.2368734266641479
"6247_3",0.3580715622552643
"5153_8",0.6100296064138833
"12201_1",0.23330163465095688
"8900_1",0.21009435301086654
"10908_2",0.4974656223908783
"598_1",0.21223366725277576
"10590_9",0.4986941091466376
"6706_10",0.7217514562875936
"12299_9",0.6063976328644736
"2159_7",0.5261106658646355
"186_1",0.18052631115521486
"3008_8",0.6737803797758907
"831_7",0.7366134197558539
"2717_3",0.32900859361420287
"5174_10",0.6902286334572053
"3088_3",0.3613934596984137
"6262_8",0.7303705161177295
"12303_1",0.23653740133573356
"9904_8",0.7421877350150082
"10097_10",0.7492864011091319
"6242_8",0.6478674558916062
"9653_10",0.8114807209682705
"12499_1",0.2707240334720654
"894_1",0.5881234721807583
"8935_7",0.715115960773848
"3184_2",0.31306663213156666
"2226_4",0.40323220462665477
"592_10",0.8529718842720477
"2173_8",0.8387393957964855
"10967_2",0.11676548534373897
"3332_3",0.4628022752642911
"1074_2",0.32529911853747173
"2396_4",0.3001200309179218
"2627_4",0.5509868894252373
"5982_9",0.7346547170845378
"1386_1",0.38666639337756287
"7325_4",0.5083228194742582
"112_2",0.313310651047545
"8856_10",0.713538249773764
"1948_1",0.20891172841743616
"5791_4",0.2957402862068536
"1007_9",0.5626523848104712
"3758_3",0.26090246559067437
"6455_2",0.19085834247524108
"6464_9",0.8602672969738524
"5403_10",0.7836491284321816
"7076_10",0.7187449547750396
"6123_3",0.2670933215970436
"2832_7",0.6937435740589215
"9287_10",0.79961349760622
"3665_10",0.8011604124838712
"4488_4",0.5561016955756445
"5861_1",0.26205990954382014
"2222_10",0.7778041124272018
"9608_1",0.4047393070803533
"6225_4",0.4116778808083037
"5643_3",0.24573062057979092
"8720_7",0.5165421873447094
"4955_7",0.7423326508440041
"6839_1",0.27309807506106987
"7396_1",0.21834250993276405
"6234_8",0.528842440697932
"10423_1",0.4381904970878258
"2158_1",0.20688802987950877
"6929_8",0.6803710891997511
"7593_3",0.45385630594530074
"636_1",0.2560814876180276
"2747_7",0.6422281866100278
"7398_10",0.7192511705909018
"6852_4",0.45956718661049156
"9938_3",0.2673585349779923
"3989_3",0.38026763582689965
"1104_9",0.5307218114497914
"5897_3",0.19265407330411954
"5254_3",0.21803928227862596
"4824_1",0.5448551722511044
"10945_8",0.6262631974537135
"11486_8",0.8058870233363136
"2542_1",0.24067667280095015
"1824_10",0.8094748005185407
"10181_2",0.211695087270619
"2492_9",0.6664679596668868
"8111_1",0.30527664218886996
"5844_9",0.7667349176971732
"1369_7",0.300993077628957
"10775_4",0.4711124748556331
"9617_9",0.7180951569277206
"4709_1",0.13250513273932438
"7043_2",0.5053938614719684
"5166_10",0.7232366249259375
"1604_8",0.7521299631904353
"8576_8",0.5169694405068381
"1916_7",0.5795971242701624
"10286_10",0.49329128190559407
"10241_1",0.23299727746406887
"12441_9",0.6588145584577644
"4529_1",0.19238154065857768
"1553_3",0.4605805267206715
"3985_4",0.5521262535879667
"5542_8",0.7188691679201298
"10857_9",0.7544381712592102
"7600_1",0.3489172771634723
"12095_9",0.6195390280431611
"3134_10",0.8111012314563069
"9472_3",0.4238627181005041
"1058_10",0.8016441731766546
"7328_9",0.752177900640809
"3865_3",0.3280300572655981
"7409_3",0.31685680694328644
"4795_1",0.14276441611566112
"11596_10",0.5590877333916368
"3758_8",0.6579134549442945
"5099_4",0.4074895298856219
"7707_10",0.6763098759903416
"1412_3",0.38898346364962433
"4720_10",0.8050842764445284
"978_7",0.5877979880475105
"6165_8",0.6498359989934406
"1307_1",0.13402088035708326
"2322_7",0.47796818843121236
"5328_10",0.6234315294093699
"11934_8",0.7001531637309896
"1940_3",0.43123868309295577
"6270_10",0.37752493048497215
"5262_8",0.7414260359869742
"4068_9",0.8453973933532128
"1208_3",0.42594495159802737
"10220_3",0.2915811944396895
"5091_1",0.2318176010585948
"2738_1",0.2836264661763443
"8909_3",0.2507842321453202
"932_2",0.41356831180532255
"863_10",0.5758666072172783
"454_1",0.2604938179107618
"10525_4",0.25676050507633136
"175_4",0.45515035999089665
"4551_1",0.3539887092608652
"5666_1",0.21639024033461968
"4324_10",0.7257973376395779
"8189_1",0.375407019062344
"12064_10",0.495818555988788
"8622_10",0.6642026137081464
"1115_9",0.4899004740712857
"9593_1",0.23691159748959834
"5579_10",0.635896023663047
"3467_1",0.3241697452899617
"11409_1",0.23740505548835847
"8682_1",0.2653330243424801
"7866_1",0.17491911385771566
"6111_8",0.573915011282864
"524_9",0.7141175939361164
"9837_7",0.5947359111977556
"2215_1",0.2990861963512756
"6840_10",0.5947957431686375
"7384_8",0.8273205570712151
"6353_7",0.5367244068690803
"8650_3",0.30740322346262144
"1890_10",0.5870499394214741
"10402_8",0.6576647752720435
"3770_4",0.3415106243928517
"3086_1",0.1349615625476427
"1487_3",0.43899489435534006
"2995_10",0.7171991303451183
"2356_7",0.42267953536333674
"5320_10",0.7426205044485431
"3235_1",0.2999861346059631
"6802_1",0.2803020192533568
"11329_9",0.5895066062005957
"1143_8",0.6712221629015888
"5768_3",0.37987310068161756
"8004_1",0.24291114971311983
"5453_3",0.5538411843519995
"11288_10",0.34476658730261117
"3278_10",0.8629520482223811
"11856_7",0.6726495093883579
"12057_10",0.6971569085020758
"1825_4",0.22538448532293204
"3319_10",0.6472356305815351
"5956_7",0.7074675617654901
"4875_10",0.6256189249290697
"562_1",0.36691765399389925
"11359_8",0.6285491462791322
"12454_10",0.6002877038662872
"10621_2",0.3504682000751273
"10407_2",0.4031510270175292
"3532_2",0.30198973954788233
"10162_4",0.4297724434129684
"7084_4",0.528007325220207
"167_10",0.638443919225436
"3362_1",0.3375485113184751
"6370_10",0.7814964517960675
"2281_3",0.45871566980127143
"10454_1",0.3468178991157119
"12387_8",0.5683365334435755
"8375_8",0.6388920900388961
"9656_3",0.3273769244500868
"9387_1",0.3445581010851984
"4907_1",0.23097101824955116
"4697_9",0.5902395164934849
"4217_1",0.1999911334409924
"8860_10",0.5419054571999469
"7312_3",0.30887314341561606
"9326_10",0.7898317989515697
"3785_8",0.4927724312979364
"2255_1",0.2938019729107289
"9950_3",0.21199328016680846
"558_2",0.06069095722208704
"413_8",0.6119368738946258
"7837_9",0.706867472638217
"9192_1",0.29572456969560806
"7_1",0.2952208018840993
"9674_1",0.22692174952461946
"9771_4",0.1970566620538923
"3331_10",0.5272966083765874
"11444_8",0.39230224688858367
"3009_7",0.6562333672528529
"5584_1",0.2815026594160665
"12044_10",0.7435098959196599
"5952_9",0.6507096355009725
"4989_2",0.23447952624937762
"5722_3",0.13140225173154219
"6207_4",0.2762384004993119
"7646_1",0.15371105475907432
"1811_3",0.28702579182882654
"1197_3",0.3818639834765453
"709_9",0.7980032594612659
"8554_9",0.7553685658100436
"1706_9",0.5531947191452902
"10060_10",0.8157588889882735
"6818_1",0.34787042676973334
"7255_9",0.6357038534934054
"3790_7",0.6080353688986329
"7833_9",0.4664410969104509
"7448_4",0.3705759611482514
"3456_1",0.5361305031096426
"3881_3",0.17637975813992524
"11049_1",0.2646923649464982
"1269_1",0.3799774839510716
"7803_10",0.7127062617404447
"1413_9",0.5173407552024798
"1289_8",0.7753515476757588
"3967_9",0.6188579838271647
"7533_10",0.7426245204303511
"5372_8",0.6336279300839188
"1518_1",0.31695342893261963
"10752_3",0.456432640018864
"4863_3",0.2596881339454414
"699_1",0.09069282209821375
"11537_3",0.27762711789240646
"9241_7",0.5204878593917713
"876_3",0.4744725550999075
"11234_4",0.44059686187300695
"5942_4",0.6397495233486616
"1778_10",0.4963373076525011
"2631_9",0.5589839753776188
"7425_9",0.7945690278757499
"3410_10",0.7088035536346395
"9155_10",0.5268013516257425
"4396_10",0.8111803510490755
"8894_7",0.516799080109484
"6034_10",0.6574936183040145
"12105_1",0.3120804703607229
"11645_7",0.6090494111095425
"1821_4",0.5003575155009954
"9028_7",0.5862442950214904
"4670_7",0.6064093783591789
"4720_3",0.246741616859003
"10001_1",0.20512051060772135
"8363_2",0.27194216736904064
"5681_9",0.6779646039298244
"8165_10",0.7074493987466214
"11961_2",0.17140152941236667
"406_1",0.26177053197577754
"8313_1",0.20160502752423556
"11945_7",0.544587731848072
"9454_9",0.5714904743695393
"9523_10",0.7450735185867514
"10516_10",0.6614525542351547
"6036_3",0.42298177213340676
"5046_1",0.18487775606998294
"9019_9",0.611717819679007
"5471_10",0.7866766416659213
"11862_7",0.4467748403530511
"651_1",0.44208356961367223
"3131_9",0.8081159380103913
"9912_1",0.10887899747308069
"6231_2",0.41512773862909935
"5523_2",0.7167690081820226
"1817_1",0.3648390020609387
"8880_7",0.7456972507875442
"6080_4",0.3737253993436142
"9940_1",0.6375219535621748
"3409_4",0.46197157646467557
"3713_4",0.4342862151991204
"3447_3",0.3596507939847936
"3460_8",0.8266403877768953
"9397_10",0.6324765020906233
"5528_8",0.5501921585173064
"7658_10",0.6927925213401545
"5893_10",0.6272858936050181
"1646_1",0.2368412309424102
"9620_7",0.5790008243736323
"66_3",0.4530777678083592
"1691_10",0.7663905614549349
"4311_7",0.4925046530371096
"12091_1",0.2570782812084466
"5391_1",0.15404910293799595
"576_4",0.3100125622459678
"4734_9",0.5517565271384023
"6008_10",0.7498659545685341
"8527_7",0.6756149613828492
"6048_10",0.6467941232692938
"5102_10",0.7667637909423337
"6794_10",0.637095088147284
"3473_3",0.36339193644728973
"2025_9",0.654163337220006
"9728_2",0.3055559710528267
"10704_10",0.6779817944835698
"9094_4",0.6208565322317012
"7838_9",0.6916807100333313
"5779_1",0.3110439804647561
"5342_4",0.40707707236455076
"9291_10",0.668408292139358
"7028_2",0.2853199443101898
"1331_9",0.5229230516818499
"9913_8",0.6583885098229842
"10250_10",0.7373466822211248
"9227_8",0.6363139524163384
"6278_4",0.49389594335768067
"2302_1",0.33369666567781214
"7000_2",0.2996843301111365
"416_2",0.41968090662332896
"6846_1",0.4734055322597804
"3253_9",0.7367520324723821
"1712_1",0.3302948183850152
"9720_10",0.7589368061106966
"769_9",0.7633138593458849
"6635_10",0.6201090647275062
"1421_10",0.553665912479329
"6803_1",0.5262435245484482
"4290_4",0.4872327329187838
"2465_7",0.5770742493117456
"70_8",0.8046478701633205
"5176_10",0.7233342135036167
"305_2",0.21989632175161153
"11094_3",0.2008683481885921
"1109_10",0.7602350980290026
"95_3",0.5552244249318496
"2378_10",0.7277357715270112
"3270_3",0.26192623281562505
"6999_4",0.5765383267631113
"7594_8",0.48742931025810377
"9549_10",0.5241644450072507
"8263_4",0.4920038290681178
"10379_9",0.7726447808115473
"11187_1",0.5029349946075957
"2278_3",0.37942304537945093
"11180_4",0.42337011164613203
"745_10",0.657339785936405
"9794_4",0.38181394858085904
"6565_1",0.2440051675172958
"9608_8",0.7054768726521579
"12222_1",0.3613748342777225
"9330_9",0.6348989954631105
"3611_9",0.747627495315813
"1775_4",0.4453699273394774
"3635_1",0.3347190793652265
"3893_1",0.2210440289606488
"2802_1",0.23265213609096436
"2481_10",0.6680461490807137
"1540_3",0.2944499602181445
"2205_4",0.31688177749618984
"10970_7",0.7174062594169826
"8287_2",0.35835413886750817
"484_1",0.2355479948185512
"249_2",0.38240110092565194
"12073_10",0.817714965486424
"1443_7",0.5581971976775063
"4985_7",0.6939639252915197
"12247_1",0.47728672281500895
"3170_3",0.17419292507687084
"2900_10",0.6923195610247591
"1930_9",0.6174590651833051
"12309_10",0.7882314511217943
"10720_8",0.7064485018076323
"5260_4",0.3900063153945665
"5212_8",0.5961984572941791
"3872_10",0.5763969046103692
"9705_1",0.2662293726785076
"10367_8",0.7610198915546175
"10063_10",0.7628626888275964
"9682_1",0.33122036727819204
"7356_8",0.5894459067939349
"6045_7",0.6732284331822093
"3181_10",0.6931735258146352
"7212_9",0.37589462934964946
"8801_9",0.6550582052686773
"2910_3",0.5221461205905158
"5031_7",0.7968287695933095
"1416_1",0.24559912186749455
"8903_10",0.7873082895226707
"10620_4",0.462369081617101
"8957_1",0.1977249339428536
"3374_1",0.222153084538446
"9196_1",0.3239704165792526
"5167_10",0.6987487750707776
"10900_1",0.3831996882019417
"5405_2",0.30685068291855816
"1546_1",0.4504332649414967
"12331_4",0.33912423473363523
"4733_9",0.6941656537593712
"6682_10",0.7378232958300832
"1356_8",0.6271911643064874
"2301_2",0.3138815060216716
"11565_7",0.4964130885695735
"8731_7",0.5194325636138184
"1638_10",0.8033602207475127
"7280_3",0.35814185565823237
"51_4",0.36924723616424776
"355_4",0.5224907863926102
"485_10",0.6933017817208256
"554_4",0.36880766102455503
"8059_3",0.25007837665700106
"3645_4",0.4505237598138254
"7332_7",0.6280147899007019
"10877_2",0.2265323768669209
"10837_1",0.15549497064105172
"6273_10",0.5198638662185527
"11773_2",0.3314881726789105
"744_1",0.40594467869814854
"9762_8",0.7435340741680428
"831_4",0.2710130238873238
"4450_3",0.1237320369441294
"5338_4",0.22082899725523283
"6741_2",0.32221219847991955
"5962_9",0.55259670613575
"10363_3",0.3138181828033736
"9063_10",0.738199299010884
"2739_1",0.3555577967219639
"5920_2",0.17458848441849378
"5200_9",0.6684481391240615
"6498_10",0.7558450992217584
"591_1",0.16639678549848586
"8010_9",0.7631124030534171
"369_8",0.7297503767987079
"9971_9",0.7150425390215176
"11735_8",0.6734138248127395
"11278_10",0.5338100951138368
"1464_9",0.6602486570862655
"3787_8",0.6291257372846918
"10097_2",0.33171124171283556
"3728_8",0.8660298252616193
"9996_2",0.3426745458229051
"8676_10",0.5107603768260516
"9718_4",0.2567755865436644
"9280_7",0.5983921197461638
"8343_4",0.4431616868499037
"3505_1",0.2819078456191666
"8863_10",0.7541881694333149
"5682_10",0.4339029929880903
"4704_2",0.4542799377478239
"11106_7",0.482975162429886
"10541_2",0.39917437305821235
"6601_9",0.7148092692728906
"11387_10",0.798289282541446
"8864_10",0.5932148956908495
"7139_4",0.39162628145569794
"10068_8",0.8161530791469835
"2572_1",0.30976032362604783
"3819_10",0.6993358351518073
"11954_1",0.22674589180907823
"2525_4",0.4145818980992276
"12440_7",0.5908420075798928
"1489_10",0.5816180783580979
"12422_7",0.47000715749694344
"5463_10",0.40957727112612996
"5684_1",0.10292753112629809
"30_9",0.7673882461911338
"1255_8",0.7872754416834777
"3993_4",0.3486848549444015
"10386_7",0.4728408601129332
"10111_10",0.7038544506802475
"2915_9",0.5750181566969578
"4621_1",0.27080864025393725
"3671_9",0.7165200817303613
"1069_4",0.46320336787676897
"2060_10",0.494845373969881
"3788_2",0.46587231501354526
"3_7",0.47908497072900713
"7722_1",0.34113758249833626
"9601_1",0.3460855236757791
"3294_3",0.4646789122793898
"4361_1",0.07609608724279647
"6626_7",0.5974751956765311
"5799_10",0.6497174250245431
"332_10",0.9074972349885277
"4320_4",0.2956229077572842
"4545_9",0.6863251635845412
"6029_1",0.25242799725443676
"6329_1",0.4227080494740979
"5586_1",0.22500990418573097
"9401_1",0.3392520439837539
"7087_10",0.538474079804201
"5200_1",0.3521606573574058
"9707_7",0.5144334844470275
"5006_10",0.5838830867988298
"4702_4",0.5186582771710024
"11207_10",0.5788481964987234
"3593_1",0.4824781310688908
"3050_3",0.3524341187412941
"6036_7",0.5615633813875522
"2221_2",0.22064481285740123
"6895_1",0.3883664562089217
"5678_10",0.6698793112711176
"8395_10",0.7904170470815425
"8193_1",0.24815073799141613
"11689_4",0.2708324942645679
"10207_10",0.592612437253469
"5028_4",0.2616725397085394
"26_3",0.6138985670399434
"11774_10",0.7360683734464493
"59_3",0.3211193854631886
"7339_4",0.4140826006403611
"2141_7",0.6866309947957931
"10647_10",0.7742314865610983
"7703_8",0.38656538088435505
"5904_10",0.6510408605879674
"11952_7",0.6017690264001703
"6355_1",0.34573506142838195
"7465_1",0.28458153527307434
"1244_9",0.8004575553398946
"5129_9",0.6945470585525608
"4015_10",0.7444994091558469
"435_1",0.21554568412188596
"8974_3",0.496111075424106
"2294_2",0.26045594192497395
"5028_8",0.534129129191542
"3850_1",0.14602154169969772
"3162_10",0.6515007022472226
"7690_10",0.647734269028019
"10957_1",0.22607784534991063
"8809_10",0.5563217572703285
"8509_2",0.6084373386210971
"2314_1",0.22124634024738374
"2587_9",0.6414092345236369
"6823_8",0.6826680279932196
"9761_2",0.3444131999065022
"2699_4",0.4970095580802033
"10291_3",0.24653670644403594
"3015_7",0.6434592577976309
"10059_10",0.5727588005963902
"8018_1",0.43323824222598745
"9487_1",0.470397611724168
"12074_4",0.3974054082695651
"2051_1",0.19947059266605977
"3997_1",0.1908607548604453
"9323_2",0.4940455655782703
"10231_9",0.8527563141906124
"10129_2",0.14222543759193665
"1491_10",0.7249208391021843
"5601_10",0.4996255813663674
"6980_9",0.662222523588981
"8952_1",0.30931693897895024
"12021_1",0.1854664357921133
"11719_1",0.13531047472353389
"4620_8",0.5753733678389129
"9819_4",0.6542093332685476
"1682_2",0.6373569299535002
"5635_4",0.32055041224276554
"4634_10",0.7395384545156678
"8725_8",0.7564038180761352
"9919_9",0.6391202875859747
"5839_9",0.47487123879171067
"10643_1",0.4120646253532648
"4447_9",0.5180390173741972
"7614_7",0.7058794414479926
"441_4",0.6035778754178229
"1713_1",0.14948986083561197
"507_7",0.6818240748324863
"6592_1",0.3181963307548245
"6378_9",0.6946690523283523
"10206_4",0.5324312451236978
"11627_8",0.5582448692509815
"11991_4",0.5429944259440296
"5759_3",0.20859355863857856
"2655_3",0.30089280461700857
"8628_7",0.7891148507979683
"12364_2",0.2595504066855337
"11107_7",0.5582379426825169
"3166_2",0.4617541738590974
"4168_1",0.25754477672634196
"10876_7",0.49670469721505794
"5609_10",0.5332645632432872
"600_8",0.5580149369018776
"7243_2",0.2307954094309283
"7300_9",0.5204342745301245
"9144_10",0.4785475116345828
"4539_3",0.41388234608053465
"8007_10",0.7547174249312465
"8486_1",0.29107157776093756
"6213_2",0.4418060620645967
"4742_10",0.5329394331927914
"1421_1",0.34049780587046047
"4061_9",0.5006050365588989
"10451_7",0.7064309624880476
"1062_8",0.566414189313087
"12281_1",0.23403047796046939
"5994_3",0.28101180411269977
"10055_10",0.5914834296541124
"2602_1",0.587344328591024
"11107_4",0.37759895150632955
"4007_3",0.36615287899300264
"10444_9",0.8440252186497551
"1635_7",0.4811236999740797
"12049_8",0.8856149816231235
"3988_3",0.4324310187174221
"12414_8",0.6063260746936657
"7074_1",0.1959997976094871
"11854_7",0.6547097066411092
"2445_8",0.7692743874917348
"2187_9",0.7366505634715809
"11675_10",0.5573161653804625
"5648_1",0.20693400124835007
"1614_4",0.39561966484500816
"9395_2",0.36645529282959505
"5372_1",0.3620356762881362
"12082_10",0.7571469193738887
"12029_10",0.586553359493915
"983_4",0.5233563198965306
"11356_3",0.19999955506748734
"4254_10",0.5354158801117633
"6017_4",0.3010988389523072
"2330_10",0.38585867627473003
"1089_1",0.27718262513774183
"8017_3",0.2883406991871438
"5248_1",0.5959684495916394
"9041_8",0.6446124490437022
"3855_1",0.29565165327899345
"10976_1",0.2717894221927062
"7926_4",0.4183119173346081
"7758_4",0.3751286115007829
"8081_7",0.7282290093893861
"9267_4",0.5886100320483175
"6381_9",0.6826332847881921
"6172_4",0.2578425008612147
"12411_8",0.7125253196406861
"5216_10",0.6408639021104285
"10999_8",0.576567122155686
"2460_1",0.3017100539503279
"7815_7",0.7612616706314488
"8586_7",0.6477504563712284
"21_1",0.22244590466513062
"2467_1",0.13045538770595919
"7979_8",0.664401641201482
"3744_7",0.6490623705428114
"7205_1",0.139470842152425
"6862_7",0.6613583104070356
"12031_10",0.7363134642798796
"12458_1",0.19123136585977507
"10410_1",0.29888831091314505
"2624_10",0.8443476150738409
"12083_1",0.33148104130249967
"47_2",0.3713483269508279
"676_7",0.6968240685418771
"5425_10",0.710839771573041
"1899_2",0.3644091087550342
"9666_1",0.15672799486114194
"3151_10",0.7636160246443691
"1745_8",0.7169080332604751
"7646_8",0.5528470089782479
"10011_9",0.7334060160448844
"10061_10",0.7635332501831965
"6792_9",0.8924049527076873
"5150_3",0.26292411397408744
"593_10",0.6575826855316144
"6170_4",0.853919914286406
"2029_2",0.21568726750341397
"3026_4",0.2771003532141174
"1086_10",0.6922042144822321
"1594_8",0.7351493293399928
"227_1",0.3358847571942638
"5932_7",0.5584719390978469
"2681_1",0.4406416793905949
"4270_10",0.6841829456501319
"10065_1",0.3951610851408595
"6640_9",0.6424215980374074
"1160_10",0.7106597572257313
"3078_1",0.41450949830696315
"1546_7",0.7107830427760904
"12315_1",0.13618066113479388
"8699_1",0.3227855833822332
"11438_4",0.2720595595509416
"2034_7",0.5430969005972845
"7899_1",0.2736968268493339
"1006_3",0.2724729774847059
"3732_7",0.5567479629703329
"11094_7",0.5130449416758005
"1477_4",0.5772630397198161
"8912_10",0.6335833138328789
"8140_4",0.402304245005491
"7542_9",0.6718853546748073
"2556_1",0.5519154013037926
"10075_10",0.8141782369216265
"12212_2",0.38893352265248127
"218_10",0.6866290598957872
"8385_1",0.3131146051905494
"5716_2",0.2884716949418218
"11655_10",0.7596994512401702
"6235_1",0.2914748416921754
"2823_10",0.6009447768513015
"7094_2",0.4788990734272656
"465_10",0.7748338757349894
"4968_4",0.24132059091535266
"222_10",0.695327585824815
"464_4",0.35165674108724004
"2593_10",0.5342646212181796
"11946_3",0.3810179068117371
"6083_1",0.22296446593444955
"8158_3",0.37229412960691277
"2646_3",0.5774130913298503
"8282_4",0.29490048379970896
"12482_2",0.13780265357729865
"1020_7",0.46704182321751664
"7554_10",0.7203540125199798
"4492_2",0.158475247972849
"4468_4",0.3673304808679265
"7365_8",0.68564958832453
"9777_9",0.6894828908634747
"9505_3",0.39368306652356005
"10546_1",0.3373873106167362
"2179_7",0.5271900107596534
"9325_9",0.5726106517146474
"9042_10",0.667332015645323
"7631_2",0.22368935250086658
"1583_2",0.3509730278271762
"10449_2",0.24580052467640068
"8021_9",0.6305861048536652
"9282_9",0.7595999762510068
"5261_9",0.567032311520695
"9127_8",0.7736254769138672
"6408_2",0.16868398145128374
"7306_1",0.27525724502235777
"2955_4",0.372810744311286
"6401_10",0.7769796522344768
"278_10",0.7538199436582548
"1954_8",0.5765873162200397
"2592_8",0.6262037965764912
"2040_10",0.6854118957267824
"4779_10",0.7539627681759451
"7274_8",0.7580907147278183
"8094_2",0.3605678335475866
"9359_9",0.7463155473525945
"10732_10",0.6849216424151587
"7824_7",0.5938947897834608
"493_7",0.7020165897295638
"2458_2",0.32105939662581384
"67_3",0.24853310210200252
"1495_1",0.36016569601589693
"2984_1",0.38865936918433286
"9979_4",0.510703673516973
"2790_1",0.32135153436585356
"8948_1",0.4449922938036306
"4249_1",0.46999274008451425
"5994_10",0.7919573600105113
"5119_2",0.2841663831949482
"6539_2",0.2460724994558615
"12006_2",0.36281949337262726
"555_4",0.43397063455694757
"9508_9",0.8471268571342004
"2282_2",0.46122249640080165
"4119_7",0.7443047883132078
"1224_8",0.8042008251482197
"492_10",0.7815105671457377
"7062_9",0.7949358216150135
"6663_10",0.7615372233597604
"9410_8",0.6054888238176773
"6033_8",0.6953695321010692
"4704_9",0.734693920167764
"1347_3",0.16607158941237044
"6920_7",0.7753639430126427
"7736_1",0.4999982514568347
"2884_3",0.32857729053710527
"1870_2",0.2971564911306349
"4058_3",0.3291137448799939
"3089_8",0.6708406903968677
"932_9",0.699004747389937
"5666_10",0.7130741148988727
"5770_1",0.31506158840347825
"10982_10",0.6215843917042347
"5977_1",0.4388482579569126
"7678_2",0.538947763010067
"7788_10",0.7065177672846816
"6328_1",0.4181875326521501
"5806_10",0.7814997602150501
"595_1",0.26900889609574863
"8235_7",0.7031675751956817
"10822_2",0.10455362840453285
"12353_7",0.44894584110234137
"5381_1",0.4463507248775688
"504_8",0.5230623078255342
"4876_10",0.7220976062226848
"5244_10",0.765964288011645
"12010_8",0.5802906789240855
"7263_2",0.4789029635544467
"10315_10",0.8299663032366904
"9967_1",0.14118059696247642
"126_10",0.5762319090565459
"3861_1",0.1364785078434339
"10221_8",0.6839969703161696
"7844_3",0.6178934512244111
"10976_8",0.5022981747065182
"9372_8",0.7289487268121145
"5633_2",0.22185811189609597
"3833_4",0.1830242356426307
"5256_8",0.7395972056587903
"8840_1",0.4093727225014103
"2122_10",0.7366218162803906
"4607_4",0.375010014320914
"12025_9",0.5838602923657955
"10884_9",0.6838744503586606
"2473_10",0.2804562609771657
"12330_8",0.5329047743076598
"6997_3",0.3781096962054857
"4505_9",0.8304781396545754
"1302_8",0.7267738540591832
"4382_3",0.35148951080025553
"9645_8",0.5755208398798858
"4138_2",0.2644537129707333
"2419_1",0.26275135845786923
"3059_8",0.7091856704688339
"8239_9",0.8075714977177676
"105_3",0.5277556645542799
"1129_9",0.6959040189151261
"9065_10",0.689817409702634
"3249_1",0.18968616296002166
"4864_8",0.6311565337754353
"11748_8",0.731814282205354
"561_10",0.6926684984017106
"1261_1",0.5076584668418411
"10944_1",0.26090066980899923
"11503_1",0.37032181362482575
"8089_9",0.46665179691362946
"3224_10",0.7008999528637118
"4550_3",0.4797461335686967
"8097_7",0.6720990565068763
"11042_1",0.3126788347363676
"4590_3",0.45425024625181537
"10838_8",0.5979545665549038
"5500_3",0.3738911069978129
"6779_10",0.731599117057967
"7489_2",0.19940967283132763
"4145_8",0.6646835275277927
"2477_2",0.5278508686463886
"11428_7",0.47797801524254585
"5178_8",0.5912216886546813
"1604_1",0.23254185506646216
"2269_7",0.7196142612598743
"683_2",0.2938256714239914
"12373_10",0.7672692405518267
"12362_10",0.8202404125843656
"1486_9",0.5422882783999389
"4922_1",0.10645220098297037
"5689_8",0.5520266097732879
"11287_9",0.5719985470263865
"4578_4",0.3696858621073839
"361_1",0.1983455255480151
"6750_4",0.5916162901419252
"10004_9",0.7752054889719276
"3649_9",0.47316375062328403
"12485_8",0.6865318389522054
"4867_10",0.6919500652004766
"10463_2",0.31745024020291873
"8449_9",0.7529344421417418
"10573_10",0.790134903322793
"12488_3",0.42650496456390713
"1649_2",0.3922239061367383
"12064_1",0.36662823602328676
"4892_10",0.7935927599806172
"8877_3",0.36481518174436933
"11816_9",0.7592860758678964
"10235_10",0.5852645149156321
"8204_7",0.5189036612267773
"8608_10",0.6783018903458093
"475_10",0.7262648039588546
"10150_8",0.8220981943123887
"4661_10",0.4807326469001635
"434_8",0.7390341559807195
"10121_10",0.8177778461009438
"438_9",0.6534479213895105
"2866_1",0.3887403985185039
"10667_2",0.4776851806261579
"9575_8",0.7645110926526734
"910_10",0.8768249028595372
"1631_7",0.7125812536136517
"10585_3",0.4049498982033371
"1060_8",0.5900824728658264
"8817_1",0.23597450182870597
"10511_10",0.6765218893255913
"11854_2",0.3636936528163356
"4429_7",0.6573999853220834
"7462_4",0.2798621281403093
"7668_10",0.7600511040105207
"6258_8",0.604229809458887
"12481_1",0.4330893909892384
"3948_7",0.8034116104770266
"624_10",0.6485636786389902
"6418_8",0.7593108589348155
"4211_7",0.6928800469607151
"10606_1",0.16219560111344472
"3052_1",0.12812710594770532
"12091_8",0.7576711209981889
"5559_10",0.6053854551848689
"6462_8",0.8066226339843755
"6215_1",0.37928031996104306
"10996_1",0.2799780180321242
"1139_10",0.47855836763840365
"11400_8",0.5502352687790131
"10075_3",0.2412655784663004
"9034_4",0.37469420518945906
"8963_7",0.5836046655214054
"622_10",0.7572087969173423
"4570_3",0.4480662743208541
"12242_2",0.1916440321775886
"10595_1",0.37171417554306385
"5524_1",0.2412442695166841
"10074_3",0.5231588387594085
"10761_4",0.396742623041778
"5215_1",0.2462422390722095
"7480_8",0.4482320073487681
"3940_4",0.43890821802458796
"375_10",0.6500382672501033
"11998_3",0.23494295133189083
"11759_10",0.7812366493048684
"12180_7",0.548227305002404
"9000_2",0.46246384356922093
"4251_3",0.33874454266352694
"7944_10",0.6811347947258386
"12444_1",0.2409151536614706
"7400_1",0.38592454616270605
"4122_8",0.7395467278312365
"8849_10",0.8065724783394531
"5656_4",0.3579800018727836
"4091_7",0.6622632937307183
"8699_10",0.5538909222931523
"8750_9",0.5434523152409395
"3813_10",0.5435436710480207
"1836_4",0.42162750373677094
"1644_9",0.7196462193332341
"5764_10",0.6939205742413674
"1328_1",0.5029138071922988
"2332_2",0.536924561254161
"1851_1",0.21811245792420614
"9281_2",0.25180243757765947
"9870_1",0.4363668845091918
"3201_1",0.2516723227043379
"9589_10",0.4726500532790532
"3137_1",0.25755076694959544
"10655_10",0.5594773054577921
"10722_1",0.49779448709596474
"10338_9",0.5959767566987765
"2561_4",0.5407397661834799
"8646_8",0.7080111690554076
"10077_7",0.7488868693723798
"2091_10",0.762365934745846
"12110_7",0.530180382138422
"8961_4",0.4222298246470894
"10497_1",0.23317166573655268
"3909_3",0.45835166761097373
"2535_3",0.4108779976280344
"8969_3",0.4231144052046421
"160_10",0.6911949092997942
"10280_4",0.4341902079464371
"5117_1",0.4220277157380548
"2371_4",0.32551445478066593
"12014_10",0.5936547082323489
"8665_8",0.5985375920135099
"5386_3",0.12426648439388281
"1284_1",0.23153518873131654
"6541_7",0.6026492765091174
"6919_4",0.431482358459354
"7066_10",0.8330841704429597
"1189_3",0.3916166364356224
"247_8",0.7244063927658182
"4144_8",0.6846688515764751
"1788_10",0.6352111345571728
"3875_9",0.6163874613429766
"9484_2",0.4810941097341684
"6650_1",0.4416089247894032
"526_3",0.26876449871476354
"10810_8",0.47435519543988824
"3361_2",0.3897688851267413
"3721_1",0.3350915419462732
"8024_2",0.46836723682526493
"11882_10",0.3626070376716761
"6015_1",0.18022716588726068
"10950_8",0.649072721326955
"10595_10",0.7160337203350403
"6215_8",0.4645047555826346
"7506_1",0.21656133101065464
"9448_2",0.2943648155852749
"10267_4",0.5393495371548607
"1890_4",0.32601112823236716
"11388_1",0.22294136805960482
"4033_2",0.08059374759728928
"10188_1",0.4474256870046499
"3685_10",0.6475294396562509
"2329_10",0.5207481810010359
"2672_10",0.6445805802977133
"3356_10",0.7837224203209121
"7505_9",0.7327288286268945
"8789_7",0.6601430971461051
"4655_1",0.12094794431094809
"7490_7",0.649436487413312
"10703_9",0.5572147023296827
"2088_9",0.667208159081256
"5114_3",0.24720636854565134
"3317_8",0.3706750201093991
"2826_2",0.5036224971735014
"8346_8",0.43615218326528166
"2036_1",0.26092806626076326
"11081_2",0.2644028572525234
"5313_7",0.5967417649276474
"266_4",0.5289684077171432
"7378_7",0.5930732820828798
"7420_2",0.3597588649795286
"9637_8",0.6713446718678024
"8788_2",0.31685603990150607
"4953_2",0.33723771090911003
"8212_9",0.7148990496836515
"10437_9",0.852191827226592
"9397_1",0.22760340908036736
"4598_10",0.5660340287490966
"2772_10",0.6158432720510786
"83_10",0.7707413516917476
"6217_1",0.29068743277620857
"11725_10",0.6842950909037268
"4380_9",0.8388927662155179
"2974_1",0.21892615125080767
"12363_7",0.7947137171532729
"3246_1",0.2365534180791506
"6087_9",0.6808276225534162
"3419_9",0.6228721022125563
"6587_9",0.6356337370205589
"2450_1",0.19046495321790743
"2475_10",0.7340775838097581
"11551_7",0.6465008106740131
"7614_4",0.34960110085518037
"10136_10",0.6715750710426447
"5844_3",0.3158879696727913
"7473_1",0.2525567424178433
"6772_4",0.44366417982916795
"6253_1",0.37307071971738476
"4036_10",0.3719370260220864
"11948_10",0.7513173741675672
"11435_9",0.5379026558680243
"6106_9",0.7887339917862995
"12271_1",0.29277799969718954
"12030_3",0.4194038013953637
"11640_3",0.4253859416891696
"5589_10",0.5277288588528022
"6352_1",0.5203226997298095
"2523_4",0.5986637214664915
"8198_8",0.6253212183204522
"7283_4",0.37257337840181753
"4330_3",0.40665199053901324
"7882_3",0.4870692363868376
"9815_8",0.6714073302310064
"1714_1",0.18081787555747603
"3836_1",0.3270044612061043
"8618_7",0.5378969826038521
"1759_3",0.4349563146398878
"9317_2",0.36134310637425665
"6186_4",0.3328414633950152
"3779_1",0.19670636850515363
"10096_9",0.7777730834644337
"3277_7",0.5486561270863995
"6023_10",0.7786777097293374
"4863_7",0.6524751872366595
"11194_2",0.388756306529058
"11227_2",0.17500014366633174
"11983_1",0.4967034860398347
"337_9",0.7563408911394007
"11441_3",0.42320266201168216
"6668_1",0.3532760381130309
"4333_9",0.6047022776616378
"3773_8",0.7006501528506021
"5370_9",0.7410281462474942
"4959_10",0.4316297881566078
"9431_3",0.41289896122818504
"6834_3",0.2736104928690415
"9952_3",0.34299287859986166
"9810_1",0.355985108525098
"697_4",0.4453541861961306
"4528_3",0.15103135079298796
"5817_1",0.16245891732736173
"9052_7",0.5276160965944202
"11494_8",0.7099372089715562
"4516_1",0.15500196457606846
"2810_9",0.7918381917920857
"1105_10",0.628560371813142
"6873_2",0.27711215664514927
"8171_10",0.6920492106488276
"9568_10",0.7102933416747342
"879_10",0.6876033258540809
"8493_8",0.5461642372576483
"9437_10",0.5630722431105012
"3841_1",0.210759594574633
"3852_7",0.572236321074807
"7414_9",0.5113542858125072
"6048_1",0.16780631320315456
"2921_1",0.1787075079084518
"6752_1",0.22202134028951234
"7997_1",0.5167978689612117
"640_1",0.2099607045085815
"9576_3",0.3533563489671733
"4110_4",0.4926223837272424
"11407_7",0.6110280904064059
"410_10",0.8292675901165967
"11167_10",0.8337754395465587
"8383_10",0.6484500683929985
"392_7",0.7545837492535695
"1459_4",0.42383786714172833
"11929_10",0.5922072809102737
"12362_4",0.32971443426312125
"4046_2",0.13140582160912886
"2597_10",0.5587815340018547
"11246_4",0.31007162824100126
"8692_8",0.6209718635778213
"3986_9",0.5724506970473621
"391_1",0.3619750319502252
"2504_7",0.6265697002766222
"11644_10",0.8526709803193714
"1788_1",0.2971447358224916
"5286_1",0.17306732246895482
"3486_1",0.785953730435222
"4486_7",0.48144624028490685
"4614_3",0.5073477230500327
"11360_4",0.28398318054200156
"2315_10",0.7481064606329033
"3637_10",0.48612454747020956
"6479_3",0.5855601824544725
"10306_8",0.6957441664812245
"2225_1",0.31975127930750513
"9688_3",0.3451657804839746
"8999_2",0.21573195798415232
"6793_1",0.24430641721693622
"1785_8",0.6205838640700184
"3902_1",0.3195809989696911
"3805_1",0.15570685338396972
"6867_8",0.539807601689485
"761_2",0.3397335011057093
"9493_4",0.24145234218449577
"4805_4",0.6734682477476946
"583_8",0.7544824315121186
"9470_9",0.761233422185589
"9859_8",0.5625702388112749
"6633_8",0.5621765314518802
"518_10",0.5455728751376827
"10730_1",0.4909401357556989
"1855_4",0.3998797937158356
"5191_8",0.566878242216021
"9191_1",0.21646381671101866
"1113_3",0.39023669769099817
"2973_8",0.7578441075939611
"10712_1",0.16000290930741382
"7729_1",0.1453675720724458
"2730_1",0.2973785587767797
"10170_1",0.1008905933198303
"8238_10",0.6579298279432831
"9495_10",0.7781337863481065
"11652_1",0.3806771778468918
"4911_2",0.3593805116775473
"7514_1",0.18860707041438712
"8164_2",0.27152547856452025
"10389_7",0.5790458483030952
"7557_10",0.5251211382831226
"852_4",0.5078634779610134
"1584_1",0.295993352484609
"2387_2",0.3021422164976397
"6073_4",0.15233543042539335
"7047_10",0.7373958351424689
"6338_7",0.5824876027323113
"1741_4",0.35174544956971304
"3697_1",0.4575254838751676
"5444_2",0.25568959639505956
"10082_1",0.30016006641110404
"6135_4",0.5384526456351781
"9242_8",0.6235103563892006
"7864_8",0.7822770516177198
"3466_2",0.2979549403162441
"9852_9",0.7601132267437813
"12390_7",0.5720800602781256
"5189_9",0.6395903188050422
"6771_9",0.5642887366388779
"223_3",0.33293700300297274
"8322_4",0.3445398034452536
"4465_8",0.5058563956852503
"6597_2",0.4443284079806833
"3477_8",0.8448016950531377
"4736_8",0.6468118659733374
"4581_8",0.7367330607386335
"5898_3",0.4500039959792932
"12335_7",0.6663119664232525
"7321_7",0.6284344204647486
"128_4",0.3349715637763879
"9116_3",0.39245237860202953
"9152_8",0.6511462888565578
"3613_3",0.24447427863670965
"1095_8",0.7321262905664968
"225_10",0.6643368783008512
"12445_10",0.70245360931367
"596_1",0.29632592974496985
"6693_1",0.3828494988824243
"7535_4",0.44941629563913804
"3135_4",0.45352320981161026
"7435_2",0.26352084067609044
"758_3",0.1794331596529287
"11838_10",0.6856312451095563
"8539_2",0.349553673307541
"671_8",0.6822877763971493
"53_4",0.41766079182972043
"8718_10",0.7626180769765883
"10447_7",0.45331384921094187
"86_10",0.624200536130325
"7042_1",0.14933115831919833
"5821_3",0.19802103392038067
"4604_4",0.3485742936749736
"7906_2",0.1392947600596979
"11449_2",0.20931544570602917
"6505_8",0.7004789159871734
"8160_3",0.22923516842344324
"1054_9",0.6444533044243675
"6300_7",0.6715574526025258
"10058_8",0.6659994727494915
"3990_10",0.841834520340112
"9233_4",0.4078817426244654
"9314_2",0.3016477000147683
"4213_10",0.5389712473942169
"3407_10",0.6946995159476079
"1982_1",0.36784402234263863
"9686_1",0.3419142610802983
"11246_10",0.5679047291491613
"617_4",0.5174391316479842
"12182_1",0.17777934698183095
"5687_1",0.3716994398716342
"1559_2",0.2555640974655767
"3596_7",0.7602696126284145
"4991_10",0.6956388864696326
"3315_8",0.629013390270432
"1192_1",0.17819525640087167
"1454_8",0.739050311001546
"9836_3",0.6757140343868849
"8088_4",0.468778256873176
"1651_2",0.39868554456759236
"4641_10",0.691710719475477
"10624_1",0.3433730541117601
"2902_2",0.37897038340171224
"10435_7",0.55900664957632
"11623_2",0.4201274632688482
"1609_1",0.23813275684363613
"2623_1",0.15872730011455186
"4444_8",0.5241370821262207
"12412_3",0.482905108937616
"8496_1",0.32185901114339865
"4279_8",0.6938842359220825
"9053_10",0.5473696614813532
"11747_3",0.25840397579819685
"9754_4",0.4679266227955876
"1795_2",0.4725593206149267
"6017_10",0.7373594018280502
"8964_7",0.6907481466806046
"1118_7",0.6721761649949815
"11564_7",0.6379742848685762
"9897_1",0.21489999658539904
"7731_1",0.14274886049724061
"7391_2",0.2787530216760012
"6670_7",0.6415439480508082
"8347_1",0.17907336258455106
"5000_4",0.1972590282404988
"3513_1",0.2083616486514414
"9427_4",0.3185223098769546
"6840_1",0.34697624047960984
"9217_9",0.7786241032795178
"5545_8",0.7937222965611863
"9858_10",0.7880795411700198
"1909_2",0.2351127292737058
"8416_10",0.5224622726729846
"11079_3",0.2135998358986833
"4638_4",0.5900101651742689
"324_10",0.6726352408076086
"9126_10",0.7476941128040695
"9069_7",0.6280784032313026
"10555_10",0.6663684892711509
"9626_8",0.5771411765985373
"6629_10",0.6788489034796659
"8419_10",0.8640001807796492
"5437_8",0.2370308845640715
"2463_10",0.7737673442502074
"10540_1",0.27063742221212855
"10579_1",0.318733030911111
"11517_8",0.5748315601110316
"5306_10",0.6967449402844581
"4996_9",0.7368265907973357
"8251_7",0.6045041982942461
"7382_1",0.13999394336541626
"4284_9",0.6277280011576959
"772_10",0.6709064434261307
"5394_1",0.2067404911008869
"10576_9",0.6830117271911875
"635_8",0.5980896756383812
"9315_2",0.3983910183028606
"9642_4",0.45248415185947755
"7225_10",0.7469603286909767
"1806_3",0.4501746797593289
"4484_1",0.3117913781130607
"4912_10",0.5776547577369958
"4837_10",0.5309907341923145
"11025_10",0.5534829926846928
"1419_10",0.7160136251128532
"8789_4",0.1712276201726802
"1507_1",0.4613633251483788
"6478_1",0.29000884334608834
"7774_1",0.1865373688718978
"7805_10",0.5954177878687811
"11142_10",0.5711379539202397
"3832_10",0.7508363891759545
"1830_3",0.2121722889097101
"2676_4",0.422261662715765
"1595_1",0.20724095434398215
"8044_9",0.6550763065466423
"8476_1",0.18280182586152993
"5190_8",0.43130471081153227
"4941_2",0.3643603089738496
"10114_8",0.6769782190462922
"11931_3",0.5382424102860651
"11970_10",0.5449685032510729
"5572_1",0.26989188155992394
"32_3",0.4584356461554304
"10026_10",0.685585722854812
"10554_2",0.3693790154782702
"6440_7",0.7299657058112798
"7636_1",0.2629498116236133
"7973_9",0.8363927024737174
"2920_10",0.7402632018734774
"9531_1",0.3761760033504906
"568_4",0.3970069101414315
"6091_3",0.37103185263465616
"5700_9",0.48346417221123017
"4934_7",0.7893968082871239
"5988_10",0.8261207651317645
"5162_1",0.32419824095449296
"1043_4",0.18148555888417828
"11574_2",0.34312006989120397
"2592_1",0.24712048048710086
"4881_3",0.5427199463664585
"447_10",0.7206700068466417
"6922_8",0.7382789643565161
"9314_10",0.6514076560069267
"10693_10",0.6104518617656914
"257_9",0.7769260973020312
"2090_10",0.6993069735876544
"7826_1",0.14944834566754786
"7851_4",0.5942658801655095
"1606_1",0.3329709854044357
"4446_1",0.21635214253918011
"10655_2",0.3713864732672792
"11116_2",0.17815312372950654
"1631_1",0.36096665710117193
"11696_10",0.6429322874837553
"2114_3",0.317055366984806
"10728_8",0.6792789292669771
"8006_9",0.8349117403963505
"5963_10",0.6806286220508964
"2094_10",0.7713200495828839
"10113_1",0.22583027645799458
"2832_4",0.17429386780456096
"9600_1",0.14968922377351096
"7776_1",0.30568796185609354
"567_9",0.44046708697753784
"4700_10",0.45796457187544826
"1143_1",0.17893334848140233
"7853_1",0.25864307098143857
"11178_1",0.44265495766330853
"7770_3",0.2338433310419494
"11696_2",0.22522705531463444
"6077_9",0.6241336632906194
"5952_1",0.1425653976488561
"507_1",0.20933061490014326
"11888_3",0.48585711985080615
"7857_3",0.5470392545987416
"1381_7",0.4969975175458364
"5080_2",0.20983143610203442
"9831_10",0.6484016139917258
"7231_1",0.337071893865999
"6012_3",0.2276883891324376
"6843_4",0.46094748456348467
"7120_1",0.17134367258381236
"9248_1",0.3542808432557505
"5313_4",0.369775609956473
"8434_2",0.3736945155001525
"10224_2",0.193929877888455
"7303_10",0.6321933772526911
"1796_8",0.6928884432837464
"9302_4",0.44052280873304006
"2232_4",0.3049804679547603
"5333_3",0.2590358177009394
"1340_3",0.3188248350417915
"5472_2",0.2560323349787786
"1768_3",0.21060093948395697
"3140_1",0.4129130950361465
"6264_3",0.36161567441541714
"6699_8",0.49737262360738715
"2085_7",0.6334551269564997
"5319_4",0.45392430963794084
"7561_4",0.5627805902109742
"992_1",0.24167461819603595
"193_4",0.41054080437107043
"19_10",0.7101226101477526
"6225_8",0.6874146240490722
"933_10",0.7324069423278102
"11245_10",0.6330761814753383
"6152_3",0.45337871455544226
"10163_7",0.7449775653786789
"9382_4",0.5438314495135957
"4655_8",0.7415677510667893
"5195_10",0.5353719114678158
"8989_4",0.3155395246647309
"5309_10",0.7040951893471027
"2183_2",0.3657338047339109
"7597_10",0.6455631802219135
"1272_8",0.5932286015291913
"10107_9",0.6696246840894682
"3067_1",0.22128295382686608
"390_10",0.625538099942114
"5746_4",0.2222065330659846
"7145_4",0.4893242096092864
"1612_8",0.573237624355552
"7968_4",0.6095368631922055
"3793_9",0.6870324417186674
"2719_1",0.476159031886103
"1645_10",0.6706919320765755
"9934_2",0.3764103337756392
"9288_4",0.3069080537587783
"937_4",0.4601764773909517
"10385_1",0.25328596022902977
"3726_1",0.18293698311005824
"2700_10",0.6930831367391195
"11824_1",0.3611966634080127
"4133_10",0.6102959209073909
"9873_2",0.24072637568662167
"8769_1",0.19129483861578836
"11806_10",0.8773318274777997
"903_4",0.3408642374867277
"727_3",0.5013199680003092
"2426_2",0.199431207479736
"8663_1",0.4168324024682826
"11163_8",0.6781588687646296
"1505_7",0.5265727603971306
"4758_10",0.7489440266865366
"2119_4",0.3694533284214803
"7351_8",0.64272063201832
"5638_10",0.6291846030099324
"11236_10",0.5257457110114555
"9351_3",0.42322175237878523
"8732_4",0.31928392915529547
"4771_1",0.18690358961775846
"4094_10",0.7542300838285829
"8314_7",0.652399101608375
"5273_10",0.5235161125560438
"1773_1",0.1497143139762871
"7415_1",0.32830616309227983
"677_1",0.2725453925302005
"5585_1",0.19389148009668292
"1523_10",0.5901192828296639
"6855_1",0.2529099436313653
"6634_9",0.6223638376359187
"3866_2",0.3294530078074263
"7165_3",0.32461528068564094
"7516_7",0.509283381677775
"2239_8",0.6178777669923907
"1248_8",0.7677300925383136
"6839_8",0.604447818227743
"2648_10",0.6952221764042985
"5246_9",0.6191331453254232
"9445_1",0.22227619189293465
"4323_4",0.36481458091756086
"4356_10",0.5703417183041756
"9447_4",0.630307677082669
"4022_3",0.4030284678814601
"6239_3",0.205043913016203
"447_4",0.2892156132843819
"6717_8",0.4883830800430049
"2470_9",0.8591259524496264
"4816_1",0.22178820496257276
"1682_10",0.6198573922937541
"67_10",0.5541303611283414
"724_10",0.7097685626600423
"7678_9",0.802263332538812
"2889_4",0.4707978429921749
"7487_9",0.7595261638680105
"1411_4",0.4734304479235645
"7447_8",0.7633648884532829
"3856_1",0.18051794329754559
"4412_10",0.6285354514520708
"8939_2",0.14446612865528757
"3314_9",0.6558602178110745
"2776_1",0.4098863320065253
"7986_8",0.7790461234147896
"12084_10",0.8531556924679252
"9529_10",0.7181396131292265
"11599_7",0.4767336208904294
"11688_3",0.29659618296370166
"11559_1",0.16598415853482015
"5838_2",0.31551617709305824
"6397_4",0.5213635021399156
"3551_4",0.4500079618071185
"5646_10",0.6420289795381169
"7760_2",0.1319909776019237
"4983_7",0.727689718684573
"3870_1",0.48199626158995074
"5621_9",0.5552200439053733
"8716_9",0.5706423763447094
"2017_10",0.677456282291967
"579_10",0.8724364326738797
"2659_1",0.1891149846599299
"10364_2",0.41940626060979563
"837_8",0.508596483386363
"226_4",0.3865767459388961
"4836_1",0.1718150535848402
"11389_3",0.4517076955007303
"5284_2",0.093448910988733
"4277_4",0.4718783909137424
"3821_10",0.5302446220946434
"6593_8",0.6757435179092013
"5060_7",0.42573109074197474
"5121_8",0.6982989638407469
"3810_7",0.4527244704489813
"3941_8",0.45708081827397445
"12291_1",0.234948870775876
"1082_1",0.3115338812903734
"931_9",0.6144420103377248
"10202_4",0.4960380482949209
"11004_9",0.7511480537121742
"5243_7",0.5332255810323004
"2861_1",0.3301915593269408
"11992_10",0.6871139125564639
"11358_9",0.7458479180001963
"3996_10",0.7490200164275858
"12434_8",0.5888302109644259
"8310_7",0.6392977061630074
"3894_9",0.7595904479368094
"3021_1",0.37483407332348
"1652_10",0.6495674597693671
"90_2",0.46127298488595014
"283_1",0.3844890628185278
"9809_8",0.7577151824248529
"2693_2",0.30111647881102577
"5717_1",0.2662699099554548
"6051_9",0.715860625213331
"4542_1",0.23917053209388114
"5104_8",0.7597922269824433
"10139_10",0.43621149172423945
"6129_1",0.3325766033165405
"859_8",0.5404162948539826
"3107_1",0.2205824402712003
"2595_2",0.35622398661720084
"2676_10",0.6230951286478565
"3634_2",0.42843447141221275
"6953_1",0.3834754366741654
"4430_4",0.3500495685721634
"79_8",0.6828971233378378
"7318_2",0.30375806726186555
"863_4",0.39510812915924715
"6393_3",0.5184429723415326
"6910_3",0.5745764801016949
"4438_9",0.7871731414719048
"4242_9",0.605787773128391
"5813_4",0.3177389755238254
"203_3",0.44771115289722746
"7333_10",0.8238023706378789
"11658_8",0.7058344698356114
"11206_4",0.295149915321085
"6208_7",0.5958412685091798
"7273_8",0.7895912239940426
"5518_10",0.6007272032552643
"7092_1",0.4126733289886919
"10508_7",0.5818229875737321
"1196_9",0.7196745230270448
"10037_7",0.7896117160736703
"6468_8",0.7508856704673483
"8502_4",0.3978401441070381
"1017_1",0.2094559015292819
"4_10",0.5410700837734257
"8439_1",0.14462718561795224
"7048_3",0.30308411777424055
"3238_1",0.4262233483132606
"11610_1",0.34592024806688865
"3468_10",0.8292231147786332
"184_3",0.3195098970695747
"12227_7",0.7298607118385182
"4872_3",0.40854706988463285
"11139_10",0.7285786075507122
"4316_7",0.5508609618575104
"3071_1",0.4479280960897719
"335_2",0.3256536683347679
"10847_1",0.21663682363175432
"4646_10",0.7640081471105946
"9382_10",0.7645006414008851
"6577_1",0.37729234982382104
"4549_1",0.11781551588947209
"2459_9",0.648385172329036
"102_8",0.48000819615248785
"1581_1",0.25586269340354756
"2439_10",0.7661667628191885
"6988_9",0.5506262331161257
"2024_1",0.2011522366711159
"12375_1",0.21674230475056488
"6084_4",0.3258010965719167
"6617_3",0.3897059293783264
"815_3",0.37508663702486333
"1857_1",0.32190910112973303
"7428_1",0.2733105182655286
"5943_8",0.5123355069549038
"11811_10",0.7003662285499958
"10844_1",0.17303207107548066
"1275_7",0.7109180777464862
"1910_1",0.18925362236187815
"3306_8",0.6993592629494426
"4735_1",0.20123616288350213
"10819_1",0.2914813960194293
"9571_2",0.453149775613578
"1037_10",0.759224735279345
"7177_4",0.4712847317529824
"5066_10",0.7073785106384115
"4888_2",0.3876450903162496
"10646_2",0.275155973607564
"7929_1",0.19301390395810764
"5181_1",0.24660669327562712
"1387_1",0.15310852887712084
"1304_8",0.6154222304806903
"2108_1",0.28504928367902416
"9875_10",0.8574871547136228
"10200_1",0.26596301336616684
"11665_9",0.7373472762904897
"6685_1",0.15497059571254512
"10234_9",0.843479456495101
"6622_9",0.5903736951534979
"9703_7",0.7640513436116863
"7504_8",0.47592734802095943
"1267_3",0.4615127171555446
"902_3",0.26729521011889823
"10674_2",0.4172474775143478
"5237_10",0.7122674824053695
"5270_10",0.5727902008340036
"1701_7",0.6414818080537977
"3222_2",0.4775956949882491
"6116_10",0.5061954278808475
"11543_10",0.5101789368925299
"8189_7",0.48377789028619184
"8737_8",0.7470262014713367
"6856_7",0.3651945853348994
"2035_8",0.6859097388704869
"5011_10",0.6336434964268538
"6135_9",0.7965314274676757
"9172_1",0.13625015390836082
"5822_1",0.26498988137347357
"8816_3",0.3778504193764014
"1124_1",0.2560134049948375
"5422_4",0.5094298256817364
"3275_2",0.519373328590218
"2076_2",0.25854565667923496
"5223_8",0.6350307434074086
"1814_3",0.3449834468714598
"6171_2",0.41068093329525596
"3228_1",0.3918787168156364
"3693_3",0.37680984144853236
"8891_2",0.32139283398709034
"1171_8",0.7904670510456218
"9496_1",0.4525869061506989
"8702_10",0.66267957710495
"11287_4",0.23919551433862155
"2157_10",0.8115386382633617
"6058_8",0.6229979343852836
"4025_2",0.11990044405378594
"5097_8",0.6226885140866477
"2335_1",0.14209220940196132
"6945_1",0.09719938511121617
"2970_4",0.3989454079929132
"10473_10",0.6822124822728522
"10139_1",0.27399776534595777
"7680_10",0.741821880155735
"10705_1",0.20749509248326117
"9883_10",0.7875841801867102
"2808_10",0.4728027414330107
"6543_2",0.41103518518737553
"3482_3",0.35003246582680697
"2547_7",0.48431872586597374
"8378_4",0.14225886200327417
"7746_10",0.8900789876228505
"5007_4",0.3466379159156623
"1623_8",0.7534815428422033
"10762_9",0.7817751811580453
"8604_1",0.32753240798408406
"868_7",0.4510980198010968
"7902_1",0.1863882800160746
"3644_1",0.3745022591979421
"330_1",0.24228800638364834
"2519_7",0.5544248944303619
"716_2",0.4509040282770557
"9908_1",0.22573225916437956
"1410_2",0.49593293722838533
"1154_4",0.3079537505711899
"589_10",0.7712211014764173
"10182_3",0.2532960867979878
"6872_8",0.6650674085440863
"7232_8",0.7607118634598263
"4339_8",0.6149848026326618
"6652_2",0.1927948636233411
"8692_1",0.21819293090885156
"4585_2",0.4987519790590115
"5846_4",0.4324064162202951
"4401_1",0.3414388552717678
"4848_10",0.4768893947483909
"1727_1",0.1991064702101764
"8038_2",0.4716678559121608
"2532_1",0.22009268883960204
"11010_9",0.575555778856956
"4915_10",0.7048052462682374
"6047_4",0.33166737171105376
"10358_3",0.417479692949191
"697_10",0.7193491092223785
"7648_7",0.7139522711323955
"5495_4",0.38151783450327403
"6611_2",0.4694914425378028
"12099_8",0.7012648368786114
"1109_1",0.12505848635658734
"6874_1",0.24100528212814507
"8072_4",0.5838321554168591
"11231_10",0.7819551752083757
"10871_7",0.6766337334072374
"9990_10",0.752499748460611
"645_10",0.788913042619497
"9345_1",0.30192045129737677
"5298_1",0.2823670585604967
"5971_10",0.48327319036669253
"5079_8",0.7295513700619547
"6022_3",0.20452968321040454
"4954_7",0.5878532084230174
"5063_8",0.6194318557739723
"843_10",0.7453452399695841
"556_7",0.520075825121027
"1498_1",0.27742721341507315
"9374_7",0.5064641417110919
"8728_1",0.44875510886127556
"8297_10",0.5727694406917752
"5760_10",0.38807209628718636
"7403_10",0.37340060284869225
"964_3",0.3581970120904656
"8842_9",0.7147183595104944
"11552_10",0.6969881671797283
"5592_2",0.32720157548899503
"3531_9",0.6181774596569418
"9383_3",0.4601404570710604
"6576_1",0.12832188603491637
"125_3",0.36845647710606094
"8382_2",0.25524929922391176
"3786_9",0.6459108868035769
"8636_9",0.6892970475896943
"12225_10",0.5403090543834067
"8958_8",0.6979607323575117
"5981_10",0.6527599282126948
"9594_10",0.6304002778678359
"9802_3",0.22354294236366606
"4353_3",0.3366443773859687
"10567_8",0.8383863872974548
"3982_7",0.4909428215256941
"3292_7",0.4622856316945745
"1739_3",0.12213811062422276
"3356_3",0.27095065904696686
"5253_4",0.28549060313752217
"1186_10",0.6348409454792812
"12218_8",0.5816327871217457
"1361_9",0.6816241558524097
"11423_4",0.29701214851792457
"5649_1",0.29312743638180727
"11988_10",0.5074565088461183
"393_7",0.8166784362063773
"8081_2",0.2887574946791267
"10290_1",0.2726688415205143
"5548_1",0.2157570698645372
"2266_3",0.4839639658120795
"341_1",0.07356595934298751
"2081_10",0.7601337749652003
"6268_1",0.352308730140928
"2267_9",0.8553387497007748
"82_3",0.23648126365652597
"11259_10",0.7934866214446903
"6760_7",0.48445653827798746
"6352_9",0.6544346040426186
"10733_3",0.41244491240669084
"7418_2",0.23728647132688654
"11562_8",0.7676626071279306
"8895_9",0.6152033908754916
"7911_7",0.50004333419736
"4885_10",0.8054506658660746
"542_4",0.46920048737598585
"6099_7",0.618387277324545
"5355_1",0.20914787086750294
"3969_1",0.20682433533199482
"11541_4",0.5306790756665178
"6413_1",0.3601121333517396
"3725_7",0.5334693730875956
"11757_1",0.31019016766566354
"7663_1",0.3861629433872584
"3161_3",0.37981359819154975
"9119_10",0.6633436054271011
"7726_3",0.31726685341577504
"1764_8",0.6810646456062858
"7211_7",0.44803090389704514
"8069_4",0.5583506500945985
"7119_2",0.34841915459595385
"1163_10",0.6692342511942589
"5836_2",0.16828553303603166
"1921_8",0.7063094314250487
"892_1",0.26336937516109643
"7629_8",0.6800545110049979
"5605_1",0.22463575755588341
"3955_10",0.7908735995916
"5093_4",0.1941103536383028
"6366_4",0.5504056282932356
"11267_2",0.26440760096041005
"522_2",0.2140762350476046
"7659_10",0.5783630706416808
"11779_4",0.656463153081287
"5226_1",0.43802381852158934
"8767_10",0.6373444815217072
"1315_4",0.32862896735308017
"8179_8",0.7556801730732106
"10270_10",0.7409099741687013
"8218_1",0.35780904427939086
"4363_10",0.6148488373426794
"9701_9",0.6086759828635611
"9774_10",0.752934214904236
"8326_10",0.7627629892876084
"1529_10",0.6908116411184432
"9090_8",0.8542117952071681
"8596_7",0.533250505358611
"3508_1",0.3343392575743861
"2272_8",0.6394058221189575
"1226_7",0.6831964015454146
"40_8",0.6592775039455099
"1159_1",0.28729033598363474
"11508_1",0.1844524166456984
"2869_8",0.643678047986306
"4068_1",0.25580566126825566
"7510_1",0.13325554994533206
"2967_3",0.4263787325165266
"8307_10",0.6297006203981446
"9920_8",0.7544662932307287
"9102_1",0.47539441363011914
"3586_4",0.568853939199599
"2278_10",0.8046718752119846
"9459_9",0.8172725853598135
"3080_10",0.8030732602055352
"8960_1",0.10852851926853971
"11294_8",0.5383403633491892
"5241_1",0.2602666471001506
"4515_10",0.8338869234939682
"5855_7",0.6732047517522782
"12107_2",0.23118411607636552
"6435_2",0.3441608217657196
"5813_10",0.8392086891493821
"12008_1",0.15936943601152104
"1613_10",0.6139490988469624
"9381_9",0.556304467426403
"4467_10",0.5120573924765113
"1439_8",0.6073592907231559
"1021_2",0.2196084351818375
"2718_1",0.3091715038133199
"11439_8",0.6563350154115711
"10931_10",0.7918659956048654
"4326_10",0.5840366851084058
"6216_1",0.31684937420818543
"10369_4",0.41555423886305837
"1586_7",0.5502731022790431
"1310_2",0.23990805253787664
"293_1",0.21754190341558527
"5968_1",0.2655994169855092
"9338_10",0.5793906504151883
"418_4",0.2182345809931756
"4522_1",0.17301432666471225
"3925_8",0.6162802291658664
"9748_1",0.26845202318451755
"7142_8",0.8123551632566874
"8862_1",0.4550118331593739
"10812_2",0.2575844091332359
"3262_7",0.6463541574296545
"11540_10",0.4288224877325101
"1236_2",0.3290858588177822
"10321_10",0.7047649024290017
"5782_1",0.23394598919266205
"11765_8",0.5458753790968272
"6365_7",0.35593662099903817
"6265_2",0.3740387269544995
"5426_1",0.20999634776546672
"5312_7",0.6366153648291122
"1786_3",0.21565054782760554
"10137_2",0.5264401647314467
"9816_3",0.37339908809650285
"11925_10",0.5109423265549855
"3041_3",0.2797696013900268
"6742_1",0.22505956309326366
"10786_7",0.6117065383618564
"10687_4",0.4088098632064057
"7057_7",0.3998465919683124
"7532_9",0.4994383849235371
"4162_8",0.78313982019511
"9911_10",0.7478995282270428
"2369_3",0.36544361005081827
"2967_9",0.6503851054344106
"9515_7",0.6541728041791032
"12035_9",0.6280158017570872
"9088_4",0.41405473756357924
"3037_8",0.5564088143006974
"1198_10",0.7215700798295195
"8186_8",0.5639079455677302
"3455_8",0.6972267116347916
"6676_3",0.4705210329179088
"4071_8",0.7843308396663744
"2244_7",0.6510944330812379
"1252_7",0.6037821835515922
"12178_3",0.20059051579103293
"5623_4",0.32950291969771695
"10938_1",0.18864786835660305
"2265_4",0.5719435313322708
"7442_7",0.4920841111883492
"7676_9",0.7297437841833113
"10666_1",0.2789182928563502
"9430_3",0.3697110502108118
"8329_2",0.2128721865668096
"11933_10",0.6672938706041762
"7868_1",0.12452485041162478
"6471_7",0.7314531506812408
"2191_1",0.23534065217659203
"3918_1",0.22999892536999886
"9767_10",0.618277614627252
"11297_8",0.6667445134603863
"6763_8",0.6818866244418588
"2621_9",0.5513748861857516
"4056_4",0.4046807685775077
"8584_4",0.1630641952743301
"4541_9",0.7994595170731159
"1474_4",0.5805181416815125
"3748_7",0.6226353847504043
"1314_1",0.20561965374709612
"6195_10",0.6380576311702431
"3485_1",0.2920086259378963
"5448_7",0.6364323759546406
"12392_10",0.5906175750341573
"5807_10",0.7959551663416368
"11783_4",0.522735199092216
"5693_1",0.23224779024779982
"5031_3",0.26228026564257567
"9684_1",0.3300004156628877
"924_10",0.5948971801122925
"12254_3",0.5495249933863318
"277_1",0.22840898141614838
"4384_10",0.7945898860969268
"8288_4",0.323392995622504
"3056_3",0.2580046142012037
"4683_9",0.6465792504439309
"907_7",0.7300562265524715
"6720_7",0.48169238249351404
"12192_1",0.35742961299103665
"11090_8",0.6095799427681202
"4682_7",0.7106584340626051
"11698_10",0.430068076958622
"1530_1",0.3693458856669418
"3017_9",0.7923348543660953
"9702_1",0.31588276639316354
"5761_3",0.3137804816306199
"9920_2",0.5143640829462004
"8250_1",0.6243214316737489
"11900_3",0.3753891237684168
"6128_10",0.3836378653235439
"8667_10",0.6263760227338773
"8304_3",0.24410074404314497
"1049_9",0.6885829096100269
"10262_4",0.2900283728144843
"7315_3",0.15508107577329394
"4935_10",0.7020720741977761
"2453_1",0.17415651780183178
"4820_10",0.5104574396378956
"3111_10",0.7292392658510253
"10351_8",0.5961681932990692
"146_1",0.31477392047901814
"6093_9",0.8144521592141064
"7215_10",0.845755749201499
"6098_9",0.5940357578054778
"2873_10",0.6490065794107585
"2683_10",0.6646157350182847
"6886_9",0.7670343243256028
"4992_8",0.5187086406045565
"1038_1",0.38565342531456903
"988_3",0.25511265530049515
"212_7",0.43813933911606145
"6838_1",0.22660792083367343
"4865_8",0.5830903368697847
"6908_9",0.8224362572709536
"8548_10",0.42706624329645365
"2297_4",0.40751389048033476
"3455_4",0.2738526465947247
"5743_2",0.22536377448710082
"5820_1",0.5221110762026862
"4636_3",0.46925287147943834
"8184_4",0.18084624734817878
"7413_7",0.6573649385597558
"10750_7",0.7306129599542194
"10064_10",0.7352872207928314
"408_3",0.2427926090295334
"10388_10",0.6614924331981068
"8380_4",0.40555206803321314
"8904_2",0.39107900095936143
"10854_10",0.5786837436583832
"11511_10",0.6250388609388455
"259_10",0.7625938647580015
"1580_1",0.2665233661099248
"11775_1",0.2722890953985352
"8674_1",0.2752648454134644
"9540_10",0.8201687158171685
"6177_4",0.15765037759093464
"11074_8",0.7214686366212347
"7191_7",0.6244337859882122
"7496_1",0.24160015451938083
"4424_9",0.5052946424912046
"5733_9",0.48440865476993733
"2887_2",0.17748495030073286
"239_2",0.27016060187979796
"10920_1",0.283287103627026
"10342_9",0.6659412137329195
"12321_1",0.22592528776741586
"1833_3",0.2657495987909228
"5494_7",0.6614539999664784
"8687_8",0.7749425716828131
"1076_8",0.6932845281780503
"7638_3",0.4199289088858138
"1361_3",0.486633132344653
"1884_4",0.41948384043092807
"2056_10",0.7893546134655548
"5_4",0.532632972847595
"1034_10",0.6849661329191339
"4008_8",0.7449343255581091
"4239_4",0.41296935071373336
"7257_4",0.5364632882114202
"9541_8",0.6533471572638372
"5869_1",0.14554238241431705
"1326_4",0.24897300561182545
"936_2",0.2758951637699471
"10473_4",0.32566886636995146
"12413_2",0.3329171577442745
"5934_9",0.7679753684071207
"2419_7",0.5752831371824324
"49_4",0.4161077765704454
"2129_9",0.7066170391261467
"12356_1",0.15665813756057675
"9268_2",0.3347909105983827
"7915_7",0.616530999781707
"11405_3",0.55450613360303
"7526_9",0.7380071218836887
"6639_2",0.3332159280482813
"7939_1",0.13180615219051847
"8934_1",0.4698552900589078
"2422_1",0.18563291064737883
"3885_4",0.37454546245170417
"1703_3",0.28954654017675946
"7530_9",0.8357192607248297
"5833_1",0.2047006320567607
"9858_4",0.5332202163079367
"12307_3",0.16126052374569674
"9341_10",0.6960607114490474
"4490_10",0.6944312607247197
"9292_10",0.7090874168851885
"7830_1",0.13218954472770883
"5329_1",0.17444339170818776
"5205_10",0.5022897033148042
"2172_1",0.29794557599042526
"8857_4",0.21244529236622975
"7933_1",0.2811311841968803
"12277_4",0.4856965546437405
"9853_10",0.7091139364068433
"5927_8",0.8466149626049939
"4453_4",0.2916389725107389
"3034_1",0.21548588769867744
"3469_1",0.4794339271163811
"12014_2",0.43155829169109233
"3802_3",0.4585760112429552
"10911_8",0.5051213274272914
"7519_1",0.136737759477783
"4155_1",0.3748137925558595
"7873_1",0.15546676064157314
"7002_10",0.7179231868630133
"11597_1",0.32961062490738235
"9043_3",0.3442538054901464
"7623_3",0.43911568312987315
"6615_9",0.8780505765890833
"5982_1",0.2497265297932988
"492_1",0.35668278879581855
"7105_1",0.11770774617092165
"7072_8",0.6174610295626748
"7585_3",0.46506700521330363
"114_2",0.20659811850110263
"675_2",0.39765593762233015
"5141_1",0.3820344278483528
"11299_1",0.27615264191970545
"7008_4",0.5082190715550416
"4963_4",0.4777404482232647
"9363_8",0.37381900515526306
"12419_8",0.49209037245052695
"499_2",0.2535204691686298
"4741_1",0.16449076983345584
"3160_10",0.43158574771666597
"4605_7",0.4581085808733392
"7181_4",0.47071149701635256
"2620_3",0.3552680042138514
"7101_7",0.45092952362246125
"3358_8",0.6125105611796091
"11150_3",0.33949524268795733
"11555_3",0.4599719670917925
"11975_2",0.6078426908973736
"44_8",0.8039144454650167
"4699_10",0.8372062567096374
"6042_2",0.2924607894786145
"10368_3",0.4833671382633678
"2409_8",0.4898176765289879
"5933_1",0.341772006326505
"7460_1",0.15869606453671767
"11653_3",0.7855364523516803
"1699_4",0.56554429419871
"6189_4",0.4382422020989871
"12263_10",0.7990346492380304
"700_7",0.6903530477080806
"1974_9",0.6677099600459244
"4664_1",0.3410303693309891
"2083_3",0.3684341200756214
"3454_1",0.1518326086400238
"3196_4",0.6257509546018556
"7920_2",0.3073906507914882
"10257_10",0.8584049632450852
"12344_10",0.6316537930529432
"130_9",0.5643604858558601
"315_4",0.41954020130546027
"5923_10",0.7003554752875886
"1234_10",0.8026322243310894
"7402_2",0.23068277505247436
"4634_1",0.44616375639828776
"2558_10",0.5830128925550466
"11220_10",0.5344070958919658
"7652_10",0.6017433426246368
"1070_1",0.3543498735880093
"3018_1",0.33763087536885905
"6365_1",0.38090434724552474
"6081_4",0.43969821385468544
"1015_4",0.5464214779212135
"7071_10",0.5555068113031912
"4682_1",0.27490230861225745
"5242_1",0.4389798800264634
"5125_9",0.5470870954502632
"11299_7",0.7604140054482715
"7445_1",0.2503425314289031
"8206_10",0.6895085854323699
"7878_7",0.5920568623091628
"11630_4",0.33899407889339955
"9391_8",0.5486269541323913
"4755_2",0.15811351600954435
"36_8",0.7328485765383244
"617_9",0.5386335759753389
"987_7",0.6363650952212145
"1185_1",0.19097328035155173
"11135_1",0.15526676626766472
"6457_2",0.2821009167849644
"8337_7",0.5245143112039243
"9931_9",0.7512488409986556
"6932_10",0.5928977974954704
"9504_3",0.33175558172235514
"2333_2",0.4601190318463963
"10397_10",0.73277552778722
"6200_4",0.32217797128133696
"8004_10",0.7173260520263084
"10818_10",0.6470111585709531
"164_7",0.4672083127348729
"6945_9",0.5093555347447308
"2551_10",0.6713482563079735
"10887_3",0.1493954414076472
"8942_8",0.5982665099820821
"6779_1",0.4173922166632568
"9818_10",0.6384443715632191
"11352_4",0.2023385932681981
"1035_9",0.6583958937900541
"9212_2",0.21205302836846746
"8530_3",0.5023670300278259
"7858_3",0.40896805183258533
"1777_4",0.18528050544609248
"6976_10",0.8343259081835809
"9426_2",0.2516893069830671
"2154_1",0.3570334495127221
"7037_9",0.7301279675387401
"1501_1",0.22654364360024146
"12448_2",0.12440827740900577
"1005_2",0.27376170207973527
"8031_1",0.31431346032264373
"8084_8",0.6664777604368849
"11933_3",0.2316279444616495
"3206_10",0.7557322384595658
"10197_2",0.19170868864202775
"8838_9",0.5508574965465266
"7720_1",0.14394995557286175
"9739_3",0.34692990492903286
"8312_4",0.4253532309253732
"3492_9",0.6055332773984936
"1133_8",0.7364316688917202
"3255_9",0.6061495104138418
"10625_8",0.6523874480229602
"12307_9",0.5941724549962083
"325_10",0.8613389191304301
"4393_10",0.5730508757033863
"8755_2",0.1307413980847272
"2645_4",0.3533890782665164
"10712_8",0.7212624997194286
"10358_7",0.5261091875907841
"10913_1",0.3386687160248687
"8406_7",0.6324445929753799
"12131_8",0.739514160757559
"8306_7",0.6647437514904636
"8722_9",0.7895267589903475
"6363_3",0.10558457010269177
"6876_10",0.7074146765711264
"10802_8",0.43067000197900823
"6078_2",0.31919984351676284
"4558_8",0.7363206294034419
"643_4",0.31628660035145845
"9956_10",0.5028480390217032
"7267_8",0.7361363206085005
"10491_7",0.637023929318428
"5105_8",0.7539473566952296
"7213_10",0.6562530613872476
"8442_2",0.390841193794291
"11035_10",0.6492785528712349
"9961_3",0.39123798104116947
"2616_1",0.2873250045722121
"7666_4",0.3819757097117263
"548_4",0.44564259292393354
"2425_10",0.824675122672513
"4173_1",0.22050872900325333
"3558_10",0.7769300668418079
"4117_3",0.41814380974853305
"9803_3",0.2831886995899138
"1545_1",0.2945675757849704
"6564_7",0.6013184934340015
"1306_1",0.21931578933284762
"632_1",0.24271125684964792
"3132_8",0.7252176334280326
"5755_2",0.1880946470948646
"5282_1",0.1755632433777142
"5891_10",0.8606489147863652
"3961_7",0.7934308043465356
"4107_1",0.3515819801671908
"2370_8",0.647430247187087
"1363_1",0.23274045260580528
"5359_9",0.8421420645489458
"759_10",0.7718058021815065
"727_8",0.7239623501408063
"1875_1",0.28075932741786036
"10586_1",0.20421925437859043
"4906_1",0.19338736745827426
"11685_4",0.2932375790703077
"1632_1",0.3343430030916554
"4913_10",0.6684681597446424
"11375_1",0.5512552036138387
"423_10",0.6262746343797081
"5957_9",0.6902383450844433
"9389_1",0.16435093612879476
"10450_7",0.799313820775461
"4205_1",0.3710945922417462
"2983_1",0.14657753870547505
"7895_1",0.11897204838388514
"2761_4",0.2086722700925431
"3359_1",0.12965623847372934
"687_9",0.7585533727539672
"8150_1",0.4264536220715402
"1647_10",0.7309953653670521
"10920_8",0.7058638268271118
"4813_8",0.5016601212876339
"4628_10",0.6075565316327557
"5738_4",0.2517182742529256
"11255_3",0.3107272036390376
"7801_10",0.6710241711145357
"3258_2",0.20466618798907904
"10513_7",0.5306186613776379
"9358_8",0.7122776802637231
"6864_2",0.2837688535107794
"3038_8",0.5490084620615114
"6928_1",0.4878501335273014
"10277_10",0.732556158743374
"9231_1",0.22431127178188312
"8098_7",0.5726877896689094
"11550_10",0.6209168112151909
"10233_7",0.5191311357979465
"180_3",0.3796564349941037
"538_8",0.609671432657658
"4977_9",0.5561457876996211
"11386_3",0.5030758254903805
"1045_3",0.5392549710901633
"61_1",0.3827792604332477
"6907_8",0.6827055369181462
"11368_10",0.6814918352761813
"10_3",0.26651247554789137
"7034_3",0.4040726614984136
"3051_10",0.672617357246844
"362_9",0.7281188084107885
"8037_7",0.5953428434240875
"11408_4",0.35020478551445017
"8783_7",0.6686787306062437
"1755_10",0.759032602613005
"3610_3",0.33144620829824806
"1376_3",0.3769649140982034
"4970_9",0.49063397475613313
"7802_9",0.6619229623862982
"4169_1",0.07472361704334783
"2063_4",0.6536281498105008
"2825_10",0.6604866351495776
"10758_10",0.9084964185300297
"10778_2",0.17241078637014892
"979_10",0.6870622359372055
"11700_4",0.6817215955126146
"7848_10",0.6870584463436796
"1294_7",0.8022951826779113
"4806_4",0.476151264752644
"10159_4",0.5129323024177518
"3461_4",0.4894872513708462
"10312_1",0.4476603368733958
"4297_1",0.2614485469900627
"5081_2",0.3310916710443223
"2156_1",0.26670700113741086
"8417_1",0.2986920708924668
"10182_10",0.6313560716714276
"11732_2",0.193568256187869
"10078_3",0.28912984129808894
"4772_1",0.22143219619959523
"6187_4",0.36955657387090335
"4219_10",0.8038888031028301
"5208_8",0.5876593054292509
"4935_2",0.2663362606037036
"6528_10",0.6519865056756542
"4080_1",0.3380887241295822
"6147_10",0.5446165830675362
"1352_2",0.3929001910597794
"5675_9",0.6310942566125971
"3024_4",0.2467902941054479
"6930_3",0.27807865257282055
"7005_1",0.2692043107701154
"380_9",0.4827068973340043
"5923_3",0.44338918730815435
"1246_9",0.7393632519993336
"3081_8",0.733671228843023
"11913_3",0.4080284884282524
"4112_8",0.6977238435387062
"1440_8",0.6646903755303792
"12123_7",0.4491078271551002
"3731_1",0.3353520351463635
"420_10",0.5440022650176732
"5862_1",0.24563529720146174
"10864_7",0.6895885124778122
"3484_1",0.2528845568450907
"9438_4",0.40228184113428667
"7032_10",0.8831654388726295
"7670_2",0.46894810624010835
"5251_9",0.5996243496133508
"5296_7",0.6130711168152296
"9161_7",0.44265182753448074
"6446_4",0.32269683410074873
"11694_8",0.7726997842379387
"1674_9",0.750817504117444
"8831_10",0.5153937068676615
"11813_10",0.8052756700731278
"3380_1",0.24767283443441834
"8653_10",0.761858359550982
"10485_1",0.3132523353898487
"3771_9",0.5856056724463046
"5534_1",0.2349790366746634
"2_7",0.5604849988607388
"2334_9",0.8026200333782824
"8327_4",0.4163080232355858
"8552_9",0.7470199823651328
"9117_10",0.6851995083913315
"11953_10",0.6599845837353466
"7015_4",0.5010803517475729
"9649_10",0.7586609310177578
"1701_1",0.41848660726523584
"1946_3",0.27322898173474197
"1536_10",0.6109990560938615
"6419_7",0.6770549713753685
"6619_10",0.6355383600508904
"3715_10",0.8557011118430786
"6001_9",0.8579307047250969
"4555_9",0.6900895695646072
"6367_4",0.4163209677645663
"8350_10",0.6216509767174704
"8376_7",0.5864628036415517
"8231_1",0.23915942267163734
"11595_9",0.8023097972221854
"10372_4",0.48259718090956205
"2711_8",0.635458483447957
"407_4",0.2383422941833951
"10798_10",0.5334204407434856
"5358_1",0.2194576369793554
"158_1",0.2036380410551934
"6578_7",0.7285677480495945
"217_8",0.7317370330649798
"4535_10",0.806661201846486
"4887_10",0.5242204586980077
"5595_4",0.4174507165509309
"1837_9",0.7356849598416829
"7723_1",0.17574726346415445
"1935_7",0.502393665341965
"7357_4",0.3482536550139892
"3293_3",0.34695773805709745
"5176_1",0.24853034567987858
"10930_7",0.5703069824427202
"4618_1",0.2661590582825576
"15_2",0.2792168969892996
"4009_1",0.4431694236450243
"3854_1",0.2883838346685615
"2889_10",0.8213118488452276
"2737_1",0.5882870869410368
"9811_3",0.3892961977254076
"12016_2",0.37320384095026843
"8470_10",0.5118991142708106
"2965_7",0.41851553986571444
"6620_1",0.30365703458976734
"7447_3",0.23745536531055234
"1197_9",0.8426312074989358
"9750_9",0.6336403210912367
"3001_1",0.2656781239044357
"8068_2",0.244656754937555
"5660_1",0.3338971892560887
"5595_10",0.5990586570632586
"4377_4",0.4816500838585019
"7354_8",0.4401494987488698
"11858_1",0.15306393550020672
"7611_2",0.42492936468325115
"6855_7",0.6097179787603726
"11522_1",0.22378777542650816
"21_9",0.6771746387453317
"3423_9",0.6737735135467442
"2061_8",0.8334004482457673
"5594_10",0.7432412065850377
"6106_3",0.3918093175253244
"9222_1",0.2924245335766458
"2305_3",0.27211353838688324
"12493_4",0.6269891274318895
"8841_9",0.6106097738957499
"3824_8",0.6991880717952595
"703_8",0.6676557530760218
"1638_1",0.2389419955264581
"11339_4",0.29620485930781953
"10173_1",0.20942565089475998
"6481_2",0.43262429327453555
"9468_2",0.42510094885617505
"1830_9",0.8231901395753743
"9940_8",0.6499000432228477
"7768_1",0.4181586585103007
"414_2",0.30942816561004505
"9554_3",0.24584484536504703
"2894_4",0.2819166217093971
"2509_7",0.6785337177511572
"2430_2",0.35583013625079607
"10244_7",0.7047910199653133
"2874_9",0.32126656232462614
"4615_4",0.5383885619267144
"9011_10",0.7713726481685659
"8977_9",0.5722181608181159
"6709_9",0.485629793558909
"7963_3",0.46644888862592127
"7531_10",0.5750340993785997
"5058_3",0.3126129885642567
"2875_2",0.47843556497495704
"9191_8",0.6579515663720431
"2596_10",0.6619061225543614
"9660_8",0.6796580339135605
"3682_1",0.2510613145774654
"4189_1",0.19963950698362862
"739_10",0.7669882172003841
"836_4",0.3697264930052702
"2422_7",0.49804094638260865
"4318_1",0.2861796024381768
"1443_2",0.18292135783071284
"2782_8",0.6966182658576078
"10260_1",0.47184764753408276
"10624_10",0.7473679837021711
"3288_8",0.6041575255475385
"155_2",0.2105010235671961
"4941_9",0.6404266143980704
"1449_8",0.8029136202563941
"10575_1",0.17622870849223013
"3568_4",0.5431198066634733
"261_9",0.6385277620951999
"10420_9",0.795208736513262
"4008_1",0.4425005596075535
"4263_9",0.5808582079810755
"11924_4",0.4404703597119679
"11488_7",0.6261896290690415
"1599_1",0.32247175428146585
"11383_10",0.880928511838664
"1800_9",0.559330841560853
"9705_10",0.6615075700205303
"10044_8",0.6734262712071966
"471_3",0.41522093296410245
"3494_9",0.6018919407844954
"11492_10",0.4923560142522594
"257_3",0.3999916441613722
"10745_1",0.2936851485118558
"7305_1",0.3187194942687588
"6239_8",0.5925849134499623
"3068_10",0.6693511305565949
"2862_1",0.3194239572112741
"11217_4",0.46801565023339015
"10650_9",0.7310476134767698
"3588_10",0.7129414238299353
"8345_10",0.6080934378904382
"9980_2",0.37357563430932894
"8901_1",0.3981747212233729
"5438_8",0.7345362614921658
"10879_10",0.8318792181301726
"9064_3",0.5314260017626808
"193_9",0.5070989609384635
"470_4",0.3246264048008901
"5128_7",0.6011816685831238
"10542_10",0.5246367514179151
"205_10",0.6618617177022704
"8091_7",0.7847985645993092
"11383_3",0.23310117184391707
"10274_2",0.21138557845802863
"7865_7",0.6727180403192969
"7525_1",0.3579834454166994
"2168_2",0.22151318516888163
"11082_8",0.7609487767488362
"1991_2",0.3040047444959329
"10524_10",0.7347496156924047
"4628_3",0.4670449425638831
"4269_7",0.7675155604626606
"7367_2",0.2863303194332813
"1390_1",0.46984183257215
"7158_1",0.4756923687763649
"12442_10",0.5410714718342091
"8388_1",0.33325697190110154
"7980_7",0.6163861049427369
"3054_1",0.32420262395006105
"11143_2",0.332362005077305
"2238_1",0.3859274443686951
"949_3",0.22573956469803555
"42_4",0.4032851033572003
"4093_7",0.755714370285007
"3657_3",0.5184393133939804
"9812_10",0.8271261433081417
"6879_3",0.43156431985427035
"2189_8",0.628524524907106
"11804_1",0.2431993546980955
"5280_10",0.6629008806052674
"411_8",0.5546259784565358
"5673_1",0.17178055224646874
"11633_2",0.16018779060040692
"10389_1",0.1640112321987777
"9516_10",0.5695949380696019
"12169_8",0.713825447333251
"232_7",0.6706351584795175
"6061_4",0.26211367901661164
"6755_8",0.6095958005116239
"2880_10",0.509449649498295
"4187_7",0.6529107461745631
"4175_7",0.6764865858315982
"11674_3",0.428764712438996
"10397_1",0.33840277064325663
"4334_10",0.6017240833820469
"7654_10",0.6708149800245231
"1657_9",0.7462577137225036
"2025_2",0.2449031415155557
"2276_4",0.3059092149600822
"1957_10",0.6488238520085589
"11627_4",0.3374910048578529
"11799_4",0.24724989478872125
"10251_10",0.6569501274091772
"1231_4",0.39493755313918855
"8302_8",0.6851741152210712
"12342_7",0.43929143013492467
"8105_3",0.46040613939483865
"3892_4",0.41610108969167453
"8473_9",0.6698307423000611
"448_8",0.6503963865700836
"7317_2",0.44280581450862333
"2074_1",0.35602300988471375
"12249_7",0.6889545418676815
"5467_2",0.29366902833445435
"12109_1",0.4570799832121312
"11511_1",0.2551795213217028
"9476_3",0.6234979145950518
"1170_10",0.7228352593420725
"8970_9",0.4409359527451304
"12308_1",0.2638995018207382
"3101_8",0.6568926212457187
"3066_1",0.10833716158670804
"11519_7",0.591349734388972
"5314_2",0.17302608331837407
"9160_4",0.45182252333748907
"6512_3",0.5099895449969033
"7836_4",0.4512413724396242
"11429_1",0.4723458275444504
"12043_9",0.6004643442799341
"270_1",0.22995785985804287
"821_1",0.31854980857877463
"4572_10",0.673666808406021
"11437_1",0.23814615862618968
"4899_3",0.4032527704867095
"8226_9",0.7187852057022489
"5445_9",0.8217075499864034
"2459_2",0.3622363222577527
"12192_7",0.6763514241510938
"5459_9",0.6222636305760862
"7308_7",0.6052404254876879
"11308_1",0.27627959105770594
"4122_3",0.20043505444830328
"144_9",0.5896796828403993
"12145_4",0.5363097118595387
"8511_8",0.5084507719531539
"11319_7",0.7269928328209468
"9257_10",0.7975090818934479
"6737_3",0.23286934657993974
"9327_9",0.7938822354135666
"1246_1",0.30574214013259987
"11239_10",0.8501557880625515
"2915_1",0.37581636008020997
"6019_10",0.8142013451109701
"1151_9",0.6398611180940663
"11796_2",0.3683565416777805
"10400_9",0.47433351535656737
"9599_10",0.5723270067470217
"2283_3",0.31154719519357116
"5474_3",0.36012398804327334
"2670_3",0.2051692134692442
"6_3",0.48020380458225925
"69_4",0.34664366287487824
"11234_10",0.5087111245868595
"6575_10",0.7547446966452556
"9391_1",0.1646948826918011
"12053_1",0.1600048737624089
"1387_8",0.5570183344564219
"2649_9",0.6677011637392237
"9004_4",0.40671705451344353
"8723_1",0.33729413997921753
"11609_1",0.2507581198158239
"9585_2",0.37799336827815444
"2736_1",0.10749494190511305
"6607_2",0.4245456617004668
"11939_2",0.14623370461688232
"2024_8",0.7792043015021329
"1503_8",0.46294958703738925
"10177_10",0.6510305157908455
"10266_1",0.26001449818530625
"547_7",0.4936779338740682
"5272_10",0.5926169560701321
"5204_9",0.5970076175189891
"9369_2",0.4058393424847525
"6273_1",0.1404702436679456
"10825_7",0.6888004227234231
"644_8",0.5097224786668781
"347_1",0.25039103364147475
"12309_1",0.2696757569505003
"5502_10",0.6218738381354395
"7203_1",0.3028974541375471
"8714_2",0.39629607404330996
"713_8",0.6336437268837399
"10289_1",0.4888424495168356
"7666_8",0.42578248119207357
"6753_1",0.3376276479417706
"6350_1",0.10734235558309926
"11232_8",0.6319998117137845
"10551_1",0.3238162115108461
"5967_7",0.4993647001352609
"1049_3",0.3037969564934326
"11238_10",0.5100355714798502
"8043_9",0.6917744566575491
"8751_4",0.3052475841588699
"6514_2",0.3983794755245507
"1461_3",0.2828309731739599
"12137_8",0.7122643748894806
"9884_1",0.11342142003911895
"4652_10",0.7455441273850621
"3169_4",0.3701772036127145
"4138_8",0.756088225180057
"6125_7",0.5890283979784485
"7298_8",0.7477610390989944
"4602_8",0.46053591384941434
"3523_1",0.3550816002590373
"10990_1",0.3197463079867475
"9278_1",0.31746247944436634
"2614_3",0.2773715312462786
"4762_3",0.22049183714474146
"2557_9",0.7715555346786104
"9390_1",0.15223284636626594
"7144_10",0.6820802286075991
"6655_7",0.44892624659901503
"9806_3",0.2516483751706758
"986_10",0.6966396431768656
"9969_10",0.5406603405033833
"8915_1",0.3184144715928902
"3888_2",0.274096376446932
"1963_1",0.38075033458348684
"10523_9",0.592707198922154
"9995_2",0.5990474577789114
"4491_1",0.3791823046287163
"926_10",0.7996150315942369
"5679_7",0.4820626073596888
"5201_8",0.513134523372611
"9785_3",0.23827678063834454
"337_1",0.231616374954219
"4129_3",0.2586616164127616
"9231_8",0.5613126322108013
"2058_2",0.1443822768024525
"4801_10",0.74683916715306
"2116_1",0.32223532489581913
"11539_10",0.7559625071669754
"200_4",0.4019790278335111
"8271_10",0.8277617452821591
"10088_8",0.5885442848903125
"10816_10",0.6713166052719576
"80_7",0.4406229470223633
"9331_7",0.7134143991303376
"3866_9",0.8199586141173819
"4534_3",0.4400999527297714
"8981_9",0.5791927766686129
"510_7",0.6144026276648707
"4980_1",0.3230122414368718
"3336_1",0.45864928857978426
"1934_7",0.6395977217108768
"2815_4",0.7061237012576479
"6606_4",0.6531411914587592
"11802_1",0.3331038332750203
"6312_9",0.7531722895686905
"1914_2",0.3026425818408886
"1970_8",0.7542634043134175
"9791_10",0.4098076094764011
"3721_10",0.565688620364109
"7947_10",0.6987414764075356
"8009_10",0.6169683103939975
"3370_7",0.6772653031963434
"8943_3",0.45296961075559417
"5873_10",0.4320654499538481
"7379_1",0.13182340873274237
"3585_10",0.8660182355876156
"6934_10",0.7034356741300881
"5841_1",0.3095483179306551
"1354_7",0.617696475788942
"9215_10",0.5996222404311107
"2668_4",0.19589532868092777
"8441_8",0.7174180784892257
"5255_7",0.326614864089922
"3649_1",0.2006178131505755
"1169_10",0.814047321134352
"2366_7",0.6186912458535443
"4229_1",0.2549141998052419
"29_3",0.5609669307435308
"6109_2",0.39150308217854485
"11174_4",0.19207157966183594
"12477_7",0.41243853769458905
"11713_1",0.10330912003142524
"2231_2",0.26061750316442467
"7598_8",0.7690826665907147
"5095_3",0.35563720669838217
"3062_10",0.7159004062788208
"11451_7",0.7761113853592795
"7100_3",0.1564516167641444
"11005_1",0.24109540884055922
"9902_8",0.6587205155788206
"8850_10",0.7532360445399806
"5542_2",0.38784864422560494
"9371_1",0.2810018557452568
"8042_7",0.7097289349539648
"1757_1",0.4104315933181814
"2256_1",0.3376345387874109
"9793_3",0.3526408109400051
"11791_2",0.4985102480558718
"4814_2",0.4355052304918304
"630_7",0.7532608068236474
"10622_10",0.7432867014661858
"5781_1",0.41923789684517526
"7422_10",0.7586356711533694
"10084_10",0.6975702735344806
"9550_9",0.666465028596296
"11646_8",0.5830012300991516
"110_1",0.35959963589315413
"4811_1",0.2505797031701456
"9559_4",0.2588454613142004
"2755_10",0.6688207293666991
"698_1",0.2694820624408567
"8437_1",0.43367991680567897
"1470_8",0.5957099420217791
"11449_8",0.3393113524843796
"8078_8",0.6997882207522405
"238_1",0.126809776032523
"4950_10",0.796723019908598
"10793_7",0.5620560987926985
"8497_10",0.8458071866364906
"9160_9",0.5236447385631149
"8472_1",0.36405439691051894
"1583_8",0.6172121027012509
"2923_3",0.39569614810912374
"9770_4",0.5371627249077787
"10706_2",0.3438981981367909
"4573_2",0.36373007528235396
"11176_10",0.6885513077918644
"616_1",0.1443803214369132
"4574_8",0.7997941799483302
"8465_10",0.5928716036794743
"4049_9",0.6904298857430682
"3707_3",0.12131300333519258
"4398_10",0.7201945957831901
"11727_1",0.34495347408392546
"7244_8",0.8131877626087445
"549_3",0.4913121502849305
"9461_1",0.4795384189129424
"6748_3",0.36010976957634483
"7093_10",0.7032851327884776
"9115_10",0.767156516248611
"8284_9",0.8163385388386569
"469_8",0.492106861826005
"1281_9",0.7211107022478518
"2816_3",0.3427364459919322
"11001_7",0.6889274543741915
"6987_2",0.18805718855421164
"5428_3",0.1576671500408358
"5992_10",0.7812299862315261
"2315_1",0.210173943427138
"7329_7",0.7497792512743184
"3956_1",0.2456189711727806
"11453_1",0.36682526636011975
"726_1",0.18733236978057077
"10517_1",0.4141116612230013
"4494_8",0.5959279838865605
"11980_10",0.7671762512405591
"2926_1",0.4710803501311819
"1671_2",0.4440632033422571
"8291_4",0.3376233381383869
"948_8",0.5390129026925797
"8122_1",0.4769439925168175
"9343_10",0.7480273156778495
"6011_10",0.6870462620292189
"7156_4",0.3374517331482376
"9596_2",0.24999286053691006
"10583_10",0.8495582865025961
"3190_10",0.6119818054636403
"10841_10",0.7383204283816084
"6122_8",0.5006890157136238
"1315_10",0.5970250884894216
"3667_1",0.35825024533337096
"4225_2",0.12257538677467034
"11268_8",0.708481822424128
"412_7",0.6234306585283452
"4891_10",0.7328323065583927
"4791_10",0.7657093376789535
"4463_2",0.20837954823452642
"3173_7",0.4694523255795506
"2937_8",0.6479390279924656
"9438_10",0.43533829304766414
"9900_9",0.6007613571006791
"424_10",0.7318486625203104
"955_10",0.6604336373238614
"10060_3",0.26336148027750217
"6063_9",0.7915063668515225
"1960_1",0.1601983638425036
"1456_8",0.6273829791682671
"1859_2",0.3078551746348165
"1262_8",0.8323257916267142
"5325_4",0.3151139026539333
"5944_4",0.3682249817855824
"2805_4",0.5075422358301296
"11591_1",0.0519780944206441
"3257_1",0.23671130977154037
"11444_3",0.31908550802174895
"5446_3",0.5096828039422168
"11801_1",0.39357861915458886
"8653_2",0.2012872335392854
"10939_1",0.2190027929795437
"10079_10",0.6266377855692661
"8188_1",0.39137291387380196
"3825_3",0.22973633693301546
"6659_2",0.28277751507543997
"9779_2",0.29459286046412375
"2852_2",0.1870425273295038
"11117_7",0.7732178249431024
"4367_3",0.5781456882360548
"7538_4",0.5364066491048206
"9183_3",0.47393197013486493
"1910_8",0.694689670763638
"4563_4",0.41809637340855704
"7743_7",0.6839663669304065
"6770_1",0.3311838009556871
"10133_4",0.33748885625310127
"6279_8",0.5358525062232893
"7907_1",0.2265003093008489
"1458_2",0.28489575427817726
"12427_1",0.41892878086505164
"3221_10",0.6301272190351646
"1614_10",0.7669859457518058
"2761_10",0.5383753022261469
"5151_4",0.3750724815071787
"8803_8",0.636997916726753
"10726_1",0.2206319759118291
"824_8",0.5487248520352641
"12377_10",0.6609269152851686
"3401_3",0.24331438504480057
"3603_7",0.5022338380430017
"3655_4",0.28353505444521454
"9963_3",0.4259064388812534
"4266_1",0.15081075193447427
"1176_4",0.4208104785026427
"959_4",0.4273811013438869
"4494_1",0.47519458996003294
"12381_10",0.7192511705909018
"4603_8",0.5678253877778503
"625_2",0.5756257799278033
"7597_3",0.28510706045097156
"594_9",0.6774563234606159
"10998_10",0.7473407148958674
"5122_10",0.6842636049749427
"9820_10",0.6532845208408145
"2428_1",0.07598296715780326
"10928_1",0.16089102709651115
"9083_2",0.3954658236746136
"8669_1",0.24884855539332096
"9159_9",0.5765403466349734
"4171_10",0.5418217320013068
"7985_8",0.7648416032103874
"4181_1",0.2838654749733869
"4577_8",0.4918523117289778
"910_4",0.32816767399846036
"10673_4",0.4208994429441048
"1530_10",0.6231781279136644
"2436_4",0.5002926073886071
"3934_10",0.5864065636827892
"9273_1",0.43251262516774863
"3188_9",0.830069268150256
"1826_4",0.2734463789569255
"4777_1",0.31823392325510896
"7449_10",0.7871962665620822
"490_2",0.5799952940283752
"1351_1",0.1894048373195965
"9172_7",0.6708262787190391
"6211_8",0.6602794631838815
"7114_8",0.5359231972344999
"1316_2",0.19543783311574348
"6531_10",0.7179650370990474
"4381_3",0.29648056978776327
"10347_1",0.2430184370204107
"5497_8",0.7768186900882843
"7041_10",0.7308526168504864
"4466_4",0.2884495905524246
"1690_1",0.2410929171912549
"912_1",0.25486997903455766
"10342_1",0.22366123743781746
"6323_4",0.3435870466830097
"3243_1",0.3659929912222607
"9143_1",0.3024173253245436
"7175_3",0.3631696199293905
"1962_7",0.5699537160440835
"11135_7",0.6137811613439377
"8524_1",0.4688063952392439
"10026_3",0.3847660263882952
"3031_4",0.550661550472738
"1766_2",0.32701059582281133
"6042_10",0.516969800886844
"3357_7",0.6789788579929636
"11065_10",0.6529711611865404
"11641_9",0.654892328809831
"4389_2",0.24525822289967347
"10946_1",0.16946489450742136
"6385_10",0.759964049330676
"5520_4",0.6600133337468841
"8036_8",0.6995740146298614
"4726_4",0.47505680630581354
"1510_8",0.3744615047746809
"11016_8",0.6527740633632978
"893_1",0.24627104152869198
"655_3",0.3571494155109004
"12226_7",0.3211526160949948
"3878_10",0.6778810409765494
"8589_8",0.6074365542245479
"4108_10",0.577095383337617
"8586_3",0.3463007425117285
"2326_9",0.7122514980554704
"155_8",0.5117719842238293
"11073_7",0.4349383635882654
"1672_10",0.6732161682882138
"1715_8",0.49537448016258606
"10443_7",0.7108925300634888
"9673_1",0.42411168888389345
"10731_9",0.4856021942619553
"4427_3",0.4951368561953014
"422_3",0.34828877408807557
"7121_3",0.31966247733025976
"4415_4",0.47652895544613605
"11599_1",0.5659048771195471
"6015_9",0.6032191285629374
"3470_1",0.20988688470833142
"3951_10",0.6948130782998112
"2665_10",0.851132074686525
"10295_10",0.6507271529325324
"3220_10",0.820206154120123
"4748_1",0.1050223928329029
"189_9",0.8795853650392513
"3502_9",0.5461641144390649
"10561_9",0.7899776413798874
"5051_4",0.6144811752810273
"7644_7",0.5106313289893308
"559_4",0.5522771044563717
"3236_1",0.31344511217980875
"9985_9",0.737000840872863
"3512_7",0.7258514899594745
"10318_1",0.3140860190620537
"3509_1",0.26907669242484905
"7686_10",0.6114868525487366
"8947_8",0.6231725518198431
"6783_10",0.6840234366237014
"9836_10",0.7654290720819589
"971_3",0.3459965282235908
"1127_1",0.24804381831376707
"8953_7",0.5518679194054841
"5763_10",0.46657371645324724
"9147_10",0.5655707950522906
"10688_1",0.2602729513017397
"2148_7",0.699582426555744
"8997_10",0.7302805021066712
"3094_10",0.6545748475001311
"1152_3",0.4346735882738524
"1907_10",0.7215970300402748
"1845_10",0.8071919788845169
"6852_7",0.5396823512273636
"5573_10",0.7207426167123002
"8709_2",0.4922898993682038
"2882_10",0.6125211563784635
"11230_8",0.6583319297659603
"10124_3",0.3816673877564106
"12361_1",0.5190538983159629
"8117_4",0.32587873536633466
"1192_10",0.6306013946172515
"1657_4",0.5311887516940875
"10319_8",0.43799540404690473
"10954_1",0.4133735235730424
"2048_10",0.4866523695122074
"5763_4",0.344564630187111
"9491_10",0.7845214567569031
"4081_3",0.381819618115552
"4877_9",0.4380396518675918
"10981_9",0.8828174655269646
"11440_1",0.31380845605400975
"7608_2",0.2652626692343887
"194_1",0.3091635974247835
"7116_7",0.32290858978989584
"2118_10",0.7333606643432693
"9997_10",0.7515213788231598
"3880_1",0.26198266947633436
"4197_10",0.534937880100046
"1166_10",0.45082944844567163
"3504_8",0.5671335219693548
"3170_10",0.7271993434730997
"1477_8",0.6885723034206811
"881_8",0.7978724898430977
"10229_2",0.4066205595884631
"9515_1",0.19031420628802143
"6714_7",0.5560876884259268
"8570_8",0.42899428242870363
"6892_10",0.7826126303078074
"8710_10",0.8281103076067068
"9135_10",0.5709300752093001
"10924_10",0.7293677560113869
"5252_4",0.3752258871673127
"6581_10",0.8178986184676917
"8837_10",0.6492258957183147
"3820_1",0.16126043889983774
"9914_3",0.2330379711890768
"3141_1",0.19699865606743905
"7893_1",0.1804390027703689
"306_1",0.2894240631411396
"2527_3",0.3935778408833283
"8148_2",0.2775395192096524
"9778_10",0.7587287946871623
"10438_9",0.7840140594155258
"5230_4",0.2924448667436114
"1691_1",0.459322238749023
"6124_10",0.501314496744472
"5256_3",0.49948545289733376
"4294_7",0.6688993534826729
"10575_10",0.7155116960100563
"9610_9",0.6290864061220308
"563_10",0.6392544980497812
"6328_10",0.779991809055486
"6903_2",0.13769102583038295
"6899_4",0.43928578557082404
"7166_4",0.4662391360602371
"2993_4",0.46936820089098674
"10771_8",0.6481160906075784
"11298_1",0.13727986906751066
"9101_2",0.3247215853293571
"7716_3",0.2750287136100374
"2722_1",0.3428213197590504
"5227_8",0.6888533920976744
"241_1",0.1650789890510316
"192_2",0.29489669784699746
"9006_10",0.8494514222563471
"5505_7",0.54581273121894
"10822_8",0.7963489675650767
"1046_1",0.2480415932814785
"1865_3",0.26490049931107784
"11845_7",0.7833423647905751
"6675_7",0.7123586679870606
"6240_1",0.1897573977006388
"10392_8",0.6189612205211309
"3405_10",0.7290289019639585
"11919_10",0.6331770287227916
"2294_9",0.6839882687558548
"1097_3",0.5141014054057373
"6888_10",0.7030810222009365
"12373_1",0.27334719027145976
"11785_10",0.6300716889882867
"11805_1",0.2757318125968862
"2328_9",0.6917385260786383
"2636_1",0.17655765813434554
"12359_7",0.48233650089640456
"7733_8",0.48665857741603763
"9877_1",0.3246526776613334
"12266_7",0.7072271134312555
"8274_1",0.4157966907341127
"11727_8",0.719114769667815
"12389_8",0.5858559213134903
"2464_4",0.4372798097042043
"4930_1",0.277912969074857
"11304_9",0.7386662948943926
"2140_1",0.23809441956678576
"11168_9",0.5373551157385297
"1772_9",0.6428311258511901
"3857_8",0.6981784918554982
"4559_3",0.16117617428644287
"6986_8",0.5821369163466047
"9647_1",0.24872469584838455
"11714_1",0.28491965048728163
"5436_2",0.39007314052906294
"2736_9",0.6829247501833554
"4499_8",0.7220316489601297
"2701_10",0.7807459300752161
"11604_8",0.7780981859121817
"6133_1",0.2963834555678462
"4151_3",0.6063559882334509
"3978_3",0.23487069256796855
"1973_9",0.5623629628131722
"11752_10",0.7229207421142301
"10192_10",0.6598173081966652
"8318_4",0.2858149415323949
"5685_1",0.19805695503420473
"8978_4",0.4946085521385022
"12289_10",0.5907142245577314
"5603_9",0.6378893918048887
"5209_10",0.717178823694297
"8360_7",0.45828168002630004
"5690_2",0.261931918052623
"8463_10",0.4454251504080701
"5304_10",0.7418357394632367
"720_10",0.7548512084125235
"9301_3",0.26569904829454793
"1392_1",0.4687132460401617
"10893_4",0.5622358677441252
"1299_9",0.6600714617458593
"5552_2",0.2983457089235538
"4348_4",0.47847461849651945
"12384_4",0.30244816099550925
"11947_2",0.43564253268193004
"1740_3",0.25372855801795585
"7869_10",0.6794698847024052
"5959_7",0.49748933894270836
"2301_8",0.783488182957642
"5572_7",0.6022436336596821
"3716_1",0.43437296705481504
"8558_7",0.5463407917977711
"12210_1",0.19219207959403126
"3744_4",0.38354431752047513
"12487_2",0.2586144715142899
"5348_7",0.5958807312736681
"1065_1",0.2750535673019553
"1414_10",0.6651836288936768
"2672_4",0.35993121072352274
"1014_8",0.46113841894025237
"2248_10",0.6018326356925513
"2221_8",0.7254570797869361
"4576_1",0.3907249639102917
"10578_10",0.5683989699057396
"8525_2",0.2812809412130286
"5332_8",0.5322172555341224
"12007_2",0.21787138696968653
"1107_2",0.3299119638794629
"8295_10",0.8639239399839783
"10093_1",0.24990757527799684
"6441_1",0.3805382705726598
"10422_3",0.2541034961648505
"11034_3",0.4042046585095175
"3379_9",0.7657512131206574
"7512_1",0.1474978477294779
"12165_1",0.38411666617919216
"11634_10",0.4584872922914266
"4567_10",0.5208090830376181
"6971_8",0.7221852906793524
"2145_3",0.5652477014697259
"5639_1",0.15352955755552208
"8049_7",0.549541493485022
"7953_1",0.2994505533057876
"12440_4",0.3579834468534105
"9134_8",0.8614296687965094
"5720_10",0.6590379762913354
"1851_10",0.7075654298532754
"3673_10",0.6727687244084317
"9037_3",0.6901266919045926
"8547_10",0.8439771587087967
"111_10",0.5140528699323905
"5279_9",0.7257163421807681
"2379_9",0.668743732458983
"6000_10",0.6355477157008221
"990_7",0.6065000248042547
"1519_9",0.5203830118816409
"5987_7",0.564488739249609
"2959_7",0.6164067428098489
"8898_2",0.2639776604227909
"5746_10",0.7580724880844273
"6268_8",0.42767870791236856
"5449_7",0.2975193235398417
"5561_1",0.2929916408986647
"11470_3",0.19409524589815821
"11837_1",0.3324817170668909
"6761_10",0.8324886370468694
"1590_1",0.29400621543780636
"927_10",0.8535212378248451
"1495_9",0.6932020258308782
"10529_7",0.6434800754886806
"7704_2",0.3466827224226768
"10707_3",0.2524354056832947
"3862_1",0.2225589494343736
"3612_7",0.8025555197758053
"8212_2",0.26611007826340993
"10649_10",0.7562848897181014
"9767_1",0.4509535126697461
"4054_3",0.30891219801394965
"9783_3",0.29521198603001686
"3116_2",0.4125299258017893
"4631_10",0.6953650501830487
"7228_1",0.3521606573574058
"2744_8",0.5486375241041802
"6028_10",0.6915342102790235
"10812_9",0.6596269121074807
"417_10",0.7197332915695164
"11876_10",0.842573067848733
"946_7",0.6626015629511511
"8265_10",0.6931755745995121
"6833_10",0.5824683204761026
"4150_4",0.5091259457963171
"899_9",0.6614525130857982
"223_10",0.6409917443907867
"7369_3",0.4147003294976804
"5075_8",0.5947528910186258
"6634_1",0.2014280665499715
"3486_8",0.5369849745617409
"11473_1",0.47461545645621694
"3276_10",0.8641201454506776
"3272_2",0.3315310402190991
"2727_3",0.44410894897307374
"4134_7",0.4515012579560146
"5744_3",0.27462065665365015
"8715_1",0.17116383557925618
"4812_1",0.23629018550996597
"6841_1",0.20028498323738497
"6822_1",0.5101123255958152
"3211_4",0.4863313195817711
"5489_2",0.3320596577971396
"1168_1",0.31170325110550284
"3056_9",0.6317213978798266
"4516_10",0.7874138042232337
"9542_1",0.1871080863470155
"4400_10",0.8091033141024908
"2766_10",0.7833629573492428
"6470_8",0.5389961082237027
"5434_1",0.34337928449344113
"1406_4",0.40901601806900606
"11479_8",0.64931999289896
"9881_10",0.6098112257152791
"10276_1",0.08555091887135859
"2875_8",0.5626377946466885
"1254_2",0.49583264356297907
"8017_10",0.6274835365406595
"9694_10",0.5298830762936919
"9522_1",0.3462732208385885
"11379_2",0.32781432513143755
"7357_10",0.5795998157265441
"6080_9",0.4025376860444708
"2039_10",0.8787300519934669
"7086_8",0.6580621112239027
"4757_10",0.6465936471695432
"2472_10",0.5444542688586588
"9442_1",0.2056342850580207
"12438_10",0.5914473955134063
"747_8",0.662383092404634
"6786_4",0.45611805990067
"11942_8",0.5675599767806851
"8611_9",0.6062894643190148
"9240_8",0.6885804694757398
"7411_4",0.22798143366789525
"5196_4",0.16061605918661248
"5709_3",0.44769090968053327
"6758_3",0.19118949210056488
"1933_9",0.6764689941758854
"4464_8",0.7551471738581043
"11100_9",0.6940566930602162
"3636_10",0.5739391951623387
"12328_1",0.33463674135668187
"6783_4",0.4073366140944493
"11381_10",0.7847611768476073
"4509_3",0.28406079238392556
"4775_7",0.6547372826741914
"10633_8",0.7049512705230402
"9161_1",0.2699119634070501
"2277_8",0.8193334038920748
"7402_10",0.5357197912326827
"2713_1",0.30294630857441074
"1312_1",0.10453149373054006
"3633_1",0.30101109179372365
"8943_10",0.8036664212558197
"11734_3",0.5508389341291043
"12120_7",0.5167058374231438
"6285_1",0.3831435473782559
"9296_1",0.08953067474561847
"8696_9",0.6589810365451193
"7243_10",0.7008783689789558
"10135_8",0.777798179925345
"6094_10",0.8077933644041548
"6962_4",0.3280512522650799
"3916_1",0.2774083422609453
"3650_10",0.5855534573367698
"58_8",0.8574513813264423
"10858_1",0.2553374630225296
"11894_8",0.6060566667390547
"759_1",0.2892031713902542
"10311_1",0.5678549957139566
"1127_10",0.5867508322172561
"6723_7",0.7488188750880636
"4966_7",0.7254814899992182
"7196_4",0.36912583343999017
"6244_1",0.21166225085578672
"9510_10",0.7988044526929322
"3471_10",0.679999420893855
"9840_2",0.6452703141854264
"11886_9",0.7181279685195334
"7880_10",0.653905360354478
"6358_10",0.6710232304479827
"6280_2",0.6009884132421156
"2580_3",0.2923629101293367
"122_4",0.3080532536285214
"5713_2",0.3530583897332965
"7187_7",0.577268001710927
"8601_8",0.7162664385660559
"52_10",0.7691744607269428
"2447_7",0.5803819070137571
"4828_4",0.19856104229945082
"5371_1",0.3825309725569274
"5066_1",0.19183823982262735
"12184_2",0.41764120561241397
"85_2",0.37986322566950237
"10067_7",0.7228479910399773
"3999_9",0.6799024194723207
"11623_10",0.761077315859429
"10826_4",0.20160110731197772
"3780_1",0.23175705803118232
"10195_1",0.17216669091011402
"7875_4",0.3714162183544559
"8510_4",0.5547621863394387
"9916_2",0.1728863332402661
"10023_4",0.4589521841451275
"6870_8",0.6295782160991449
"4753_9",0.8086923456646476
"11120_7",0.3795960784385928
"2516_10",0.4411246762226981
"1719_10",0.74948370605588
"4426_4",0.40401013610105685
"7835_7",0.48185428893619003
"5148_7",0.5763856512633052
"2997_7",0.5722150248308608
"2211_7",0.5759118385234361
"626_4",0.5692638677233671
"779_1",0.3697606056387554
"9712_10",0.5567148767508635
"1504_9",0.6755601559393741
"8903_3",0.4307907192638007
"359_7",0.6067173903848929
"7465_7",0.6956558010850413
"10966_2",0.251272133507141
"8227_2",0.42005725786131065
"10746_2",0.23354511271555187
"10356_1",0.38518156894933375
"12286_1",0.23120203603549613
"11128_7",0.7943861685015616
"12489_3",0.3818366961600784
"1264_1",0.2534579591451569
"3871_10",0.7764742454384465
"9248_10",0.569363430019868
"3094_4",0.51550006084902
"7472_9",0.5588504463449181
"3537_2",0.3183567577762639
"9727_2",0.22905786035235412
"5453_8",0.5620361568519757
"2283_10",0.7630453395878126
"7533_2",0.18501837773920807
"6468_1",0.24457629603604078
"12274_9",0.6725648404017142
"10713_3",0.16932041162023195
"8518_7",0.7700056497269562
"1838_10",0.728058937395646
"5304_1",0.39960751342435796
"4227_1",0.48261287872250486
"5342_9",0.6760318625545609
"1754_8",0.6598715817103447
"4800_1",0.25303400781400043
"10717_3",0.39500493858609187
"1919_1",0.3127200523352912
"6851_7",0.566076463511633
"322_8",0.4608363948732819
"3028_4",0.3102368459706123
"7463_2",0.3161771656260082
"7999_1",0.2583955174829658
"3036_1",0.26734940247470723
"11154_7",0.7217486489965792
"10501_1",0.17402823569189668
"12272_8",0.7651902906804134
"1738_8",0.7148489018130052
"3242_1",0.1359833948934537
"6178_4",0.37920155771363884
"3405_4",0.2937571915816122
"4663_7",0.6995809600761529
"11348_1",0.23463009902975968
"7304_1",0.2952726000233256
"2962_1",0.3307671200376502
"11701_8",0.564123458649647
"9354_9",0.7358440472108554
"9846_7",0.5126426672393404
"12496_10",0.6207271265471829
"5652_1",0.32867767507325946
"7371_9",0.4941894663795599
"10131_3",0.4002845529450495
"9826_4",0.3524939610508033
"6141_10",0.7866911570629823
"7472_3",0.3975614788397226
"2622_8",0.5191685927304056
"10281_9",0.8336431630446715
"8668_2",0.1979819845785408
"2348_9",0.6666454832460118
"12047_2",0.29040704535668266
"11373_10",0.5506150580100065
"4254_1",0.19451710292093996
"524_1",0.3971881896713355
"5808_1",0.16498949288274634
"515_1",0.1700257628790121
"6414_9",0.4987424917440206
"8938_8",0.6802161361711333
"12391_8",0.7520619671924533
"776_8",0.7160175246986171
"12197_7",0.7224242818493491
"4582_1",0.5803221703237238
"3638_10",0.7820204480949726
"6338_3",0.3934914223645564
"1165_2",0.45269556145830153
"5574_1",0.2930633380916742
"7319_2",0.2606886920965188
"595_10",0.7921627433201337
"6694_1",0.3772015072795809
"12209_3",0.4495472535849734
"3268_10",0.44389199520158934
"12492_4",0.3614726462905204
"4738_10",0.6671415475125202
"947_3",0.42870311893381585
"7726_10",0.7279955275759066
"94_10",0.5440961416373519
"11760_1",0.6016108396052072
"10978_10",0.7082202097915903
"10072_1",0.2827130333317536
"2346_10",0.8030014502486066
"5008_9",0.7957406168182052
"5135_2",0.22249771983217062
"7979_3",0.7243469729897095
"10863_10",0.528802994008108
"2862_9",0.5645626536106176
"7562_9",0.8156370517467003
"8023_4",0.45620401166392843
"341_9",0.6948133254581879
"6321_4",0.43883182851909514
"9936_1",0.23046550971839339
"9581_10",0.7997285918719097
"3750_2",0.2994563127141913
"8298_2",0.40321814666441363
"5900_10",0.8802710864130119
"6308_1",0.3051449125214361
"1609_10",0.7536238607868176
"11054_1",0.22918162316720844
"7031_3",0.16870320981585443
"9507_9",0.7837568994398209
"3121_1",0.2742588934671868
"7521_1",0.3273903574975037
"4830_1",0.4044880209325453
"6686_2",0.353954468286887
"1618_10",0.35489037548550756
"2190_10",0.7776057347421238
"6943_8",0.6187296456952815
"1385_7",0.7751294076582047
"544_8",0.62476236888041
"3225_10",0.5343714090838275
"1044_3",0.21548385993625294
"11691_7",0.5551974454504763
"6124_3",0.39819476593362946
"7326_1",0.2520852497977793
"1471_10",0.5881287558692035
"5010_1",0.3106364803742445
"2695_9",0.689353090158576
"1222_2",0.29999956280198925
"1012_8",0.33900221921784174
"5459_1",0.432965731970412
"4734_1",0.10653692737707766
"3138_8",0.7453018068335061
"5674_7",0.6355766354066017
"6815_1",0.24910914504801795
"8285_10",0.7906096147398657
"5504_10",0.5956928357352433
"6800_4",0.23778854011672304
"5292_10",0.7006664401166939
"5121_1",0.2439812668759572
"9861_1",0.3444292173768487
"2645_10",0.787517350298849
"9422_7",0.43234028337289243
"5144_1",0.1371224382129148
"3877_9",0.5442146107345962
"7822_8",0.9004482373446799
"3324_2",0.31079944620269007
"5559_3",0.39469012802335457
"9969_3",0.35006364249878413
"2296_2",0.3657265259651707
"10021_9",0.6879383576619585
"11111_1",0.11964724783880717
"1371_1",0.28413651472583146
"4321_9",0.4461732435094657
"9706_7",0.4370209147729459
"11782_1",0.17192167208204517
"141_1",0.3978947932176707
"3106_7",0.6799566749823065
"1817_10",0.7072340978608673
"4508_10",0.6144313500241958
"10922_3",0.35436432019106373
"2304_7",0.4905932603530804
"2229_4",0.3468488371131328
"4283_9",0.4296408466246622
"9087_2",0.4799099304084187
"6003_9",0.6856365207398906
"12126_8",0.8727444420002758
"6067_10",0.7852834684927982
"8714_9",0.6460363127936356
"11932_1",0.34761157071436644
"2293_8",0.7516113052658415
"6184_8",0.6023976497424308
"8448_2",0.2993502668148107
"8269_3",0.2444469991200228
"7495_7",0.4982459664453611
"8282_10",0.8477913107352174
"2351_7",0.6419065753804821
"11688_7",0.7053100334156757
"3805_8",0.6288998426983836
"5158_1",0.14421126655684385
"12476_8",0.6244295775004919
"8265_1",0.3094202519367811
"2194_10",0.707198864813686
"3465_3",0.2508879777879813
"5234_10",0.7918936881749978
"6903_10",0.7121479728040324
"8085_1",0.3266039762303882
"869_7",0.6155339760656887
"12034_1",0.3058735011675082
"6297_10",0.557719152814089
"3194_1",0.20632048963868213
"8725_1",0.5121526408057149
"9563_10",0.6928904868454988
"11075_1",0.15666797693471302
"5734_10",0.7053085243362
"5357_2",0.1984416504583996
"6453_10",0.6615079543992627
"3263_3",0.3292077318995502
"12360_7",0.6464945644833234
"6477_1",0.22679127216208192
"11863_8",0.5751860584742566
"8459_3",0.34003042146066464
"10594_10",0.6070516369036129
"2237_1",0.2807136977134844
"7511_7",0.5802547830967618
"3626_3",0.335692776259174
"6288_2",0.12825421155121586
"125_7",0.5818807695350297
"3318_7",0.650016524304091
"5525_7",0.3921371808167055
"9695_1",0.1750771807363495
"5917_8",0.6111083196228565
"8486_7",0.5508153438335792
"6032_3",0.2821916897964304
"7759_9",0.6554651190139354
"3456_10",0.6999878594747527
"1692_3",0.5618957717595356
"2107_3",0.17696525465810387
"11215_2",0.1908826832576417
"1309_7",0.6482534046050945
"6650_8",0.6576554542569495
"5722_9",0.7760662040141977
"4479_4",0.441531276308775
"347_7",0.5983470450865078
"9399_10",0.8776608424784573
"2475_1",0.35764201230164333
"8229_3",0.30430988208726745
"4869_2",0.250937276622171
"9691_1",0.3904528712976852
"1227_3",0.3433162847254701
"360_3",0.35501531691630084
"10047_1",0.18773442483855363
"1607_3",0.3448665170179171
"797_1",0.1935953484701191
"9489_2",0.5235861335324878
"1742_7",0.6478607587824177
"10531_3",0.4311020305181741
"4947_1",0.38544332195821257
"10873_8",0.5681400669440273
"1429_7",0.5740281005249126
"10962_3",0.1706182254829611
"3305_4",0.4964042309007875
"12160_8",0.6042119886838794
"9236_1",0.1627160761477263
"3718_1",0.09173755820853287
"3434_8",0.6678119221918714
"10933_8",0.649602961058644
"798_10",0.7792952807099364
"9879_9",0.4964974484593469
"6644_10",0.4904674371405968
"10978_1",0.17883222586965908
"7867_2",0.30190058988693624
"4369_2",0.1972379907365669
"1251_4",0.3957068190135832
"1500_2",0.2897727375589593
"7574_10",0.744857467340614
"5470_1",0.34226585281173305
"2407_10",0.620080603247356
"3451_3",0.5119224232056475
"9385_1",0.3946466342690578
"4078_8",0.5770475376554332
"3229_1",0.19468208965271636
"1786_8",0.646897260704636
"5173_2",0.4691701183409762
"1211_8",0.581302985029917
"4303_1",0.1997357492014559
"6011_3",0.35321098688291835
"4513_4",0.5442629907717208
"11745_9",0.7963311566725063
"9675_9",0.7845721198120311
"11981_3",0.30106554383576595
"5977_10",0.586384212769763
"5023_4",0.3924251978997344
"8704_9",0.5006131640491378
"8644_10",0.5582642806034271
"10557_3",0.2776897155775727
"6549_7",0.753915229406163
"5557_3",0.2944561170101128
"6402_2",0.3375067303295307
"2642_4",0.34230430071765305
"11796_10",0.5206114652817095
"7102_1",0.25526709288216887
"7968_8",0.7044941188093834
"11764_7",0.3511209304050662
"9415_9",0.6490378046150598
"4817_8",0.6483626061782192
"1007_4",0.34994490655442195
"10943_9",0.5314981145706701
"7280_10",0.838800446420304
"6068_2",0.34804382172247433
"845_10",0.5724175060026089
"8377_3",0.12340737242783069
"8445_9",0.787647186683833
"563_4",0.5620861551542893
"8761_9",0.5347892713339412
"1552_1",0.1479729853543339
"9630_1",0.14656863017772198
"6444_7",0.6069337080280301
"3188_1",0.24614188568795176
"2142_4",0.3063401521693518
"2045_10",0.6429575718369422
"2477_10",0.7289013789969281
"2597_1",0.2538712735611554
"3137_8",0.6871589406805859
"1345_1",0.5510983147241736
"8498_7",0.6280647460808629
"6550_4",0.3424651696996184
"9583_9",0.7063438517698252
"7506_7",0.5775236181517879
"9316_7",0.47096209818836504
"11473_10",0.6490382653108676
"3003_10",0.6877925303635417
"8532_7",0.501456208887678
"5654_1",0.43474473305388867
"822_10",0.34591872517826355
"1312_10",0.7753743067869058
"9665_4",0.41804429165178686
"4442_10",0.696551438188591
"11758_7",0.756165851709357
"11185_1",0.52466314831968
"11588_3",0.2801423215027854
"3366_10",0.6380830923389035
"7050_8",0.5950072722517709
"4778_4",0.12310267273171964
"1_3",0.2610614537684268
"2838_2",0.26676196548869563
"6910_8",0.5916305046435912
"3257_8",0.8186916493858739
"9111_7",0.7307221991762547
"6458_7",0.5608181080692111
"5622_8",0.5124571689786809
"12469_7",0.6435902351678845
"9670_10",0.7819799080296236
"8092_4",0.28837595132241495
"1683_9",0.49151439431603355
"6181_4",0.44380677894890186
"8965_8",0.5439001613756194
"5186_1",0.15588071147682636
"1250_2",0.22830512297712988
"4705_10",0.6049730382892767
"10261_8",0.6279002288587834
"350_4",0.5991306756084844
"12302_3",0.2955473573048201
"776_1",0.5810955567685905
"7424_10",0.8238843010925427
"10383_8",0.7091484193263545
"360_9",0.630923822489884
"5798_10",0.578021525102602
"10720_4",0.47390010230381996
"6009_8",0.8193315553769386
"2319_8",0.6935449752161874
"7053_10",0.6023228653037296
"11210_8",0.6409836149387964
"1985_10",0.5170469033217139
"6056_1",0.405007869442112
"10315_1",0.46874712409195823
"9_4",0.5462050125513896
"6530_4",0.44822656253795395
"1367_10",0.5770162000865372
"4564_2",0.2535953289038211
"4343_10",0.437956301493504
"654_3",0.5014095424213451
"4857_1",0.270772344498054
"1377_10",0.641388344435875
"8072_10",0.7285727861971465
"11433_7",0.7369344956871196
"6586_1",0.3787718180155884
"10255_1",0.6380279189152087
"350_10",0.5445023166278268
"6853_8",0.61161057742694
"3693_10",0.6975012259755159
"2589_10",0.5990364350818993
"895_1",0.17180810707237396
"6854_7",0.6541060564839118
"1274_2",0.37469041492617905
"9179_8",0.6624813770557445
"10141_8",0.5719395418935715
"10727_9",0.8378941716602903
"1158_7",0.6678353649014491
"9949_3",0.4087911857276215
"7798_10",0.6916435307775867
"5964_7",0.6368733388077995
"11221_10",0.7000451445520985
"3053_3",0.3290786492886864
"8817_9",0.7929849005454617
"5850_2",0.22032977955813898
"9635_3",0.31586238729495225
"5000_10",0.7760698394319745
"10040_2",0.37650600061866685
"3065_1",0.38114744298948056
"2196_1",0.5545223487720722
"12428_7",0.5681227058553427
"8454_1",0.4380040177966889
"11456_10",0.7675311645563818
"5918_4",0.34292491203690506
"10687_7",0.7095824860898315
"10507_7",0.4740080919738782
"9051_8",0.661183141142403
"6315_4",0.3828927882427791
"11266_10",0.6057320004182728
"5890_3",0.4610280462521334
"6257_8",0.5154692302623266
"2923_8",0.833679758327825
"2952_1",0.2110381835280283
"7269_8",0.6582468610096778
"1116_1",0.25509604926233526
"11084_1",0.3307003981909289
"10287_1",0.3021990812862692
"5704_9",0.7018997983638484
"11218_8",0.6522402894925474
"12275_2",0.4394285296582518
"1414_4",0.4271959249594027
"7998_4",0.4060664896070317
"3286_1",0.24171000176781668
"2515_1",0.5441855255877659
"851_1",0.4347860343613377
"5181_10",0.6484762855100181
"5358_9",0.8548836908373881
"2677_10",0.7798781806998576
"34_8",0.6858427707506966
"9232_8",0.74001840560887
"5835_10",0.6098935509533453
"10796_4",0.354966359523313
"5553_8",0.7306625489204256
"666_4",0.47616474029575007
"9450_1",0.12813325470587522
"10820_8",0.7083577860775082
"7994_10",0.7414688567953083
"8948_9",0.6801254668183396
"3301_2",0.41478036483511255
"2801_1",0.2525912269762043
"4934_2",0.1878164618480767
"1539_10",0.690484616026491
"10949_4",0.37706564734121784
"4394_10",0.754231301507816
"4098_8",0.429546686475385
"1617_7",0.294473170288009
"9569_3",0.3870787027182354
"8593_1",0.30502373820608314
"3449_1",0.4585862190177798
"8372_1",0.20404078893751162
"815_7",0.6541423373876041
"348_7",0.4817388380365668
"7220_1",0.42798105797463987
"2633_1",0.2698642178274526
"1752_3",0.5178844221108404
"3347_2",0.3649620300248208
"4967_7",0.6443478434843913
"10910_8",0.789609526133951
"3147_1",0.4761109499564735
"7791_4",0.2864977811722483
"1588_7",0.7803834358382259
"8405_2",0.3663863303696284
"3826_10",0.6609472276229443
"3178_2",0.33159328762364226
"4420_4",0.5379276710601243
"246_2",0.3335590120607887
"8462_7",0.7860431340884727
"8264_3",0.34633400295261013
"2695_3",0.4021381668521892
"7258_4",0.5203265642656331
"5787_8",0.5749207875610052
"11668_2",0.4302301771959251
"5529_4",0.6955456197144205
"8923_2",0.16049104827200222
"4784_1",0.3820984289906073
"7730_1",0.41804645727300865
"4455_4",0.341020132814171
"6416_1",0.14224078640108462
"87_1",0.28648624997119615
"9548_8",0.6889119228929442
"1285_1",0.15026045850856873
"7695_10",0.7826756149943658
"4364_10",0.5804971004200068
"9394_8",0.48670848716089643
"1253_1",0.3664469832451807
"2481_1",0.4138067596553817
"6790_1",0.44327714117702866
"9989_10",0.6197536535653768
"1483_8",0.6640746504119561
"8772_1",0.24057187469878083
"2993_10",0.7432134738403878
"1801_1",0.21189316784131496
"9434_1",0.25298898422093324
"7938_10",0.6390656349551392
"2262_1",0.1999911334409924
"5076_1",0.13819097871039943
"10994_2",0.16294736644075128
"4749_7",0.548493999265882
"8309_8",0.48181250872972076
"7031_10",0.8125874548469444
"2711_3",0.39604600105537596
"8655_7",0.6540840670399748
"11329_4",0.6914537120199629
"9076_3",0.4219416483652076
"11647_10",0.5264441877812853
"7934_1",0.30828778053943023
"9114_1",0.2496829854547807
"6510_7",0.3348406042944432
"11487_1",0.19108768185334907
"2348_3",0.4267711733949497
"12325_1",0.2981345917059896
"6405_10",0.563171576789883
"357_7",0.6426066817821149
"12253_10",0.7055591231952012
"4927_10",0.7672842853944604
"8636_1",0.24137542272963972
"11184_10",0.861794405622134
"9974_3",0.47277438117745607
"6516_1",0.4407953698665827
"2167_9",0.6089843808219494
"10794_10",0.7406764618659812
"966_4",0.43712751591258603
"10040_10",0.7421333343872554
"5940_9",0.554306858976584
"9181_8",0.5969676752034001
"2196_8",0.7871571747636338
"6361_4",0.3791259343334207
"4243_9",0.6834203498158299
"581_9",0.8067725059771824
"7195_1",0.3566834506162573
"2986_10",0.6790171030510653
"4344_1",0.22618825714024218
"7176_10",0.46774492591987693
"7857_10",0.6533321027130159
"6487_1",0.24465627030628656
"3692_10",0.6892267342563259
"12198_10",0.7146829390629995
"10569_7",0.5625768244155565
"9850_2",0.41018650160432074
"6415_1",0.14873963413710112
"6373_10",0.6281359168115814
"5103_1",0.4133266545252077
"11048_8",0.777319372382029
"2055_1",0.3175762912197883
"2920_1",0.33349537260865547
"8667_3",0.4784430250422827
"7059_3",0.30485863086371884
"3887_2",0.2885498748987232
"12356_10",0.3727726984740788
"5402_2",0.5329688295264885
"10274_8",0.5956221116993237
"11831_4",0.34259740442592607
"5375_7",0.5525939511977891
"7875_7",0.3962753845846698
"2733_8",0.5310725570742793
"6420_8",0.6580949701126335
"2240_10",0.5372785756392199
"10627_9",0.7332404716312807
"7319_8",0.6554223502104176
"7782_1",0.1572647222844516
"857_1",0.2792754082696961
"351_4",0.48436601334365187
"9260_10",0.6313679198999647
"6891_10",0.6928012576336497
"8205_10",0.3769956152733283
"1179_3",0.2655655856368901
"9061_4",0.23863339663183464
"3571_9",0.7570858141971505
"11352_9",0.8148635757415347
"11770_10",0.699857061244577
"10714_2",0.3470590574605511
"5397_3",0.3076820927539355
"2360_1",0.3855883473107378
"9459_4",0.5445819549828687
"7493_1",0.3636305907952029
"6799_10",0.8242720516478208
"2313_8",0.556411268342813
"7602_10",0.780660303524939
"1731_10",0.6787641411896381
"8502_10",0.6745353806514242
"5632_1",0.17128173658472395
"3723_10",0.7030737019834332
"6473_3",0.5523118413863607
"3596_3",0.1937397478416784
"8583_7",0.6715767710984248
"10902_1",0.34575254793494736
"1032_1",0.45809435844211394
"2931_1",0.20732523877584252
"9930_3",0.27901502018881136
"11825_10",0.8363948227377396
"5384_10",0.5391283938760348
"2492_4",0.45580637243230226
"5008_4",0.3235561669878662
"7334_4",0.3909247757774451
"10082_8",0.5776539906093214
"1395_1",0.27312437296939424
"8140_7",0.5608648835134563
"2400_8",0.8547994956018939
"11462_2",0.23345007085668884
"6632_10",0.6568160999335939
"11499_3",0.4767003756966061
"5576_1",0.2650920388332365
"1172_7",0.6890514190851738
"3053_8",0.6650076936274822
"4119_1",0.260152215299339
"8165_2",0.36109068983044057
"8333_8",0.6234830926666816
"2242_1",0.22300314708786118
"6132_1",0.30250251422505386
"12270_9",0.6357429896163566
"11456_4",0.5269919756024593
"6898_1",0.4170408927017246
"2512_2",0.26494890707000085
"7045_7",0.5265917303478376
"2808_4",0.12550974076961996
"6257_4",0.11896942498709183
"1971_7",0.5110540966520489
"10565_10",0.7984324775010452
"930_10",0.8669954976682727
"196_9",0.7108458143690386
"6535_1",0.24793658471686505
"5257_1",0.21093020018523195
"6759_4",0.3870110477646793
"5016_2",0.2383227884225291
"10959_1",0.20846358522233477
"4450_10",0.7857662995931377
"6678_10",0.6563761818144177
"11286_8",0.5378915184789521
"7200_8",0.8116023872475765
"6660_7",0.6039989063483574
"12481_10",0.8113934131093458
"10278_4",0.3189007623538386
"6233_8",0.5594874107085885
"579_1",0.2926713323488077
"8519_3",0.28778817499896775
"1220_10",0.599948731705661
"2342_10",0.8649549608389131
"1860_1",0.15925222929460792
"7273_3",0.3997300720711125
"4653_2",0.276051763210806
"6878_4",0.40589894901432894
"502_7",0.5580854081721905
"2406_2",0.3631211181835081
"2021_1",0.2098492456278888
"874_8",0.6974195154718259
"4949_2",0.4992523732432083
"5054_3",0.37061002033378165
"689_7",0.7148924236837103
"9643_7",0.697545065184266
"6445_3",0.3720007676941552
"2377_9",0.6468839545354336
"6107_8",0.4927362177790865
"10368_8",0.7907680908681789
"10444_1",0.10081790070016364
"5498_1",0.28845495609650873
"1018_7",0.5942742802657122
"2718_9",0.3929478037045124
"2418_2",0.5850401634789971
"7412_7",0.3582124074139187
"213_10",0.6436161713274352
"9417_2",0.1713351010343982
"1194_2",0.3153968423320791
"9366_8",0.7285650564066267
"4769_1",0.16965180500799623
"6667_9",0.7529221720396959
"9361_2",0.3201150098392648
"2182_8",0.6605802351148614
"10677_4",0.44368873400807735
"3931_10",0.6075519434341208
"120_9",0.6350939077704042
"10837_10",0.7563732336024099
"10830_1",0.157365872142816
"3679_2",0.44361194550374194
"9094_9",0.5966252840307688
"7880_2",0.3996190430111423
"4969_9",0.7105921421769753
"3418_3",0.26361145636797634
"5490_4",0.4640476338893814
"264_10",0.7877528443253354
"1602_10",0.594799256815728
"5019_9",0.6079656823413762
"12000_9",0.7296679824414162
"10794_4",0.2872328281650112
"2504_3",0.7378509762909246
"12340_4",0.39497592930692355
"7732_2",0.33743234292863156
"2028_1",0.11938528513864825
"3986_4",0.4603292778490572
"5100_10",0.6677505945766194
"2135_1",0.1747839194162619
"10227_7",0.5131894161028473
"4413_1",0.5872942250186307
"5205_2",0.15645577843366767
"45_9",0.6364524692205459
"12151_10",0.69175659484154
"11055_1",0.19467295956324535
"2632_9",0.7582984744343709
"7047_3",0.23483522528853118
"1915_1",0.22512232913815
"9666_10",0.6882663026200139
"10027_1",0.34836630917499756
"11024_2",0.29817084795817494
"6482_7",0.6137901448647172
"8060_3",0.22531329085739862
"9876_8",0.5552988071483487
"3839_1",0.2550235399422053
"3682_9",0.6916599134566269
"5962_3",0.16317363315018743
"222_3",0.2302452672258747
"10460_10",0.7403320767696965
"8543_1",0.38677186490284
"9443_1",0.30308620124107866
"10201_1",0.7827834169571295
"5046_9",0.8025877413084223
"5899_1",0.3024707428811382
"10140_1",0.28618888991763963
"5009_1",0.3162730834852586
"4626_8",0.5720763312131673
"9033_10",0.7866343978448929
"3243_9",0.7341259716862946
"6379_1",0.3988394336918743
"4949_8",0.8953054493400311
"6119_10",0.7289942775987016
"10336_7",0.7092499499623869
"7344_1",0.2225724289066341
"3294_7",0.7618275501938409
"4385_2",0.3448204281352937
"2172_9",0.7063444986351856
"8295_3",0.19500632905924498
"1031_10",0.6440330502663113
"7577_10",0.7745957778848843
"6778_4",0.4908217475844395
"3154_2",0.49702960308959493
"9585_7",0.7110629953251214
"3445_2",0.3745184489183637
"7416_3",0.4055671044160039
"9780_10",0.7767514298659559
"480_10",0.6588171694226322
"837_4",0.3910292819271772
"10166_8",0.5965727228314704
"3695_7",0.36060356176585895
"12417_9",0.37402523146928685
"3932_3",0.34212099898259973
"11790_3",0.2198646039347061
"6917_9",0.7869769708026421
"1975_4",0.466037536904488
"11249_10",0.6440861229940378
"7366_7",0.7356808043023001
"4579_8",0.7862243473583161
"8415_10",0.6916263028702323
"2004_1",0.5099916360830894
"7599_3",0.3179004302886058
"12259_8",0.6482222435869731
"11005_7",0.6972198023990909
"11914_7",0.3878496159392454
"8498_1",0.29425474095007653
"944_2",0.21014576421355485
"7183_10",0.7499261314217457
"4422_10",0.7193935172873228
"6791_10",0.5968869036255949
"9286_1",0.45947227851474504
"3325_10",0.8393491137330191
"5599_2",0.2053569169992313
"3064_1",0.3300791389330235
"209_4",0.12886051792457467
"1904_10",0.39776187461365115
"10699_3",0.4844322050844705
"577_3",0.42793226801746076
"3157_1",0.26981780824104395
"1582_2",0.4459542019288824
"8044_2",0.3493689438488305
"11208_1",0.33611085222005455
"4708_3",0.4194838397292387
"10439_8",0.6358599093124386
"11083_7",0.6236468324952343
"8066_3",0.32373078394862925
"11327_8",0.6614553852675559
"9224_1",0.42612542687311744
"2165_8",0.647214222352072
"9892_10",0.799377870785872
"4402_1",0.19923143449030095
"11804_10",0.6853861966856997
"1296_8",0.6375695200632103
"10562_1",0.36822719794902
"5003_10",0.45654139345932476
"10448_1",0.1088019661456711
"3274_7",0.6556244360731652
"6344_4",0.4059238955811267
"8129_4",0.3618020682057739
"9525_2",0.11970340535460464
"661_1",0.2136972707451325
"9398_3",0.35545925616807283
"3639_7",0.7946278125046567
"5527_7",0.6253755342422643
"7790_3",0.5183328876760285
"9550_1",0.44749110278943416
"2042_3",0.3235634152689619
"366_1",0.3049117298811249
"8446_3",0.42752443709942534
"7859_1",0.4420555330461064
"5587_3",0.2393702431902319
"10604_3",0.3347401843721135
"5245_1",0.21210277045159948
"804_8",0.5807042257925739
"9098_3",0.43117828667148334
"6240_10",0.8128223441523236
"3960_10",0.5358261837257647
"10536_8",0.7113994875475503
"8793_1",0.20651014329808975
"1586_1",0.1559279198750827
"7131_9",0.6417145683185276
"11338_9",0.5643786208437478
"1053_4",0.27360826077471845
"11170_4",0.28005825487113817
"6806_1",0.6155899879775767
"3741_4",0.46636382179823466
"1231_7",0.5349738837747361
"5499_8",0.5773928537550291
"12452_3",0.48816503856081433
"5331_9",0.684840432913872
"3302_7",0.6023841641232952
"6214_8",0.7406297238856069
"6908_1",0.42912617610540615
"8510_8",0.5332725597173511
"10522_10",0.7988594841358204
"2844_2",0.3417730499787131
"11797_3",0.24627466533429848
"11237_10",0.548772705857189
"6762_3",0.323094154033798
"897_1",0.24039203575436077
"10312_9",0.678278755528636
"10272_1",0.1939147183995554
"10814_9",0.6609646117362291
"4504_1",0.24398399789010047
"9389_9",0.3865760553394939
"9035_1",0.2563674181724098
"11306_1",0.43925379226369915
"6309_4",0.525820163918127
"5179_10",0.6235591474899947
"6099_4",0.39352691838499676
"887_8",0.5910614912164253
"10220_10",0.690480313194762
"286_10",0.6631020448074902
"5809_10",0.640581678051638
"7725_3",0.23401475616292067
"9722_7",0.652073106293184
"9104_7",0.3744294838478839
"7313_7",0.5864690213982181
"1706_1",0.25248761054316876
"11737_4",0.44067246453225095
"11203_10",0.6515117718228812
"7767_4",0.24095513923757242
"1822_1",0.18328392434334853
"5113_8",0.6155800682032169
"5456_9",0.6199249361317469
"6005_1",0.3071821806080511
"2026_2",0.17309355079890698
"1379_1",0.4578081904914979
"3048_10",0.7341598648549257
"5070_10",0.622025146347429
"8985_1",0.1574832674487063
"1643_1",0.4655301646029617
"400_1",0.2104258408626906
"7546_10",0.6239053094641772
"3438_4",0.275085400976228
"12136_8",0.4732685421674441
"6850_2",0.3000626327425872
"9054_8",0.6795845033189374
"1555_10",0.868789955616336
"7103_1",0.28553336941214136
"6218_1",0.27095324322950326
"1619_3",0.25558658116089256
"5187_8",0.5293737313433569
"8575_2",0.33082409634725113
"1593_10",0.5785762936372487
"3910_1",0.2341470148392934
"5743_10",0.5843866814408447
"3061_8",0.5210724861803602
"9633_8",0.7536372919193646
"2488_9",0.6534244107390744
"11711_4",0.33086539151553
"11282_10",0.6146551491640602
"8919_10",0.741893608985563
"6139_10",0.8046178395138637
"8032_1",0.3013136940390294
"4287_4",0.3608779026272118
"11044_1",0.417912305764775
"11123_8",0.6056587363886431
"1828_9",0.7576578960772244
"4232_3",0.3656763191202976
"7258_9",0.7449076453036433
"1078_4",0.2865771200866458
"9967_10",0.6876469575136203
"4975_3",0.3896206942284592
"9974_8",0.5553031596812777
"424_2",0.10877491945545245
"7181_9",0.5952161202459224
"10703_3",0.5034603828129627
"3157_10",0.7603998126147277
"11096_10",0.5915743305508377
"2185_10",0.8105930789725438
"2779_4",0.40916499847815063
"9342_1",0.2378000392828314
"3615_8",0.7285113178056531
"6777_10",0.585443407324179
"5440_8",0.6476045974700361
"706_1",0.5017403324478283
"5909_8",0.7113039135885022
"9578_3",0.3261016338113907
"3393_4",0.4388078648043163
"428_3",0.32299201492881485
"651_9",0.76974607216984
"12433_8",0.6296220930730713
"8643_4",0.2599329733294613
"5826_10",0.7993630955832152
"4060_1",0.3256726137710085
"3310_8",0.5275919754562776
"8941_3",0.5715605616066652
"11493_7",0.7496686175452978
"7896_8",0.6145623816290564
"541_7",0.5837294260285981
"10614_1",0.4131211305013419
"3751_1",0.21934678654120895
"7851_8",0.5071708362942627
"5940_1",0.4134985907419015
"911_1",0.21387143897676172
"1233_1",0.39708308108341644
"4995_1",0.45390589102299334
"2771_9",0.6584480433795127
"5085_8",0.519165141637357
"6521_8",0.7012498072145262
"8106_3",0.3220752048718276
"2962_7",0.475297553976915
"1621_9",0.6360871349670094
"4981_8",0.5683823616602525
"11884_2",0.3210676880403024
"6038_10",0.811418571547314
"7118_10",0.549793991631007
"10365_1",0.17220147738840316
"677_9",0.7014964344025503
"95_10",0.733498554923431
"8211_3",0.4698211326410086
"11906_8",0.6151932131266801
"3038_2",0.2919042090440525
"10503_1",0.1373030413615869
"11260_4",0.2845402519981277
"11333_3",0.19531850028510672
"6954_10",0.7116426453522045
"143_8",0.5396614553701413
"6458_3",0.3367088999170691
"8784_2",0.3303119553813451
"2604_1",0.28237399646311095
"4374_9",0.8200021181122118
"1323_3",0.5266869474032733
"2647_2",0.3117306225277178
"363_3",0.41943667320926664
"7556_1",0.45948001068137045
"11101_4",0.5544476386823698
"8945_7",0.6201164692637802
"10630_4",0.24117495576471673
"11174_8",0.6074062433553176
"7927_3",0.32594433239113285
"8433_1",0.28316636291394
"8814_1",0.14867338493721705
"11746_8",0.7461642722548785
"2462_10",0.595376798273622
"10036_1",0.1735893557163481
"10628_1",0.2773903415372536
"4782_1",0.2772410206511908
"11244_8",0.5639048606315684
"4815_1",0.3567118618526043
"6974_7",0.561650640456719
"10180_1",0.20790293644024774
"3538_1",0.20819110055131532
"9319_9",0.652370796082155
"3542_2",0.34455308797548706
"5583_1",0.18671142322528175
"215_8",0.6252133747078867
"6949_1",0.10787998475704574
"11401_10",0.7894719981428092
"3468_4",0.41908163591309283
"9478_7",0.6410451482206608
"12368_2",0.17982229315230222
"7534_4",0.3029503675350374
"9256_2",0.24850007140102717
"2192_10",0.5766008280942524
"10617_3",0.24552183884878917
"1464_1",0.22811488622733964
"969_4",0.2611430490247794
"702_7",0.7157642308979972
"470_10",0.7233530989196327
"2575_1",0.2520025584647613
"3059_2",0.3542884219693117
"7229_3",0.22127278163793548
"7437_3",0.335106278862275
"2560_7",0.532012123670527
"8444_4",0.2660504741931718
"1900_4",0.6190743670561403
"9057_4",0.6709681568057392
"10101_4",0.30588067862886037
"4914_2",0.2251693406636528
"11896_4",0.5497790832418665
"10430_1",0.36175561784644655
"786_3",0.28717233651748325
"9834_1",0.3749469337814461
"2040_1",0.15765822625341602
"1435_3",0.23811489801657765
"168_8",0.5699698190279948
"6504_9",0.7514579269883159
"3677_1",0.23272096333028475
"3652_10",0.7582497715604258
"9821_10",0.8956351114319802
"8695_8",0.6598073400011917
"5728_10",0.6634073312561516
"2856_8",0.6884792826691105
"11548_3",0.3367790559915303
"9435_7",0.623835082031409
"7910_2",0.23122741310312353
"4658_7",0.47476635984508675
"10111_1",0.19397365573685202
"12306_1",0.3147514812458546
"6380_9",0.5225637836725955
"3507_10",0.684752603681345
"11085_7",0.6772087214849922
"4268_8",0.5899546263044401
"1702_2",0.320899492224933
"3045_9",0.7413830947804112
"3338_2",0.4928690016657442
"9288_8",0.7174061652786412
"1580_8",0.5530203549486096
"11976_10",0.44208437543403395
"9216_1",0.1859982791140316
"2015_10",0.7269841854487492
"7665_2",0.5072451652610007
"10545_2",0.22306684831608395
"3819_4",0.28003495777556714
"8005_10",0.6885945428657936
"772_1",0.21338831601123454
"3882_3",0.22524324072727042
"9001_8",0.7278155990729203
"3000_1",0.235956769960028
"3357_4",0.2946095467717164
"2559_4",0.3577111048995119
"2178_4",0.4301524886624761
"2249_9",0.8766178395240418
"9616_10",0.8036017581343845
"11797_9",0.6594647895037629
"9061_10",0.7212404018890378
"10994_10",0.6946489576842005
"1076_3",0.29340044585663677
"10774_2",0.37147486021489745
"10983_10",0.7113602908918327
"9271_10",0.6693110249469215
"3205_9",0.6126830056257437
"4987_4",0.4966828897061407
"10926_1",0.34370990034293236
"9150_8",0.644703996662755
"614_2",0.39472266386918287
"12332_4",0.5842832249008906
"9100_2",0.29873291319165995
"10499_8",0.4364818897154608
"6143_9",0.6668906622265165
"4113_8",0.7529556217423448
"4705_4",0.2232704705391632
"3115_1",0.2894071775128726
"1041_2",0.24130483272835465
"11601_9",0.5599565259766277
"11045_8",0.435632001684048
"10615_8",0.4209592226960037
"7631_7",0.6297409629656827
"11829_3",0.33110657167026475
"6941_1",0.4533412311901735
"112_10",0.8177720508502577
"4220_8",0.3827836941139857
"2812_10",0.6348810348122081
"10221_2",0.2640300279523246
"1944_9",0.739209601982912
"5866_8",0.5470109623576034
"11615_1",0.3314682717145333
"3066_10",0.5977376943290705
"5757_3",0.253975013380713
"10569_1",0.06954193996598694
"10633_3",0.20338700779779145
"58_3",0.18715117195554576
"1126_10",0.6240702495953243
"4357_10",0.6989009151102604
"6768_4",0.5150956497065154
"11354_10",0.70193922323605
"6412_10",0.7020520623884028
"7547_1",0.31695342893261963
"5198_10",0.7122197620771136
"5697_3",0.3223684207067335
"9757_3",0.28856194425428017
"8034_3",0.21214172740957152
"8612_8",0.44061299018879707
"8691_7",0.7105359916049763
"6731_3",0.3808055134849189
"12190_1",0.3946314493915311
"3180_1",0.2342072298571038
"11068_10",0.7590776305830168
"3752_4",0.19614774841053811
"1995_3",0.4910028525471347
"5517_10",0.6983692748151904
"6532_9",0.7593292689374134
"4435_1",0.47477316833016925
"5527_4",0.34731439633825884
"5059_4",0.3307527275887543
"12044_4",0.4518285629523606
"3479_3",0.5578044843798081
"8399_8",0.6649625726663337
"8897_7",0.8410630103509188
"8342_9",0.5342302520377145
"7018_3",0.30162751459367926
"2497_7",0.6461491867589766
"10152_1",0.2881634070304583
"11583_4",0.41452859648254675
"3156_10",0.5475293043734083
"5259_4",0.5089796921544513
"2581_1",0.29985290738340337
"5224_7",0.5019328593344031
"9024_3",0.4985129028308748
"8026_10",0.6714330849505463
"9588_3",0.25587692405216866
"11001_1",0.2099941930472746
"6432_9",0.8320559572295789
"8524_9",0.8320783219944036
"12457_3",0.3609413395699694
"8426_8",0.5589992230694133
"11355_10",0.7779939168933214
"10337_1",0.25609337808105204
"11911_3",0.35250692802456385
"2655_10",0.7147418222533438
"4265_3",0.4197910701306731
"6542_3",0.45932876839713066
"9681_1",0.23372979749039768
"287_8",0.5631723475479331
"1864_1",0.11469796755172453
"7655_4",0.4848663566710863
"3613_7",0.7148629072297344
"11041_1",0.5139688843749041
"12070_8",0.6656826332042459
"10856_10",0.8195986605976708
"7365_4",0.3162370004243837
"10025_8",0.734853020544179
"4693_10",0.731281105490783
"9580_7",0.505366669304513
"4669_2",0.3835450495003146
"274_9",0.8075932613647223
"1570_2",0.38947107411102533
"11040_8",0.6262307518756944
"2243_7",0.5891850088358963
"7043_10",0.469779037541047
"3719_2",0.22977674661517908
"7635_7",0.4024266548513872
"2327_2",0.25957737218252286
"4229_9",0.49756424119082376
"4121_3",0.3023788404440386
"6064_1",0.3598785610260055
"364_10",0.6601774482481927
"1161_10",0.7592450305461077
"463_1",0.19368886284855144
"9291_4",0.4271236998389525
"8827_1",0.2855114891764733
"2292_1",0.23027042211911117
"6935_9",0.6650717006754051
"9226_1",0.11350497706397197
"7612_4",0.4439530877432663
"8575_7",0.6059147093428393
"3475_1",0.38222430113338823
"1880_7",0.5917659883537472
"7265_7",0.7719731573655378
"8626_1",0.15574863646220244
"733_1",0.14982142052023825
"12100_10",0.7288582210283769
"1069_10",0.7371211098604765
"11364_10",0.7219448457315979
"5496_1",0.3061179006692111
"7253_1",0.22255465998931687
"3159_1",0.36535307542679013
"9131_10",0.8331623681228704
"413_4",0.40549102346596694
"10818_1",0.20919671066877746
"479_3",0.5312278966682465
"173_7",0.5532173255932701
"9522_10",0.7922826042168511
"333_10",0.6932014543128202
"2819_1",0.1390066638215978
"5723_8",0.6317060439582695
"99_10",0.726577214018344
"7247_4",0.5336190625054085
"4711_9",0.7682009959570317
"8555_3",0.29726015271090744
"6330_10",0.7202744431158582
"8921_1",0.24070070601676669
"803_10",0.5391983590039938
"6219_1",0.31351852704139116
"10077_3",0.28504507592381967
"1274_7",0.6630506752025133
"2307_3",0.343591295430084
"8114_8",0.673715281583414
"1503_1",0.2673855944728036
"2004_10",0.5989941884293191
"712_3",0.5951095519514256
"557_4",0.39180378924378373
"9651_8",0.5443909265119725
"11701_4",0.33147732526323165
"6325_9",0.5112584651525343
"1684_1",0.2669491166000955
"1435_10",0.7344942928028405
"5754_10",0.6310557243024266
"12098_10",0.40602877917949226
"3707_10",0.5943156555307747
"2521_1",0.2690292860843137
"1793_1",0.24721166654066623
"2725_3",0.27104929359018853
"5051_8",0.774161044079443
"2691_7",0.659116247526825
"4111_10",0.7043025158108939
"3239_3",0.16887369411487843
"8124_8",0.5608555857535437
"4990_4",0.3002417268538175
"9565_9",0.7074714327070455
"6657_3",0.32727798539827724
"5882_4",0.3193376350713462
"8571_1",0.2298532580998604
"6815_10",0.702149772717832
"487_10",0.6090700403327964
"11567_9",0.7137471832942677
"10631_1",0.3797081833661798
"7070_2",0.35956214499354766
"8708_10",0.6835465823095517
"1889_4",0.3935824759265022
"1838_3",0.3674776791764583
"6383_3",0.3367132462368951
"4735_9",0.4164775210661092
"11430_7",0.663397424503042
"11590_1",0.15436363363867936
"11023_3",0.3666791293993658
"10870_8",0.7624996733617477
"6734_10",0.6246207101197168
"10174_1",0.19255932441641363
"7905_10",0.8301013876588796
"9555_4",0.4696049263477151
"6303_9",0.6743912787665384
"1426_1",0.3217621341869743
"5482_8",0.6022478605446809
"7605_2",0.22272221153902141
"10249_1",0.19676113258154507
"2466_1",0.36611924568949034
"4055_1",0.369498384297417
"9839_8",0.5784422460704963
"3953_9",0.7119880409790986
"6563_4",0.4222339483640913
"10776_4",0.297916930970381
"7596_2",0.24834136571238602
"10490_9",0.8100934388420946
"3800_1",0.30247137480878933
"10669_1",0.4086447026379164
"6276_8",0.6038413232379293
"3110_1",0.2786524165511721
"12434_1",0.1391409861260991
"10189_1",0.25484454286444197
"10639_4",0.332985931996249
"7734_1",0.31473496533070994
"8763_4",0.42149750485857934
"2702_1",0.4475096205217618
"10179_1",0.26633192945180206
"2317_7",0.4620930522232497
"4677_8",0.7767292985356633
"11805_7",0.6032625065274415
"1339_2",0.543873176012615
"9919_4",0.42389045076019943
"1425_8",0.6075284834648976
"3926_7",0.5429968651228478
"12395_10",0.7257888061957457
"6284_4",0.2934349385127271
"11069_1",0.2680139776113689
"4998_10",0.7510825819070959
"8055_2",0.2619006357522581
"9179_3",0.48260896252301466
"11577_10",0.5504478218062101
"1480_1",0.30959243490576815
"4561_10",0.6575503922073217
"4698_10",0.8210054780462127
"9312_1",0.15833728882605086
"6561_4",0.37021808291377967
"8353_10",0.880734135914529
"11580_3",0.33029025013790553
"10536_2",0.4565566925191754
"957_10",0.7680531307177297
"1768_8",0.7546868865543059
"12197_1",0.2431456337906846
"11459_10",0.6413318897608747
"2271_3",0.36777650957490127
"6973_1",0.3924355057970391
"4199_8",0.7541030163619403
"6582_8",0.4680602707625996
"5843_1",0.1465264677556029
"4140_9",0.510722884154706
"11105_3",0.2661676289370595
"2395_3",0.406988460964971
"10715_9",0.5669895808582807
"6611_7",0.7923394288106878
"2043_7",0.6422785212789727
"2884_9",0.6932055067730302
"4946_8",0.6447115003593943
"9642_7",0.6438555643993595
"5211_1",0.3237808360511571
"10661_9",0.7210033970125732
"4368_10",0.5806617989647374
"12086_4",0.33856033030566146
"6465_8",0.7682199881720725
"4706_1",0.230831104181793
"4694_10",0.5419150667030637
"12150_10",0.6590917513703858
"208_3",0.3062702408924048
"2587_3",0.2813812699949052
"2804_3",0.3575726348510572
"2837_3",0.5774088011070958
"11070_1",0.17263353432307735
"11909_4",0.37829351593204413
"9945_10",0.6632145226221511
"9281_9",0.5538880984396831
"8458_2",0.2609733077370708
"9882_2",0.1893538651766931
"172_7",0.66811110675757
"7632_2",0.3873464931390052
"12246_9",0.6856795431294394
"3889_1",0.2600915174159184
"11140_4",0.4988725941572493
"5240_9",0.6105947149626554
"7965_4",0.45036070692869257
"3387_3",0.3787245944984465
"10817_4",0.18592357935885814
"3332_10",0.5344018417079895
"1156_9",0.8621662507810018
"6585_1",0.2744265592217031
"7931_3",0.26646905228265383
"8268_4",0.23050326892674522
"6443_10",0.5206416032480781
"373_10",0.6616308860690558
"5912_4",0.4457147374302399
"11475_7",0.526363139582183
"10738_4",0.391264526688403
"11175_10",0.7923605036273681
"9008_2",0.4066343822358432
"2218_3",0.2984571307799089
"585_10",0.6478349367988566
"3448_2",0.400726159422964
"3860_8",0.6188208288369555
"8335_7",0.689205593780131
"1907_1",0.09205845959326353
"9169_9",0.538840512058315
"10375_8",0.7114053188481665
"10432_4",0.47457022450383557
"11399_1",0.44520277054911145
"3430_7",0.7298565628725654
"2859_4",0.35451000964483365
"3899_10",0.7966566829221455
"9648_8",0.7409482604983799
"9233_8",0.6583336459569089
"10574_10",0.7645949245903567
"3489_4",0.5701725046471723
"8115_8",0.6639301159260982
"11495_8",0.7004868068450992
"6885_7",0.380179805167399
"1534_10",0.7072009263198042
"11721_9",0.6424254591847106
"11610_10",0.6117069216141905
"2712_8",0.6420389392560966
"3140_10",0.6403106853115405
"4880_10",0.5976144196515002
"1592_10",0.8892574705358176
"425_10",0.6261068067660407
"5798_1",0.12697265384300918
"2212_8",0.6862693348084271
"2685_3",0.1793905842202681
"9625_2",0.16961414105101474
"8492_7",0.6236891618461141
"4932_3",0.44184076193037364
"1704_3",0.3790817863519689
"301_4",0.33948126908369747
"2599_10",0.5823353135343823
"2364_4",0.31837616244162614
"2323_3",0.2291663649407304
"1885_8",0.376295530048475
"1232_1",0.23752639564748357
"12055_1",0.19058514342449598
"2894_10",0.8097204655307031
"5347_3",0.45735081846674536
"1799_4",0.3897132201259483
"7460_9",0.5512605079543449
"8798_10",0.69051495278658
"2134_4",0.3938408805152717
"2964_2",0.4374241341032128
"345_3",0.3547694148204874
"2670_8",0.6717753067478685
"10282_10",0.7039522317908835
"5587_8",0.5707482383421837
"6115_2",0.2746080697492814
"6974_1",0.258219155385348
"8500_10",0.663804982637895
"5073_8",0.6378352784673805
"5291_8",0.6899718471003812
"11728_7",0.6503519487544849
"3207_4",0.3282576015625788
"2553_8",0.645611699202561
"10896_10",0.6535336738582745
"9321_2",0.2580212654929815
"1484_4",0.24411227242222688
"2106_2",0.4123089239394651
"5487_4",0.20831286676857722
"4835_10",0.5309351132449207
"1023_3",0.41382285757486303
"11524_10",0.759740678519972
"10672_7",0.6280662258485279
"9769_3",0.18595012299078253
"590_7",0.6357348697149884
"11530_3",0.2066279946849825
"349_2",0.3240811991632472
"2165_4",0.29700538242142377
"1574_9",0.6406880301267365
"2792_1",0.16570698483775878
"980_2",0.15615898876194947
"5745_7",0.4307833797171991
"4323_7",0.5184512782443742
"11569_7",0.6897387156180287
"3637_1",0.23594764881893024
"4511_1",0.4181113318816796
"8404_10",0.6622356979258731
"8947_4",0.4180269735619198
"12317_10",0.7494622976941521
"3927_4",0.3213614934601007
"461_8",0.6775050741713532
"11651_2",0.12441909529263809
"7697_4",0.32435345256106896
"7799_10",0.6775392584041687
"2111_8",0.6312066902337817
"9745_7",0.741189513600194
"4419_4",0.43890667329608096
"9337_4",0.4268018806819896
"3908_10",0.6030819577841782
"9211_3",0.45631700412717113
"489_1",0.3399026603401466
"9229_8",0.5184896849800439
"381_1",0.20910981453087013
"1355_7",0.6687618481493889
"12100_1",0.32162756716913077
"6126_4",0.4022080478883575
"8315_8",0.8463074948994141
"7513_10",0.5887787880859335
"5547_1",0.4518605200541516
"8050_1",0.34391865740685795
"7332_1",0.249441341378222
"9044_8",0.8571647255035552
"8491_1",0.46547267840462164
"1919_8",0.8601672709582148
"4076_7",0.5610160151037139
"9251_2",0.5116176465319224
"7325_10",0.7870667216219419
"177_8",0.6895539364552276
"8104_4",0.2778803719872771
"919_4",0.2909122396329319
"9417_8",0.8547184557064831
"9440_9",0.624592359203548
"11105_9",0.6471836735884486
"7670_10",0.6666353897034984
"7404_8",0.6454254844867939
"5120_2",0.29758445219436547
"10153_1",0.4000261542480632
"1763_10",0.7021282668132065
"9316_4",0.47087021219159625
"6396_8",0.6422006625575212
"8865_10",0.7738506447176977
"4552_8",0.44096960453733375
"874_4",0.3883356035250124
"6690_2",0.3161129383627704
"11970_3",0.34520694786385764
"1202_4",0.4109970551992087
"6024_1",0.44770638059955176
"10117_9",0.6952937829178232
"9511_1",0.43870339206209863
"2314_10",0.6146675003570011
"6053_3",0.1326498253549175
"10165_2",0.4169799302467712
"8410_2",0.40192007407352914
"1457_1",0.4191941017043394
"9651_3",0.3586964725423603
"537_2",0.21590530515103987
"7191_3",0.48149065347444087
"10258_8",0.6244623958435416
"4774_8",0.5725703687254942
"3560_8",0.5455466646680182
"5960_1",0.21035845810313142
"881_4",0.37367994757363665
"2420_1",0.3697300586987926
"4959_4",0.33240691044900594
"7138_1",0.16204185024652165
"9317_10",0.642110900395843
"5454_4",0.1895864501659509
"7450_9",0.5276433048293175
"9679_10",0.5962193347327543
"10988_3",0.45004061917998045
"2932_3",0.43607706213487596
"10110_1",0.22958715906429025
"9165_2",0.418748790525029
"11712_2",0.2029525453831299
"8979_1",0.45778847829886
"12426_3",0.25644236736510934
"1630_7",0.49761673611059354
"11990_10",0.598446935578971
"5395_10",0.7760631143648383
"896_1",0.215337289565701
"11463_9",0.5894990918782912
"7096_1",0.30771258735646406
"6198_10",0.6650907544252992
"8141_10",0.7580006502772741
"2650_10",0.6188497162530562
"12337_9",0.7361855936131378
"1995_10",0.5956729620274256
"6349_1",0.43276716401547943
"12270_2",0.16821006252691106
"12494_2",0.348692843622541
"7081_4",0.46828395377781307
"3010_7",0.4040534822157951
"2924_2",0.39476813028023544
"3185_10",0.5911366865205714
"1377_2",0.6955154166805725
"4858_3",0.38138712106297307
"4351_3",0.28976758566607763
"6865_2",0.30954253234347984
"9527_3",0.367948796336418
"6223_7",0.684574135785575
"11598_4",0.40473830311470765
"10605_1",0.20568803396780685
"4609_2",0.29898599200067744
"3736_7",0.7120191391644572
"5615_1",0.19694147310843435
"11109_7",0.531102310860525
"3924_3",0.2711003191372918
"7452_1",0.7011012272477488
"4288_8",0.4890537278856207
"8825_2",0.4893048372371896
"3168_7",0.7787887183571298
"6407_1",0.2067762603424945
"7016_3",0.46198558633504505
"129_1",0.1924457285402105
"9808_3",0.3825615952521896
"5620_10",0.6273129961613775
"6404_10",0.688787869814016
"10781_1",0.40005078653162685
"2446_1",0.3697345221603783
"2191_10",0.6405299674143294
"10848_1",0.277457860900646
"11201_10",0.6236718475005456
"6818_9",0.704207956627813
"4607_7",0.64897787216291
"2410_7",0.6404227747785384
"9656_9",0.7929675892904232
"7841_7",0.6583981476146287
"11422_7",0.5956040260887319
"7376_8",0.5758100194805396
"10804_8",0.6561376069851655
"11793_7",0.5725496307845818
"509_7",0.5426935785191581
"12459_10",0.7320208424255024
"354_10",0.7630027790630117
"2740_10",0.6626623304433289
"1469_1",0.25729080954282507
"9219_10",0.670310249496013
"7248_7",0.6433292326654261
"5620_1",0.32631193469739234
"12160_1",0.29429959920034693
"6037_10",0.6356820060269234
"8338_1",0.18821171575179993
"1954_1",0.3375485113184751
"6996_9",0.5258754692183928
"9888_8",0.7873991715905893
"5470_7",0.6409678977767116
"11915_4",0.5071720381994497
"7057_4",0.6110370044076371
"10320_10",0.6270611776392168
"4447_3",0.34483477631829446
"9711_9",0.5717425894734347
"5077_3",0.40382278122237053
"10912_4",0.42932894780822983
"3224_3",0.4495800058110049
"9946_7",0.5477751148318282
"10650_4",0.6028112790452099
"9613_1",0.38369025545490226
"4909_3",0.2858825308446164
"5607_8",0.6573530811728823
"3315_1",0.22830324009931
"9271_1",0.47016889697181413
"4248_4",0.448981177779822
"5849_4",0.42475837105277087
"3944_1",0.13687569750675818
"3580_10",0.6745620012568582
"4592_1",0.3069099976838144
"6375_10",0.853721176824676
"5955_9",0.672457352457921
"11613_7",0.7018352027296596
"8278_10",0.6980787227637852
"11339_9",0.7635705733046412
"6813_2",0.42690322828124305
"3747_3",0.30573320242951935
"5916_1",0.24632393435751515
"3298_1",0.25647063632557177
"11303_1",0.39577168544088825
"5758_7",0.7188697130395748
"11652_9",0.8149708966958138
"8748_2",0.5410862688618123
"11092_2",0.185711064533053
"8729_8",0.7837567490070363
"6332_4",0.25895166958627364
"3700_10",0.7083797982211812
"10507_2",0.18610488837530234
"2287_4",0.30854405009161634
"10549_10",0.8054998810421604
"3005_10",0.7231734222258658
"5657_1",0.29073120381839496
"873_8",0.7801055322443529
"2274_1",0.2760206886497493
"3208_4",0.47341789359454567
"2663_10",0.7001625968562895
"8134_7",0.1659841469269094
"7443_1",0.5543922687112434
"7507_8",0.6576756349037666
"1423_1",0.2169814753092929
"4014_1",0.3800600196997419
"9662_1",0.18528089492496477
"2512_9",0.7267438756054434
"8415_2",0.407528222909424
"7672_3",0.2989354692020049
"5925_1",0.121159043143326
"2654_2",0.2221405007170034
"1780_10",0.539504228576984
"8813_9",0.720927520852807
"9378_7",0.6236220366347852
"12120_3",0.34138577926724484
"8985_7",0.718172484706783
"5771_3",0.1057499595253506
"7305_10",0.686367584336401
"8681_4",0.2579190210461533
"7415_10",0.6553465203539398
"9346_8",0.6303163948104433
"9750_3",0.49491150359857816
"9083_9",0.7277823961371208
"12255_2",0.19320567874962014
"5035_1",0.3165347339412921
"12384_10",0.3095583312841013
"8381_4",0.14138174271972972
"825_1",0.22709395621289627
"2034_1",0.15539462700447296
"439_10",0.7711250197856877
"5753_10",0.5791522777633897
"10370_10",0.5555898917293347
"3395_2",0.21056512638353286
"8101_2",0.33627512368769247
"7885_1",0.1600805124434206
"3266_2",0.4089638977473649
"4623_4",0.32418610617927734
"8123_9",0.577544551588769
"1787_1",0.13105345353531606
"4001_4",0.3803989188478952
"3530_2",0.2081528330589743
"684_1",0.21013053121761355
"744_10",0.5460675408449243
"8439_7",0.6513927911984326
"8678_9",0.5705682973608751
"11851_8",0.5987836071409011
"1237_2",0.44040672810301634
"4557_3",0.17032473761768568
"1847_10",0.8329908373054908
"4002_1",0.14635686010001261
"1620_1",0.5357509636845593
"549_10",0.6322416649322781
"4984_4",0.624232784655147
"4673_8",0.27164913220194625
"1373_1",0.40180265386221076
"6927_1",0.44120209286408785
"9201_2",0.43829301526542325
"4293_7",0.6695707773944966
"826_3",0.33303214996254704
"6337_1",0.35335495583596704
"9978_9",0.7075894350534809
"11379_10",0.6444695841280178
"3874_1",0.29472592290205457
"9943_1",0.1306996523629709
"7236_4",0.5010488198576522
"7816_1",0.25642466530056274
"3849_8",0.9038836318924814
"1167_10",0.7131571769465072
"9667_3",0.36797938538073777
"2506_1",0.2949376109668636
"1372_10",0.707164298229532
"6788_9",0.5637014004291728
"4792_2",0.26197369929032427
"7909_2",0.25078652364896536
"2213_2",0.2847772706423567
"434_1",0.1884218428942303
"9245_1",0.2816646716276541
"5822_10",0.751088060179818
"5406_1",0.41532849801917565
"2011_1",0.2103713108865142
"6805_10",0.7629616465069247
"2557_2",0.32714741599674124
"4343_1",0.39782800841198285
"1493_4",0.30568898043005943
"947_8",0.331142482234485
"9494_7",0.4519061126100417
"10228_10",0.5197523494796932
"707_10",0.7581721160975752
"2018_10",0.677456282291967
"11093_10",0.585760929438241
"11113_10",0.6384093786786144
"11596_1",0.25547130084681857
"7453_1",0.1960674174191254
"9045_8",0.7899772755808585
"12264_7",0.7291569378139007
"7271_9",0.7076274117656797
"4560_1",0.4722584144671254
"11223_1",0.2587931569285664
"3939_7",0.586147789056148
"2714_2",0.41285721821699617
"1940_9",0.39002222144415744
"3640_10",0.7514960776312646
"1724_1",0.255474247680469
"5383_3",0.3425434206300581
"7323_10",0.6132792831875137
"7345_4",0.1389950911265424
"775_9",0.819741372818209
"11995_1",0.1784690756290112
"400_10",0.6644084440067786
"10279_4",0.35378213404869735
"673_8",0.4659645075355999
"4168_10",0.5624659927297837
"11761_7",0.6286659786676891
"491_9",0.6117498458969979
"11472_1",0.2439753742546688
"10045_7",0.7130032687873185
"9449_4",0.27759475816871476
"12496_3",0.30720634214416387
"12422_1",0.2117111098814232
"8159_4",0.5210070231190828
"8668_8",0.6261448826876278
"7572_10",0.6756206092891628
"6696_9",0.667954818329951
"64_10",0.5759582867661707
"2715_1",0.49450696580989134
"9333_4",0.4351775323302701
"3722_10",0.7593774414174498
"5692_8",0.5553139349224862
"10074_7",0.714448049861662
"1717_3",0.43150757462507755
"825_8",0.7360021471053392
"7796_10",0.8473353556990898
"5550_3",0.36728963206070414
"6114_10",0.3851620755761482
"4440_8",0.5570358536323521
"9616_4",0.4281152952763874
"12090_8",0.5767116262347941
"10728_1",0.272183767468643
"4419_10",0.7193935172873228
"282_1",0.3459540348125299
"4825_9",0.6105054315178021
"91_10",0.6644303607007175
"10399_2",0.35174114564469117
"6773_4",0.3050622616421261
"1364_10",0.5608134606069152
"2806_9",0.6314530338066705
"4520_2",0.37049745036157655
"8211_9",0.725238933373084
"3594_2",0.29669976259507935
"11353_4",0.36121423131092356
"307_1",0.4179164553562065
"10963_4",0.36990506229422526
"4023_7",0.47002769825573626
"11450_10",0.5834307767486849
"3567_4",0.5083495592252394
"4751_7",0.5395579698592938
"9798_2",0.19390756743236978
"1864_8",0.9357988853249949
"3168_2",0.44286982657467683
"6506_2",0.34744512589922155
"12484_2",0.22391257412033283
"11999_8",0.44687992506063967
"3571_3",0.20497647893909252
"147_10",0.5455957888565377
"6691_9",0.7743555544395775
"11295_8",0.686081624257108
"9344_10",0.8127583500224514
"9513_2",0.3271808916915736
"11066_7",0.7468428305278779
"4330_8",0.6169749315822975
"5194_10",0.5683649840745056
"11676_1",0.36617080872005686
"4587_1",0.34138645312279464
"11964_4",0.39634449525561205
"12456_1",0.19710382417591887
"6054_10",0.7303813473731053
"2140_7",0.5288262367751952
"1388_1",0.3584681813315627
"10681_2",0.26891572370632194
"4614_8",0.7248418220331255
"2604_7",0.48820807994198023
"4234_1",0.3273339562456348
"4261_8",0.6247314053565171
"4907_8",0.7252289919955518
"4134_4",0.409026087108714
"4125_8",0.81972868045381
"3795_9",0.5790835655780764
"1356_4",0.3187945973376425
"10711_2",0.29653512930453785
"4728_7",0.6011752384572144
"8254_8",0.6209509629865916
"10769_2",0.3749037794957235
"7185_8",0.6407579995606086
"2842_9",0.6876598920336732
"4565_1",0.28668588563367725
"3030_9",0.6826357611817808
"2997_1",0.2570986394236903
"1311_9",0.4950498442309605
"12499_10",0.6797079242498872
"9830_10",0.6788824876046149
"1774_4",0.32201950601972845
"6676_10",0.891442850893708
"6502_9",0.6128424784907492
"1521_1",0.5123360105532733
"4253_1",0.2583779935704451
"2775_2",0.14011536667715588
"7324_4",0.21371833149272126
"1207_4",0.40371792105265647
"9903_7",0.7247920899298852
"3195_2",0.23478279355813417
"9213_10",0.7351820547056654
"7751_1",0.2053499944881926
"1616_8",0.7802911455617839
"1482_10",0.6229302638739346
"6772_7",0.4811899535749103
"2008_10",0.714230391220352
"6799_4",0.36781195035128933
"5004_9",0.776407679800573
"3487_2",0.1936778183773054
"10892_4",0.49280266422793856
"10839_4",0.3641374886697512
"922_8",0.6670068080968958
"4163_1",0.1392321864080693
"10738_8",0.5724203801201446
"10678_7",0.6919539458449242
"5892_10",0.6435073519745266
"6202_1",0.15440283512232733
"5792_10",0.6747429318282615
"12161_4",0.35625712183152086
"1097_9",0.63315359574313
"2930_3",0.44446242803491093
"4087_3",0.44840250632556294
"11875_3",0.35890676112816067
"11770_4",0.34750007250155046
"847_7",0.5918158042738799
"10620_9",0.7044242185774171
"1455_10",0.7600786326045385
"12294_1",0.2039515352381117
"5653_10",0.6191889969151048
"1874_9",0.5667838796591544
"10487_3",0.3390992498544769
"22_3",0.3260745195240478
"2760_1",0.2578648399880537
"9822_7",0.44871516315119736
"1068_10",0.8349936895252825
"11117_1",0.1911311907055364
"10409_2",0.6978663130990352
"1877_7",0.4634289515628059
"7347_1",0.4246831904415928
"4231_1",0.4152649705147335
"1122_1",0.340576568668002
"933_3",0.4692893133914741
"11883_4",0.28523382677900977
"8386_10",0.48789872738301676
"12297_7",0.6031839386277802
"11847_8",0.7307036733215503
"5511_1",0.35138960375015493
"9587_2",0.43277993196271713
"10027_8",0.5675581982633257
"7210_4",0.3782928411864012
"2490_9",0.5011968315450133
"4889_10",0.8477965426641347
"8192_9",0.8018183390021385
"12133_1",0.44574004598529754
"2098_1",0.30355899640043077
"2941_9",0.6659204651044357
"5742_3",0.1409076437925151
"10645_4",0.25713260322691156
"1162_10",0.856943545006534
"4383_10",0.7610194707184575
"5325_8",0.6145668214942148
"1324_1",0.24721477003187065
"1374_1",0.4268081789295323
"116_10",0.44455413584717696
"2898_10",0.4822729850415599
"8799_10",0.6491557263917098
"6654_10",0.6519308973340953
"8630_1",0.18894790935408362
"3452_7",0.72795603786819
"3609_8",0.5780499956521171
"4740_1",0.20117154082492986
"8368_10",0.7861611421063107
"11960_7",0.5790582864204968
"3583_10",0.48900830848634846
"1581_8",0.4064425722157485
"1378_1",0.46033699777426185
"968_2",0.17100495139549532
"4524_1",0.08889722075051563
"5036_8",0.7362002499812926
"12287_3",0.2280511188613171
"9236_10",0.509458779713771
"5447_3",0.37014785859028587
"11016_1",0.34430481476040176
"1935_3",0.32160571076924577
"5300_7",0.8708200701282471
"7775_2",0.4621675787173227
"4398_3",0.3255529752558318
"5692_2",0.23120643789726528
"3517_8",0.6262501298048176
"6007_1",0.20617173099774486
"10127_2",0.20917015403476852
"6614_10",0.7991199702416213
"2767_10",0.631988638572881
"3187_2",0.2271604108968729
"6473_10",0.5607897115142761
"12263_1",0.11498047975283786
"10838_2",0.30027914037970593
"7367_9",0.5242947321322406
"8873_10",0.3960037049594057
"6016_1",0.36319920771170766
"10363_7",0.5065909637034908
"3541_2",0.24303474183668924
"6416_10",0.6822073886578993
"4538_10",0.686557193083827
"56_3",0.2975985197481934
"7946_8",0.6699857098585129
"6003_4",0.2964411396442192
"974_4",0.35257871448742434
"11651_9",0.686607579757244
"10283_1",0.41521513195838705
"12334_2",0.31946670770999225
"972_1",0.4648269793900571
"1513_8",0.5008295696386544
"6141_3",0.4310714025641243
"4195_7",0.7524730319692341
"10176_9",0.7369574894155153
"1918_2",0.14149114961661752
"12117_1",0.43295121201674236
"7567_1",0.28849990956675087
"2949_10",0.7539974348536048
"11937_9",0.7871754556211973
"8513_2",0.3969593528209603
"3913_8",0.41464745514801676
"1310_8",0.6831830394866799
"10461_10",0.7504150856064197
"3309_8",0.5398928062306144
"862_9",0.642851886570062
"4040_2",0.05770426735865755
"78_8",0.5356609828027074
"3491_7",0.3169331379419652
"10862_9",0.7021174322037725
"4763_7",0.5629904192787575
"7421_1",0.35307147150852
"5350_1",0.4747364104782488
"11491_10",0.6179396107567571
"9975_4",0.3462503158230539
"10123_10",0.6578095318204993
"11573_1",0.1925617699878566
"2337_9",0.7158372551497124
"251_8",0.5260567799715531
"1942_1",0.30599997514747107
"2940_7",0.608900818346877
"4342_7",0.4742778390504925
"11250_2",0.37431333478144635
"4224_1",0.4166228063897531
"10106_10",0.4720649713834007
"7764_2",0.35589732295451093
"937_10",0.7257204603685644
"3112_10",0.7192124750574097
"9922_8",0.6275131718106566
"3259_7",0.5013194890289141
"7828_1",0.16991978588422324
"4031_7",0.5366777089779223
"1277_7",0.6962557354981498
"3162_2",0.39278802126293194
"7_9",0.7099563008310433
"1832_4",0.33962278329024004
"10997_1",0.4755989016368988
"10572_10",0.736761214182578
"12194_1",0.23931457223766606
"4648_10",0.4672032423395605
"7207_9",0.5333256007912703
"11000_7",0.6643549144985172
"4943_2",0.1902848940531922
"10601_10",0.7191169047586579
"4731_1",0.5217962313082861
"9272_8",0.44255349162362667
"11551_1",0.1313195514697039
"9074_3",0.3768266115204181
"2486_3",0.4349187960528298
"618_1",0.2884618164700125
"8683_8",0.6563320287268604
"2618_10",0.47430156282472313
"8471_9",0.5113643058226025
"6394_4",0.2881480397020401
"6456_2",0.3528795522739544
"3195_8",0.5948367907778821
"4188_1",0.3257510723961792
"3985_10",0.6974993581869023
"7099_10",0.539514941092351
"1558_2",0.1240175353351523
"2877_8",0.49499781369065754
"3928_1",0.26580242793425557
"7206_3",0.24078136897918498
"8088_10",0.7175409678486621
"8167_10",0.7026649207162905
"8590_8",0.7040441736826442
"6973_7",0.5622501764013198
"4974_7",0.7589907105207903
"10151_1",0.37196821855230655
"5268_4",0.29231888874133466
"5258_7",0.7964718681128489
"1478_8",0.59505587397988
"5094_10",0.6585898266381138
"10126_4",0.47942619278552906
"9357_2",0.49134445599786525
"7750_3",0.3969626911343537
"11628_3",0.4631154186260144
"9124_7",0.605019783780339
"1802_7",0.5776526202618913
"4820_4",0.39160518739849415
"10019_8",0.7393942744784409
"154_9",0.6699853352827531
"5049_4",0.11574973731578342
"4372_1",0.19951309149497057
"7807_10",0.7390643813730968
"5127_10",0.5998740379163742
"11480_2",0.2564011493708253
"10145_1",0.23357080695592466
"7090_10",0.5849199915350215
"1288_1",0.36216534224071334
"11316_2",0.27440273440277624
"8428_9",0.4998204072865564
"1843_9",0.7395199960001427
"1916_1",0.3440704435365895
"2657_2",0.20867446193853065
"10504_1",0.25102050813626636
"11621_3",0.44384945347614085
"10148_1",0.33317335503957235
"3339_4",0.4097025137431894
"8202_2",0.34270722618094207
"7796_1",0.2877198585531941
"4625_2",0.29292947766030664
"11859_4",0.35008638400792313
"8261_1",0.249697888981892
"4670_3",0.3628913917399062
"8412_10",0.787256257783528
"1010_1",0.3688106130926253
"436_10",0.7816055986432112
"9351_7",0.5547133857660744
"3767_8",0.714291490311854
"4794_1",0.21684287984558454
"8447_10",0.41550666193906516
"6182_2",0.43767117195670924
"8754_3",0.6392861167088819
"2709_3",0.30896671185744107
"5882_9",0.8096635226410411
"6916_3",0.4354710107839431
"11886_1",0.4083017513596438
"123_4",0.6739295174551446
"2827_9",0.7170941108308285
"11440_8",0.6643827417216898
"4100_8",0.7121588978220877
"11645_1",0.41855610024910084
"7949_10",0.7133751273686876
"2017_1",0.3282118051914567
"3451_7",0.7745472522079284
"10986_10",0.6946858362651412
"1541_2",0.4696398126926607
"12336_7",0.4579024249378556
"9787_1",0.297776747111437
"5282_10",0.9136137429527532
"9568_4",0.49873011511556087
"8222_1",0.39504545340010666
"5415_9",0.6687850701077451
"8485_8",0.4539925569955088
"6449_1",0.19782684796938416
"466_1",0.2406567601955928
"11997_1",0.4030321883735647
"6144_10",0.7595723400683004
"3309_4",0.39655835203514356
"8655_1",0.26529629688093453
"10141_1",0.48712476519531617
"7469_10",0.553023093233231
"4445_10",0.5363323347487315
"6651_7",0.5659561437253005
"6711_7",0.47898090964175893
"3329_4",0.33276074082608753
"8000_10",0.596871435302011
"2279_8",0.6649744417043422
"5012_7",0.6563990639130732
"2437_3",0.399768279924986
"505_9",0.6607373158452527
"9070_10",0.604513520465321
"1234_3",0.28009236150719186
"4880_1",0.269314592241301
"3981_4",0.4980829853650406
"134_1",0.32225146312664144
"3211_10",0.7127891393323531
"2559_10",0.5714755846439814
"4512_3",0.24474016109780974
"5957_1",0.26582135186639033
"11626_9",0.7802917144325057
"915_10",0.7078893680584812
"5569_10",0.7291981958749412
"12396_9",0.6839709634061318
"6494_2",0.419170609777141
"3262_1",0.2135577321805866
"3916_10",0.6737747470114871
"787_1",0.32531442399564353
"11092_9",0.7899341629747829
"2818_10",0.6468829909884346
"5271_2",0.4984811977438442
"4057_7",0.7680185029530734
"5042_1",0.2754582736098741
"1204_1",0.3613454149573988
"3651_2",0.30759650159019547
"11763_8",0.5768376842671503
"7766_10",0.6909986376893921
"3498_1",0.2594793545475146
"11578_10",0.741012515815794
"3691_1",0.3921952924041086
"11947_10",0.6934551133308736
"11475_2",0.1806764922529178
"8568_9",0.5570186146849281
"8247_2",0.42432556092606744
"9544_7",0.44989552301571073
"9753_8",0.43327733041865046
"6824_7",0.44115034705463985
"2799_1",0.2731322213383819
"10459_1",0.2585557003610702
"1894_10",0.4277581056156278
"9726_7",0.6026926076310355
"10923_1",0.12001072237208465
"7946_3",0.3912188349330163
"7509_10",0.8251176257397577
"3273_9",0.6037432971827946
"2716_3",0.5645319689104279
"4622_1",0.17490886947783169
"1204_8",0.6374584027395134
"71_4",0.35762994505066276
"6508_9",0.5604241589867389
"7819_10",0.8114270478006792
"695_10",0.5615475203317907
"10844_10",0.6682643864231579
"2413_1",0.6000737503425275
"8768_1",0.16819809572941258
"4536_10",0.8065710638025336
"2576_9",0.7475695560816283
"4473_2",0.30127867317137114
"65_2",0.3241071594526692
"6114_2",0.42804222983513646
"7458_1",0.11841199767087224
"10815_2",0.23735597938478772
"8344_1",0.39528713309542424
"1975_9",0.583435890387695
"1659_1",0.1881920978143239
"11030_10",0.7053651225985721
"5405_7",0.47711082279824324
"2539_3",0.5056122379456592
"6565_8",0.527794597082287
"1826_10",0.7175459375905395
"2577_8",0.6652221039553409
"6032_7",0.5739223892697731
"3146_9",0.6952178689286844
"798_1",0.1661396470506106
"63_10",0.5238550845120905
"11819_10",0.7028324218349683
"2905_7",0.6698106513982578
"2716_10",0.6560033605838991
"1717_10",0.6036991449568583
"1036_3",0.39668492163878605
"11583_10",0.7900251590400856
"962_9",0.7219829042129086
"10203_2",0.24310125199156848
"12225_1",0.08668044621022752
"10322_9",0.4999985623083566
"7601_2",0.45903268136838277
"1675_4",0.5911961693820196
"8235_3",0.27523720888898057
"680_2",0.4948032225032447
"5208_3",0.20224305990098837
"10678_2",0.4169068832792089
"6072_10",0.661905727442061
"1216_1",0.19770227720376113
"11434_1",0.27156575514975717
"12480_8",0.6348661840363933
"8844_10",0.6705974896860941
"10506_1",0.13269382671488655
"9766_3",0.5211118363299062
"7804_4",0.42734120703727224
"44_4",0.22379738184391854
"11226_1",0.3983982011438574
"11378_2",0.48937727102738804
"7805_1",0.23840930139690614
"4692_10",0.48921056362003434
"2928_9",0.5526271259789906
"8785_10",0.6357441476912431
"3083_8",0.6835470623317929
"626_10",0.7511753120882613
"9228_10",0.5185606183665961
"66_10",0.7329657462086993
"3824_3",0.656827939090075
"7115_8",0.5805283515432509
"11893_10",0.8019675183346962
"1628_1",0.19357495622990412
"2236_4",0.33163671992726723
"2032_1",0.2446813353854602
"6613_10",0.697562713552721
"1582_8",0.5000508595661399
"304_2",0.21702402621485725
"2441_10",0.7710928285856816
"12437_1",0.22432776656545958
"9822_1",0.4120824884400631
"10481_3",0.5391738389526177
"9193_10",0.5732732058311385
"3233_9",0.7156501376094458
"7430_8",0.6752873500229043
"10049_1",0.23246186045363487
"6384_10",0.7730381941799973
"3993_9",0.7175295554003247
"4545_2",0.21130429390310848
"11500_4",0.4341798163080803
"12127_10",0.7314250907642061
"7277_2",0.2351752271790197
"8927_3",0.34010374538302185
"5970_9",0.5609753469588709
"12115_4",0.3979077249513305
"6132_10",0.845059979099194
"4178_9",0.6693628128402681
"11453_7",0.4917763321914375
"6569_9",0.676389141365723
"3924_7",0.45506427318381
"6425_1",0.2049796197645488
"1141_1",0.2777661480691666
"3366_2",0.12930429295571072
"6700_7",0.6176462933238027
"7948_8",0.5473598801043595
"2750_8",0.8137671741173653
"11326_1",0.2434923988704557
"231_8",0.6898064653838505
"8941_8",0.5471177537669868
"8304_7",0.5014087236844794
"12179_2",0.40131655202676136
"3808_1",0.37154892158799946
"2710_1",0.15067778652895567
"4833_1",0.25496258778785424
"10405_7",0.7098951081412127
"449_9",0.7056639793801451
"7259_10",0.6169130598188352
"8513_10",0.752418776540595
"801_8",0.7493576233271928
"11322_8",0.6466382032199035
"8417_9",0.6586816648121684
"7059_8",0.4949427780935505
"681_3",0.44211341803049886
"3135_9",0.6258487428742245
"7172_3",0.3009158582078773
"11061_10",0.7749900193555976
"9555_9",0.5267932982909295
"1331_1",0.05676935761312963
"9155_3",0.17686035258639743
"8765_8",0.7035269845212305
"4714_8",0.5877107489678539
"7593_9",0.749589444184033
"7769_1",0.3654257196569396
"5016_8",0.4167266286937113
"11917_2",0.35667569974243135
"3311_8",0.4447644401556672
"6784_4",0.508879118520094
"6685_7",0.7314220139748999
"1232_8",0.7315093116792967
"765_2",0.3195302875172772
"6159_2",0.2456274761010609
"12037_3",0.29008820044803035
"60_8",0.6541055477917472
"6138_10",0.6699029336265591
"4759_4",0.4047364836159888
"631_10",0.7977429149669695
"5993_10",0.691167043484511
"2751_10",0.7237923215436337
"7234_1",0.3556035724601419
"7966_3",0.22363031180384668
"296_4",0.40399365953609145
"8252_4",0.436347400578282
"10333_1",0.17733487609306048
"5950_10",0.5493794600433566
"2735_9",0.73276818521726
"900_1",0.29012811529916277
"2350_3",0.35880928449706034
"1457_10",0.5481769371258055
"10226_10",0.6479979552412601
"9198_7",0.6516325222400744
"1072_2",0.27510707290623215
"8332_10",0.6543761448449195
"6264_8",0.6953216726883922
"1092_9",0.7959738983705399
"11888_10",0.5514750978665084
"11702_8",0.5523009831790828
"8704_1",0.3356024491171416
"11458_10",0.5562491002888584
"8218_9",0.6425896346465806
"3739_8",0.7044186155161783
"4787_3",0.5308538113734359
"12097_10",0.48314365401772164
"7894_1",0.11550299870148113
"11601_2",0.27561700100869746
"4417_1",0.5175332156467238
"11108_10",0.7362326708866364
"5673_8",0.674580942387204
"481_2",0.4220338212102409
"6892_2",0.17312210232225633
"5203_1",0.2911105320311828
"18_1",0.31834548446308353
"5488_8",0.6210381569940239
"750_7",0.6321250002213087
"1478_4",0.2717875402836232
"11340_2",0.21713220843090086
"8735_3",0.3004444347945638
"7404_3",0.3920620991240957
"5681_2",0.2707346501379216
"5863_10",0.5560249292120393
"602_1",0.1346484629635949
"9474_7",0.5869536490800611
"12075_3",0.47861423427104477
"1148_8",0.6216372366890096
"2192_4",0.5197522288949047
"1394_1",0.22858109039387534
"2643_3",0.321882053524105
"8214_7",0.6257509637984526
"6728_1",0.41853532791363546
"5397_8",0.6151402415405838
"7056_7",0.726652492191579
"2669_3",0.22223377667637562
"10713_10",0.8152189218141649
"1349_4",0.451814880162928
"3254_1",0.19099190805332472
"9717_10",0.6006778386676584
"11358_4",0.1881183999283035
"12262_1",0.21905652329576963
"1332_1",0.09677143091914156
"6116_2",0.38317731807715444
"6324_3",0.20497023004527018
"10808_8",0.5450154590587716
"11632_4",0.2682417181131822
"2881_3",0.234816354845942
"3524_1",0.14905834317840153
"10503_8",0.4509620448323523
"11525_1",0.051687278701514745
"9973_4",0.33876543893302247
"9804_1",0.2525027032124265
"1865_8",0.4947166758856117
"8001_9",0.6866665662981445
"5776_8",0.39590665446040746
"11848_10",0.6801640506466093
"4809_3",0.47614252544128727
"841_9",0.5988879005579058
"227_10",0.6090328379210523
"1833_9",0.8426936938469024
"9471_10",0.7798291906313657
"960_3",0.3533707816812723
"10763_1",0.3302140939741353
"1330_1",0.2674106746347166
"326_9",0.671610021567989
"3392_10",0.7269600739685012
"5883_2",0.28957081791170136
"12168_1",0.21010172135681798
"7525_10",0.5641787146641808
"10578_1",0.2932013843089823
"9173_3",0.20446330029019744
"7214_2",0.4339451038510335
"7163_10",0.6606906987891898
"5177_8",0.5851715617601496
"3372_7",0.6719453019034625
"6041_8",0.6412301181301217
"1590_10",0.6284420870785064
"31_10",0.69454034515365
"2533_8",0.7383123618247358
"7927_10",0.5484859253776055
"5037_2",0.31752122185300496
"6046_2",0.4405937367534745
"2099_3",0.2582408363801368
"133_1",0.47446341951537413
"205_2",0.35367571246290574
"374_9",0.7142243447581543
"8944_10",0.6599652566126064
"799_4",0.4295834302151631
"8832_9",0.6340502454427768
"3836_10",0.7856789184208843
"2940_1",0.23108089544176078
"946_1",0.3598195669518588
"9310_1",0.2748493892920255
"5853_8",0.36144932061362484
"10852_9",0.6480612852050466
"4061_4",0.4405921748687802
"10301_10",0.6216498209474696
"11104_3",0.15259845867520389
"9339_3",0.3740769454141201
"537_10",0.7317692898065856
"8661_7",0.4942307421469779
"9381_4",0.48886148874205043
"12473_3",0.29643796815556656
"5140_8",0.6627964748113063
"4624_4",0.219752894920215
"9156_3",0.6107276350871274
"5980_2",0.26984630070919613
"5920_7",0.686205950914861
"4013_1",0.2676321057144991
"11879_2",0.26482287885333333
"1317_10",0.7099352388014767
"4647_10",0.5398886092154591
"2550_1",0.17811613543626825
"641_8",0.5174444561575036
"10069_10",0.7577803864834399
"12215_10",0.5209072778800876
"6293_10",0.6788198641341054
"1416_7",0.6420659697804584
"8561_9",0.6604780113867391
"1981_10",0.6155497399320092
"1667_2",0.34547477296741325
"9680_1",0.3715611169549186
"888_1",0.06764331760062833
"2202_4",0.33104358262370925
"8835_2",0.36120321707927316
"9340_3",0.6138514378751663
"8742_10",0.5247016853727635
"1892_2",0.1451194438375019
"11940_10",0.5869473931726794
"5976_2",0.17240056033704204
"5430_8",0.6467445240134057
"9125_9",0.816731666206055
"5217_8",0.6816546884888837
"5257_10",0.717987101416948
"5487_8",0.5754546874638319
"10815_8",0.6037627780418848
"12438_1",0.22687752183713283
"11433_3",0.35600306391718256
"11570_1",0.42539983882537424
"11880_10",0.7310758528104444
"1983_3",0.48650388909940434
"2916_1",0.20407998708809819
"8119_10",0.8526254696813502
"10960_2",0.35503100080473554
"2798_2",0.20576940738071972
"2797_1",0.4327965973709803
"9931_4",0.563550211132947
"6244_10",0.6778180106108241
"8361_2",0.20439564912641028
"7098_10",0.6718621950806853
"9107_10",0.7877663269269267
"9860_10",0.6825567125903313
"10252_1",0.16371991207705908
"12015_8",0.6181885599458323
"2696_4",0.45293279877154896
"9301_8",0.7307315096239098
"799_7",0.5301352694816286
"9411_7",0.7348170868098578
"4172_1",0.196622077721537
"8008_10",0.8462447197696941
"11436_1",0.11808476608281065
"3464_10",0.7089354940556408
"5826_3",0.3096509570552009
"5460_4",0.3614977696358093
"8920_3",0.4249613054230046
"1465_3",0.41459014097168717
"7571_1",0.1416721382475674
"3416_10",0.7263742313562571
"11088_7",0.6934713013173216
"7007_10",0.7297215884635435
"11317_7",0.5989782277411067
"11639_7",0.5850357613192431
"1871_10",0.7506429712428342
"1551_7",0.7137727547179897
"4089_4",0.16607453376061343
"8145_9",0.6669282298897611
"1243_7",0.6865830407307344
"9082_8",0.6554773608867906
"11807_8",0.5049274315234337
"6154_10",0.697534592194278
"2082_8",0.5253216015509218
"9142_4",0.5304020843135633
"6126_8",0.6475723952472018
"9774_1",0.17768041180321045
"5137_10",0.6595673045772388
"11085_1",0.12791499378260476
"4541_1",0.19605381086773804
"10478_10",0.808162351644896
"8479_3",0.3776146597725875
"11220_1",0.4434265958545106
"0_10",0.6586262877954351
"5235_8",0.6474489505717501
"457_2",0.3959620260261903
"6784_7",0.6835385160929963
"11527_10",0.656311672569221
"5935_7",0.7139944617732555
"3697_10",0.6655222156129151
"8318_10",0.7363956183780518
"6770_8",0.5872421958424254
"11760_7",0.5661213856985889
"10344_9",0.7837373456499126
"12363_4",0.5416591076522852
"2233_2",0.39415987093894855
"12184_10",0.763147003970938
"4668_8",0.5171347052125603
"2293_4",0.24099968335800065
"5886_8",0.7572017402689633
"8403_4",0.5921725403865179
"2493_3",0.30652177150846904
"7224_2",0.23477164593759894
"7753_10",0.7026645517314531
"476_9",0.46369074593052795
"3760_7",0.5134364409427894
"8371_1",0.20228736874622905
"2541_10",0.6794483771962144
"12052_2",0.403295167016385
"2320_1",0.5784828300423456
"5598_8",0.5323859959307945
"12342_1",0.20790731794472425
"7391_9",0.564874131607664
"2615_1",0.2984143994207232
"11251_4",0.3799300342738786
"9946_2",0.15456503992710863
"10571_10",0.5384218505257184
"3984_1",0.2190470691589651
"4633_10",0.7455441273850621
"548_10",0.684944651805146
"1732_1",0.1918713509980605
"3559_7",0.6822932091642904
"10212_7",0.4559160027157956
"8950_7",0.6927779568374515
"8157_10",0.7356017284014352
"5986_9",0.7518333557737594
"10263_7",0.6766084093141375
"2168_10",0.8153017337710946
"4424_4",0.5742257974951795
"6944_10",0.6579505803899718
"11467_7",0.6693095560897285
"3630_8",0.6611591406276
"2405_1",0.2550498773599685
"7517_1",0.43223663944853746
"8116_10",0.6009567322266304
"5368_4",0.3928279153033726
"2045_1",0.2444492696015327
"11303_8",0.6761109350141276
"11077_2",0.38289185759978056
"6314_10",0.5930277779756551
"12137_4",0.5544641058842885
"12180_1",0.20573855489453066
"6403_10",0.6768087594557953
"2019_1",0.13425169962024042
"7921_7",0.7642920105667089
"3977_10",0.671854925122102
"11277_9",0.5648781349963391
"8398_1",0.16022448820685375
"1429_3",0.3482718330839693
"9628_4",0.3460418397050274
"2472_3",0.4437952670565376
"5811_4",0.5481557604581792
"11663_3",0.08575582817702163
"3153_1",0.3446701267889734
"11881_2",0.2283537362927537
"767_7",0.597298414190767
"12243_10",0.692650839415253
"10969_8",0.5986834375326762
"8689_10",0.5198197436189297
"1854_10",0.7311737983828661
"12392_4",0.2075119537283022
"6627_2",0.11519711532888417
"6819_10",0.6760129038299801
"1587_9",0.4822627794404594
"6999_10",0.7724067289592458
"9128_1",0.6269466627727738
"7141_1",0.39515315217818947
"4485_8",0.6399294922279881
"7368_7",0.4891721192167577
"7698_4",0.6552379383747682
"8376_3",0.3382516770755017
"1862_1",0.30841056832324915
"11217_9",0.7099594143435038
"5179_4",0.40525394574165846
"6524_3",0.27560546941984543
"11877_10",0.6703369115805534
"6055_10",0.8149183739682331
"9372_1",0.3350037342141421
"8029_1",0.2637029995825622
"9546_10",0.4513670915333986
"5514_10",0.7926103242046437
"8869_8",0.7176200286327976
"8290_10",0.734303775309261
"11619_9",0.6354121061167529
"5949_4",0.5317910652889497
"10146_1",0.6167190028458419
"11776_10",0.5395485666538126
"2146_9",0.6318157415064641
"6461_10",0.6043038918056741
"10480_4",0.31827406101265515
"9021_10",0.4822643245235132
"11802_10",0.8272102648345272
"9139_2",0.38832093601834133
"5590_4",0.4663859502466347
"5631_9",0.5662900942343739
"6333_3",0.3737692885002169
"10455_1",0.3040257465845093
"10394_1",0.36067799249927407
"8814_8",0.7436945855580921
"11264_3",0.3068844144305347
"2255_9",0.7941982232691268
"3915_8",0.5486424519417188
"3386_10",0.8360341919335286
"5531_2",0.3783485853692998
"1676_4",0.49185439235478373
"7711_8",0.6922762983399102
"7871_9",0.7805042741223214
"11101_8",0.6894286953683669
"11562_1",0.22815936727598962
"11609_10",0.694723521342725
"9556_1",0.26726614141722976
"7149_3",0.6692044576309967
"11807_3",0.36591856167615133
"12106_10",0.8718992366402212
"4763_1",0.2647268016094986
"2007_3",0.2802418393317951
"8454_8",0.7651749877833293
"4656_10",0.6345059904902192
"717_8",0.6641596082273313
"3501_4",0.3857827417883287
"6562_4",0.2746066588362823
"3926_1",0.41915174263630656
"7497_1",0.2264106775178462
"4257_9",0.6473276147619047
"4111_1",0.20894188588238624
"9865_10",0.7711741847791195
"8323_4",0.3095963232238926
"2228_4",0.325791137857687
"1180_7",0.7328818897562156
"6315_8",0.6802070655206028
"12271_10",0.6580476705406049
"4567_2",0.4282691128039028
"8745_8",0.5678472044869269
"4994_1",0.1043034479945646
"2842_4",0.4064765895633571
"674_9",0.6137201501479179
"4431_3",0.3471706244348726
"2534_4",0.4033328950904307
"378_9",0.7133949975873455
"6039_9",0.5714889817801304
"9551_7",0.7521601077047739
"1273_7",0.48266449371978243
"4222_4",0.37711614678800576
"7469_1",0.28014240919879113
"8733_3",0.4662621976224478
"9324_4",0.41652811216624436
"8888_4",0.29944610485270967
"2872_9",0.6548150163618137
"2123_8",0.8793102179849714
"4982_7",0.6515255760247641
"10668_1",0.39965355241013195
"2014_7",0.566759647748456
"4211_3",0.29345281449237226
"1202_9",0.591810888992215
"5450_4",0.3538647495517286
"2484_1",0.2995107343891551
"2427_8",0.5649370970730813
"405_3",0.2825949971643236
"1_10",0.8355774464939872
"4498_4",0.42933383653931384
"50_3",0.4464940493084816
"10113_9",0.84034980348684
"8919_3",0.2392468951429473
"1338_7",0.5556798617829896
"9817_8",0.7215150956918414
"10824_7",0.46696025845260875
"12165_8",0.5022750707600904
"11975_8",0.6264349161941942
"8537_1",0.25342804487339593
"4443_9",0.6872148505922426
"207_3",0.21623477499796026
"4247_8",0.6211491943292035
"11333_9",0.7477175461438721
"6357_2",0.35139696139209825
"4477_1",0.16145328414279309
"8774_1",0.3998300088153865
"10049_8",0.6417757967178463
"9621_2",0.3544260111531964
"5428_10",0.8584302497536898
"11693_3",0.41239032955053134
"8731_4",0.35914427224367196
"11209_1",0.3100347677398541
"10581_10",0.24724722809401029
"4289_10",0.6858405550761404
"511_7",0.7061407982698732
"7832_8",0.4135599944925081
"2567_9",0.5965872544604028
"4931_1",0.390968748279267
"8770_2",0.18591710578427675
"8999_9",0.7541233655948558
"9918_1",0.2578195531764605
"2254_7",0.7191419066820826
"4095_1",0.5144111850848329
"8601_2",0.3070676508791393
"10347_10",0.6819189824416203
"2911_4",0.6483471348155987
"12157_7",0.7692680510235624
"5154_10",0.7807943697636311
"27_9",0.6525986088713019
"2586_9",0.7029145500166789
"6344_9",0.8124591921805783
"1888_4",0.16924936893132358
"6630_1",0.2683859898634281
"3202_10",0.6902605268768863
"1517_9",0.6399196692979323
"584_10",0.767703678063174
"2683_4",0.46401496093844363
"1721_1",0.23703570224811032
"4371_7",0.6338007356014439
"4697_3",0.42998286722802503
"2977_10",0.7754421673901416
"1835_3",0.26146278195885175
"9872_1",0.343598999516308
"4794_9",0.49570573689486236
"5345_10",0.5745492724825688
"1230_10",0.7134858328587145
"2438_2",0.1668857291554649
"5709_9",0.7394987168591943
"8007_1",0.11894753786168626
"7236_10",0.6741145134126812
"7978_10",0.7190972272335647
"10608_1",0.2780297481000259
"10968_1",0.2233692333634901
"3650_1",0.371447562912788
"7966_8",0.7023351253714147
"8435_9",0.7893444815924532
"6095_3",0.26413575918875976
"12457_8",0.7197168345608681
"611_10",0.6791343427438258
"7589_7",0.6602040377028441
"4378_4",0.4816500838585019
"9019_3",0.3355720994447013
"794_1",0.3423065910169754
"5112_4",0.2633274567464654
"8698_7",0.6324569569569962
"2729_1",0.28267197295243585
"9090_1",0.27496423141173204
"9641_8",0.6612965867075706
"5065_7",0.5013715990340679
"3147_10",0.48341902808045023
"3971_4",0.1256311912055359
"7000_8",0.6423951119797809
"6716_1",0.23780891018234657
"11482_7",0.4740405401286813
"9263_4",0.5461614722928274
"7901_1",0.33020947604576373
"8213_2",0.33182042996889105
"1113_8",0.5982913398454102
"1013_7",0.5068987259751887
"2195_9",0.7593426744941698
"1371_8",0.4241642554481556
"7239_7",0.5529977166586395
"11376_1",0.19480810289890743
"3506_9",0.7274604218563446
"3413_2",0.45371894781070804
"8641_1",0.19632706437547714
"11587_2",0.19464243714145593
"7639_7",0.4631358557850677
"8100_8",0.6314451333409627
"8151_2",0.15577576380350253
"10464_2",0.292384044544913
"2043_3",0.23017513232506584
"4454_8",0.5322576216349086
"6562_8",0.744458111800422
"8549_8",0.5259560312568525
"1209_3",0.26914112001691165
"2566_4",0.47024457470691067
"5871_10",0.6657712641412532
"6459_7",0.6941851537134485
"11006_8",0.5416765701007819
"3313_8",0.631484675005857
"5290_2",0.18016241114122974
"9687_1",0.29054270812657085
"4165_10",0.6173938676434325
"11120_4",0.31195398469485003
"3379_2",0.42725614840321297
"5814_1",0.47529083228451346
"3414_7",0.5131295503791733
"7750_7",0.8003582506688875
"9727_7",0.5769753817920429
"3850_9",0.612145483745458
"5954_2",0.35843518968103244
"9685_1",0.22981615492909435
"9307_3",0.6146260909668093
"8727_9",0.7495507763021461
"9746_1",0.15387755330510552
"9365_8",0.8368238909717959
"3361_10",0.7642894276807058
"4554_3",0.31869707026641875
"8952_9",0.6065008999982163
"4301_1",0.12787478166093127
"10764_4",0.4330527999165466
"2738_10",0.652958289380787
"3554_1",0.27525658880532133
"5724_8",0.6392908148681171
"8804_4",0.37116449525049056
"468_8",0.8034510431297743
"10527_10",0.6748346941096963
"5117_7",0.6936944077478484
"3390_4",0.50654969366018
"5875_3",0.3453041495943045
"10380_7",0.8128647640670444
"887_2",0.8276148781409689
"2707_8",0.6079856779234837
"11371_3",0.3208977435196829
"535_4",0.31156543438892814
"10700_10",0.513089272885166
"3047_10",0.6765733291635759
"5930_3",0.18942394201559817
"6044_10",0.6766220665098922
"8679_4",0.6413375589099429
"2261_10",0.7106709680889449
"9577_10",0.8252930972774272
"1999_7",0.5369213026157504
"6010_3",0.37893571362884015
"861_4",0.3670126342911939
"4360_2",0.2521601251144832
"5373_7",0.4133317566785763
"10760_8",0.5919720869709153
"12436_10",0.7467038503999561
"5149_3",0.5650464262602749
"7091_4",0.353102382273105
"5135_9",0.6378721580908296
"5552_8",0.7212968199954161
"1713_9",0.7788522601661152
"11445_4",0.52424096589897
"11146_7",0.5389149010777367
"5286_9",0.8666935139180145
"10518_1",0.16423436497247465
"1122_8",0.5110475451174854
"7680_1",0.3052440379898254
"11042_8",0.660554208586077
"6336_1",0.36341852286355714
"11784_10",0.515011344674224
"8759_10",0.7116430871778582
"4362_10",0.588655991489805
"4483_2",0.2815277361427987
"7501_8",0.7101642929967431
"3516_2",0.26755662108300904
"3965_10",0.5215354419874899
"4066_8",0.56296792172082
"7802_2",0.5046467368439107
"1074_7",0.654023936011835
"4555_3",0.2835152142432848
"11477_1",0.1501517283294497
"5712_10",0.779139313612882
"1175_8",0.7300384982238661
"6283_4",0.38087515440683034
"11717_1",0.29875733042647495
"8029_8",0.6768059125430795
"5794_8",0.6625262606716099
"8717_2",0.27271726045034317
"10682_10",0.6044842838237796
"4610_1",0.2652144739262299
"4908_9",0.5942596572889681
"8325_2",0.34818689960847227
"11330_4",0.4773397111832156
"5717_10",0.5786121935394258
"11421_3",0.29567182343259557
"4725_2",0.3795992302450137
"2284_9",0.5213206671208988
"12433_1",0.14655057403533173
"10799_10",0.6845546194015582
"3213_10",0.4843290684059006
"10997_10",0.5942815945812316
"3482_9",0.7057279634423809
"430_4",0.4523951132195577
"6524_9",0.6800577163978552
"2270_1",0.31843579210850365
"6410_4",0.48507487999768817
"224_10",0.4560943459096766
"10915_8",0.8000068783574206
"8882_3",0.4926923063029223
"3578_3",0.3635701179522384
"7696_1",0.7489387401324411
"7307_1",0.36596301867394104
"10043_1",0.44817438076992905
"6380_4",0.476888540189674
"3109_2",0.22462711813501554
"398_4",0.2574635702862039
"10498_1",0.39254130377735175
"3565_8",0.7835110287436524
"7844_9",0.6631575050194461
"5879_3",0.40456712605406714
"5004_1",0.4943068303643847
"9347_2",0.45810910164982077
"2213_8",0.8060200271528322
"3654_8",0.5648981089254184
"642_2",0.12505043921595566
"9412_8",0.6387560214838289
"7418_10",0.6430189826173873
"2012_1",0.24832017122511493
"308_9",0.7259695215896232
"11695_8",0.5798476112273911
"7369_10",0.49854032333113224
"7363_3",0.568742626358498
"7834_3",0.4599146816976868
"7705_10",0.6283721634272853
"4554_8",0.6281848027713174
"4773_7",0.8065269193652579
"11944_2",0.492157596590924
"12303_10",0.6854256706477795
"272_10",0.7096617041092764
"11678_10",0.7755330048610843
"8157_1",0.4496936877983557
"1360_7",0.6773433949306529
"1702_7",0.5098164964139379
"7409_8",0.7335737453942583
"3865_8",0.5076033573361781
"8266_10",0.7097293742040988
"3543_3",0.5094398451552269
"8542_4",0.19792021215316524
"2188_4",0.2053433593359837
"7928_10",0.48207680204624737
"8271_1",0.18062440717735123
"2667_3",0.18293697048160176
"136_9",0.7105016894940813
"2365_8",0.5001700532363427
"9516_1",0.22465750110474586
"6205_9",0.8375944782394371
"12411_1",0.12801577860782135
"10549_2",0.1594884481921353
"2114_10",0.6962421061053274
"8379_3",0.33686484512291814
"1555_2",0.2413083424285511
"7010_4",0.42646029008315345
"10425_1",0.29127648789758304
"2970_10",0.6973245706591944
"1976_8",0.705160060155544
"4894_8",0.690205250561698
"995_1",0.35284238586089905
"12087_10",0.5860291635621784
"5002_1",0.2299344496505902
"10204_2",0.4407768735740731
"7689_2",0.263822019207563
"8685_4",0.4265201810942857
"4183_1",0.107387281545161
"7719_7",0.6348924725496513
"6350_8",0.7015951779091452
"6163_8",0.602409326380586
"11247_4",0.4842503983133304
"8962_8",0.7640061347099397
"7849_9",0.7797854871153497
"4177_9",0.5715958379591233
"4680_1",0.38798419050622035
"10965_8",0.63542586147946
"3534_10",0.835885014071714
"9782_4",0.33479551139356506
"9525_9",0.7000850952558709
"3743_10",0.7693042507945838
"1688_10",0.830672963514176
"4400_4",0.5400209385702196
"1660_8",0.5202723326180303
"8241_9",0.8005996355560606
"1238_8",0.5746791189061958
"1081_3",0.20225485377988647
"6151_2",0.21943649020291014
"6025_8",0.5078561658916262
"661_9",0.4755737585265946
"5670_8",0.7843595727324054
"6122_1",0.4963942173267653
"1767_10",0.7539757461251142
"5629_10",0.5900008353036467
"8256_10",0.6229272691476475
"8572_4",0.3629266361485406
"11580_7",0.4378540986866744
"525_3",0.3202432955520368
"2128_3",0.29354778587056457
"10254_8",0.7581849474262838
"3082_2",0.23375597358916458
"7127_1",0.3034808421220628
"9927_7",0.47089185907568115
"5694_9",0.5040993411006089
"8063_10",0.8231191955955006
"10768_1",0.2866279700070613
"7375_1",0.27472589707927453
"6220_10",0.7066160492648085
"4477_10",0.6308051380719032
"1350_8",0.7235607083131658
"9354_4",0.6947363751168996
"9015_2",0.46540794355432286
"719_1",0.37180736101187295
"10544_3",0.3382555721510626
"4496_10",0.7158003614929409
"3912_1",0.21858322575212735
"10120_10",0.594181188751462
"6958_2",0.2912339275464556
"10964_7",0.6005503365700983
"4974_1",0.24477708001846535
"5591_9",0.7638129433508656
"2295_3",0.4639692207247977
"17_8",0.7253807252333646
"10442_2",0.5383521108428555
"3043_10",0.6416259190981985
"5243_1",0.09197434700839176
"5145_8",0.5867438995133941
"5727_7",0.764460589817537
"3406_10",0.772616126928812
"3552_7",0.5483488579251454
"1512_1",0.19091161337148063
"9214_9",0.8032130909246955
"3060_3",0.36971198523916277
"9086_3",0.5231996910032899
"10428_1",0.4499781947444954
"11198_10",0.6288389457942577
"1743_4",0.32092170355079647
"7795_10",0.5569998935645495
"9863_10",0.6897623030701117
"182_3",0.4853370666907191
"9644_4",0.39652416494948606
"10744_2",0.2162648486047054
"3393_10",0.7583839698426277
"3657_8",0.6930433347846247
"10435_1",0.20290861385051995
"9206_10",0.7625393128814223
"4005_10",0.5996580196978184
"5901_3",0.46276967162677474
"498_10",0.7779499188531896
"9583_2",0.31293296739027276
"2336_10",0.8522018884739014
"6107_1",0.5556352263979975
"7079_7",0.6818289809493794
"2769_4",0.6328404999949183
"4787_8",0.7574509921551781
"11123_1",0.26499707065822625
"6466_10",0.7348081426988594
"6311_9",0.7123602731880688
"1236_7",0.566876819876525
"3635_9",0.8033005720639369
"1230_2",0.3213112314911194
"8721_7",0.6671875446839698
"7878_3",0.4021063209178222
"11731_7",0.6216103069376591
"8732_8",0.6313432791204697
"8083_8",0.6480063435475345
"3146_1",0.3607729604286286
"11395_10",0.5994882794677449
"2998_2",0.15092239010345396
"3766_4",0.4385970620453639
"353_3",0.35153467422801965
"8688_7",0.7531216775986124
"6137_10",0.7331235109205769
"11950_3",0.5665031814374739
"5663_1",0.36804019597286713
"1108_3",0.24546615769197902
"10425_10",0.4566848519356204
"913_10",0.5796270347602003
"7852_8",0.662178816853312
"14_1",0.4350588973776819
"12062_1",0.15437300062105203
"1162_1",0.13688657989691214
"8648_10",0.5482300842429462
"10605_10",0.772959657654393
"1091_1",0.3136378287887859
"7723_8",0.4602265155837219
"5474_8",0.7260680914485341
"8308_1",0.17477614029723448
"9586_8",0.5891399295459002
"5317_4",0.3946547062129017
"11283_8",0.5006968107231009
"9575_3",0.21240035732510956
"8846_9",0.5090489631760647
"8756_1",0.20590399095608913
"7973_4",0.2613234274109561
"9845_3",0.2905920421091315
"11335_9",0.5786343787378548
"456_8",0.5628524729403526
"378_1",0.43071654704965817
"9176_1",0.15237826588707606
"6371_10",0.5047464107504347
"3152_10",0.6049732235245852
"7441_4",0.17067323193270603
"10123_4",0.3760018439979937
"6777_1",0.3680521674430057
"7479_1",0.4169102651081595
"5563_1",0.2864247373338513
"9076_7",0.5341758159028068
"11744_1",0.3278774142401457
"1040_4",0.4450266720269458
"920_1",0.2611286294372624
"3599_4",0.19635953007683604
"9629_3",0.32726412134493693
"12346_1",0.36499281738074
"4237_8",0.5766134440830313
"6596_10",0.6233782551696001
"11576_1",0.2565170595981184
"1140_1",0.20073471801298073
"2945_8",0.5897452335128344
"7518_9",0.6555099166001949
"3435_1",0.2652666724186888
"8219_3",0.5617276039797992
"6758_10",0.8180258024012774
"484_8",0.7688526140318945
"10012_1",0.1235160252694881
"718_10",0.6443825883556508
"12293_7",0.6253376146709342
"6241_3",0.22615434082095778
"10635_10",0.710150349522511
"2563_1",0.3244905154653037
"7682_10",0.5884364267974183
"4993_7",0.5640987445453852
"12153_4",0.5989408300157458
"8559_7",0.5723853289794141
"9700_4",0.5572722520176926
"660_2",0.36591843347188663
"11457_4",0.3726169196064621
"7146_1",0.39599324969011057
"3771_2",0.4116756286791697
"8333_3",0.5569412198017
"11740_7",0.6490357967189122
"7035_2",0.27216259486239924
"7054_1",0.18793751938894834
"12292_4",0.21775440950469413
"8881_4",0.47993218975271806
"7264_8",0.6919876094848806
"11168_1",0.4096650263578878
"1145_9",0.7625621420662806
"781_9",0.6419712153745452
"5694_4",0.26887440348582303
"2637_10",0.669395106992323
"5812_8",0.6464077083481446
"6335_10",0.7890355998195446
"10491_3",0.3646059755788208
"4684_2",0.2295045513273161
"3810_2",0.37180707200461593
"12264_3",0.2357310563204141
"8018_10",0.6740573230535164
"12185_10",0.6008210123042472
"3959_3",0.4762502319645255
"9829_7",0.6768703987519071
"4694_4",0.2920522212750673
"3884_1",0.30086768253104196
"8027_10",0.7847913502384579
"743_2",0.27510767355302745
"7036_1",0.2112543616296443
"3081_1",0.13215948723394422
"4606_10",0.5470322338032692
"503_2",0.36915251482440026
"6989_10",0.7120922774147468
"10059_1",0.4182080678034333
"1380_9",0.6339053876939389
"3247_1",0.4025846519516713
"6308_8",0.6895204275835474
"1592_2",0.25389987029086214
"3167_1",0.2526628826992403
"6357_10",0.6007287242009944
"7107_7",0.44916014654553754
"5335_8",0.7020374599525213
"11948_2",0.19349488542950372
"10805_4",0.2939452016767444
"638_7",0.6232344281429689
"4311_2",0.27877473678664877
"11795_8",0.5955634340376484
"8031_9",0.7161707836366225
"11930_2",0.3864698918200137
"7886_3",0.6335099737983974
"7253_10",0.8087720479930101
"10955_3",0.27111271439966583
"10680_2",0.1314890758037387
"8754_10",0.633283207283758
"9556_8",0.6423151087445604
"3076_10",0.6930540888547545
"1544_3",0.3290798831825649
"2726_3",0.20339670799793944
"8545_3",0.1802269956145346
"3175_3",0.17317182235812653
"2864_9",0.5015996084563396
"547_4",0.3483003005678241
"2831_9",0.4905679759254467
"5321_4",0.39256603161366765
"4675_8",0.5513641444520041
"11787_4",0.27598453653194566
"2837_10",0.6856556315665412
"7730_8",0.5872986344227177
"2309_10",0.5486763765133017
"9078_7",0.8111718542697018
"8160_10",0.7968895595008003
"7824_1",0.14174039860062485
"9926_8",0.5298120810906441
"3507_1",0.32282638182118767
"5878_3",0.4397507086737509
"6708_4",0.37536119942294416
"1096_3",0.5119490580671315
"4556_8",0.6789738826397324
"3667_10",0.6215315889457955
"9565_3",0.39343139461224075
"4737_9",0.611237662877198
"12134_1",0.3712844091905189
"9413_7",0.6445065098665856
"1002_9",0.6615340753315718
"4889_4",0.646069791505108
"3453_1",0.31993316488404716
"2763_2",0.34198715974045657
"8248_8",0.5399813048907203
"1881_1",0.5062037026927079
"3528_10",0.5914375301252544
"3630_1",0.32564508573946366
"11390_10",0.7348477218863859
"3991_8",0.5025431033554137
"7650_8",0.5125322064330073
"4527_8",0.7033508319333699
"10307_2",0.5907447336820925
"8872_4",0.3990274021623838
"1741_10",0.4896306306875071
"12170_9",0.5501469173035987
"11196_4",0.24189306470147007
"5524_10",0.5167678560659204
"1926_3",0.3198035721822719
"1279_8",0.5776353858307994
"1444_8",0.5539492862573979
"8975_8",0.5418702176404492
"7157_10",0.8024216271234763
"11973_2",0.3711742754235652
"7022_1",0.5214048021616299
"6939_10",0.45663318567524525
"6732_9",0.5340080887520026
"3689_1",0.2089338648961434
"10228_1",0.2224465564366587
"6314_3",0.44079606939014526
"4285_8",0.7104070863935622
"10086_10",0.47206328974140005
"9899_1",0.18785199416631299
"7556_10",0.7482946378437944
"12299_3",0.3958083790726053
"11872_3",0.15883071557886727
"4257_1",0.39091210569062645
"3028_7",0.36060216342764867
"2545_10",0.7758052470462059
"8036_4",0.3273608213736492
"5948_2",0.37050873872400875
"12113_1",0.24129306662224376
"1738_4",0.3060979521171022
"9808_10",0.6347926538020385
"2629_4",0.34631824728800764
"12003_9",0.4169516192200585
"6725_8",0.7047211716089239
"5383_8",0.7843464212818355
"12097_1",0.29906184545216913
"11402_9",0.797003968223443
"3877_3",0.38325541771027066
"3765_4",0.44692253747664595
"11431_7",0.8232174411878842
"7419_3",0.29710484028482365
"9844_8",0.6328887012248444
"9753_1",0.3083848775147715
"12377_1",0.5113622555889165
"2775_10",0.5210011824925667
"11106_1",0.16911779766482296
"10015_8",0.604820689186521
"9473_9",0.6588683562038693
"3633_9",0.7101517695924981
"9022_8",0.7634253583215582
"608_1",0.24773386839468092
"10724_1",0.20061579921959155
"1059_10",0.7229777245043543
"8413_3",0.20927315170930677
"2013_1",0.27772848687872104
"2814_10",0.47186554672734504
"9166_4",0.4210628072228009
"6566_7",0.48293392460523843
"9352_10",0.533029265026991
"8123_1",0.4525490015182893
"10825_3",0.1996868983639951
"3735_8",0.7643595436405571
"7595_2",0.30873047314600666
"4946_1",0.28270804554947704
"8327_9",0.8028578537545874
"5140_2",0.2694854352625968
"10986_1",0.36345023732884646
"7385_8",0.4677845194318272
"3722_1",0.14738267468772198
"9799_2",0.1591259017844076
"1288_8",0.689639141259935
"8089_1",0.5770413219533393
"11279_4",0.5617472790216838
"4845_10",0.8223434356692764
"8354_8",0.6708847739581035
"1373_10",0.3557022596139589
"5431_7",0.6858396715761769
"1245_2",0.312861826675629
"11429_7",0.7105070889713218
"11606_4",0.5233915532786243
"4192_10",0.49991495769478345
"3443_1",0.3663595444492351
"4957_2",0.45559331568282896
"4971_8",0.754586570562539
"913_1",0.47379344822540004
"10311_10",0.6898202080180763
"10558_9",0.7018523862093516
"304_10",0.6941176137962595
"7499_9",0.6437886452830022
"6529_10",0.7144841562341508
"2069_10",0.776406889209236
"1366_10",0.7404211896843886
"10303_3",0.24293331630558418
"4476_8",0.6166579599789597
"8032_10",0.7106774413669991
"8392_8",0.744620122683085
"10158_9",0.7546698403148968
"10886_7",0.6769800737379589
"1789_2",0.31445401673423506
"3113_1",0.3604844090457752
"7713_1",0.1226251705258762
"2685_10",0.8404761632542324
"9760_10",0.6832102832093488
"12401_10",0.6513101257293973
"2489_10",0.5837941299531717
"6382_1",0.4344546510182021
"2352_2",0.23036298043943026
"9440_1",0.20111389604983404
"10695_10",0.5375957768956151
"7297_8",0.4771345120854041
"11703_4",0.4570135482818944
"4733_1",0.35861867187554997
"1769_4",0.48340724055662126
"12219_7",0.5622964423530654
"1725_1",0.27390889370445803
"1711_8",0.5862694393554544
"7466_8",0.8166217702818773
"6987_10",0.6285720208785921
"12351_1",0.14658548166806354
"4929_10",0.8348656618408503
"10281_4",0.29253988615398485
"11555_7",0.5398891036176692
"2075_9",0.6591329627808575
"755_10",0.5659208045616088
"11705_8",0.5675674709923425
"1434_10",0.6956605820115344
"6189_7",0.5686406668687534
"3645_7",0.43099003902047384
"2963_9",0.8302004093408731
"3487_9",0.5927173066790523
"6368_7",0.5736054005665545
"2240_1",0.5951006025608874
"10126_9",0.7082424137817195
"5366_1",0.30863135875019476
"8058_10",0.6397968216902384
"10746_8",0.6040564100023259
"4852_3",0.2543703223831553
"5371_7",0.5860524572029858
"303_2",0.4326420162289831
"7169_4",0.501915136691505
"4284_3",0.48696779095759063
"7539_2",0.20913475576527515
"11410_1",0.5470683294557365
"4710_2",0.4168425788847975
"7660_1",0.44211908856686055
"10378_8",0.3969292616178905
"10580_10",0.6676174438550453
"4295_1",0.2979909138064849
"4433_1",0.3077811334432004
"6959_9",0.7337642138036212
"6769_4",0.5544972351671549
"11996_1",0.0775371978339309
"10341_7",0.6451001002936182
"2337_1",0.3922213718710917
"11119_8",0.7724659797883735
"4228_2",0.2836166853415098
"3680_1",0.24103308620770275
"11256_1",0.18683386229757046
"1884_7",0.5637135537248359
"4750_8",0.5798220119564167
"4890_3",0.6746321965589461
"7159_10",0.6364034328636858
"10622_1",0.35323097101503514
"11753_1",0.4331128000159605
"8352_10",0.7969003741156021
"2188_9",0.739075016914012
"6913_9",0.7504757102003942
"9193_1",0.19528146471315266
"9572_4",0.495763531732706
"5136_2",0.36004384087888447
"4799_2",0.2523900864633886
"5045_8",0.7968462016960988
"9538_1",0.21414184265268013
"1565_4",0.420348095798624
"12134_7",0.6471894160430344
"1437_8",0.5896513124615046
"5319_9",0.833396773061041
"3709_10",0.8126672626777899
"2642_8",0.7515983440734681
"11143_9",0.7379864955039336
"864_10",0.6449563867226638
"9283_3",0.23450166127265637
"5089_9",0.5859863407213292
"9917_10",0.543409163617183
"3800_7",0.5891111282865251
"6074_7",0.6232723919349632
"6433_7",0.8280266650578315
"6715_1",0.22160765183660452
"594_1",0.11801920297709642
"2469_1",0.30608343861764675
"3155_1",0.470530397889871
"7458_10",0.5164369293185334
"2020_1",0.2204259490073199
"6921_8",0.5904130355324293
"9662_7",0.7236035305950884
"9567_7",0.6312184359367633
"5187_1",0.31402200918971174
"6831_4",0.3445321699293773
"7829_4",0.4781084036746815
"3868_3",0.3681694498642171
"2224_10",0.6788360966859169
"12015_1",0.2634730179778053
"841_1",0.24313243057559217
"224_3",0.289799668080789
"4805_9",0.6774090797743015
"7513_2",0.257288743426617
"7065_3",0.20020545591928698
"6192_3",0.49211752385030394
"6075_10",0.6502858933324274
"10611_7",0.8258913417735088
"10471_10",0.7368665254553868
"4198_10",0.4430572402067748
"10756_7",0.5181201196913983
"11960_1",0.3061555109635169
"2885_9",0.7575777084774187
"6837_3",0.2731085149238347
"1917_2",0.40797609653849076
"7143_3",0.34767715005364686
"1762_10",0.5852362962832759
"12066_10",0.8783550591550998
"8410_7",0.5664705754638116
"10729_4",0.5303187395544067
"6967_3",0.44695160310780213
"734_7",0.607709210050379
"1524_10",0.711353246591328
"2479_9",0.46575687875861166
"130_4",0.14708347919951986
"201_9",0.6980610050464725
"6157_9",0.6652754880403647
"9362_2",0.272805110426529
"3858_10",0.5948886620088137
"9895_10",0.7619356797452725
"9953_3",0.21215865231444847
"4667_7",0.5790808924994848
"1951_1",0.12965623847372934
"8724_8",0.7150816081795911
"2886_7",0.6082811385058692
"7491_10",0.7261355837260626
"10403_4",0.3717724540209789
"7362_10",0.5199002843954009
"9466_9",0.6820069964312054
"9079_7",0.6213178863289719
"10171_1",0.25885370487819437
"9511_9",0.563731731257642
"8775_1",0.3660888245795223
"6462_2",0.38785987680519635
"3129_2",0.3589452141769452
"12461_1",0.128957336066029
"8541_10",0.6239828610852941
"4241_7",0.5278839709781756
"6533_10",0.5665009345232883
"12131_2",0.542287266689793
"11577_4",0.34944190641325024
"6063_3",0.23044581974888623
"1760_9",0.7194850700676207
"3396_1",0.2950679533248006
"5385_8",0.685111828029995
"7212_2",0.29620387123026726
"3522_8",0.4668061125348932
"1397_10",0.3987637055415322
"387_8",0.7616234194875369
"4143_9",0.8247985146515725
"9483_2",0.4450401476299325
"3250_10",0.6655739887033976
"8758_4",0.3421506905122736
"7551_10",0.6817842459365334
"2068_1",0.4542697445177873
"9534_9",0.848674314311341
"11561_8",0.7579030310302347
"3083_2",0.31608475902616323
"2973_1",0.4394073967381094
"6574_10",0.8048643403764258
"5442_2",0.2851756286303754
"6343_3",0.41628918071739207
"6723_1",0.15866499027353181
"6252_8",0.5783151967990429
"8465_1",0.2143723884861289
"1906_7",0.2945171963585452
"7492_7",0.5764323463387734
"5508_7",0.4961998893264384
"5936_8",0.7457217808111473
"5086_8",0.7351634561064411
"2134_7",0.6017980255444946
"8301_4",0.47340067271896485
"8423_2",0.35834364398175444
"6241_10",0.8342616862561433
"8550_4",0.6351765895061136
"3330_10",0.6052037380321054
"8825_8",0.7693499594338494
"8030_1",0.18409461247272416
"4884_4",0.4295650473665033
"8391_9",0.529742009955762
"9776_1",0.24863680926757137
"1389_7",0.5538859882333781
"12224_4",0.4820570726648294
"2162_7",0.7235916202955419
"8490_10",0.6949871199816597
"12003_4",0.35654798042017793
"11043_3",0.3747343892553241
"7266_2",0.3172571213499608
"4480_10",0.5918979198945493
"11954_9",0.6819555322837288
"3280_2",0.4776811797964303
"8084_2",0.20613206420825878
"3913_4",0.3755966747778057
"7353_10",0.6506091067374065
"3161_10",0.6515007022472226
"3941_1",0.4826470661749094
"7992_9",0.7969245021052085
"10742_10",0.786837594307957
"69_10",0.7311545501052762
"10415_3",0.5105982709430577
"4818_10",0.702737249353398
"5563_10",0.4916593348757775
"7018_10",0.7461117603038223
"8873_4",0.34757714990759625
"10593_3",0.3157850149457674
"12251_3",0.3233245596653426
"731_4",0.3460755846050745
"1195_10",0.7161234446350018
"7337_1",0.32859089821868176
"2448_7",0.6880802938528052
"4444_2",0.48469063596626055
"9223_2",0.32105396046600737
"463_8",0.7118059515696654
"4335_4",0.3619093480040439
"9635_8",0.5088870261160844
"8738_4",0.46482586921606955
"6724_1",0.2597585029932226
"5504_1",0.10590687054339683
"10185_1",0.4320641713276207
"901_9",0.7775254686603569
"10452_8",0.7984841712342143
"8289_10",0.6735507975724409
"10112_1",0.21405322531609516
"9950_8",0.7822670016896162
"8644_4",0.4221370288384982
"11534_7",0.5235809798859619
"5708_4",0.1637435868449661
"6781_1",0.2752150577890193
"3582_10",0.6818815901865284
"4591_7",0.44838182880523497
"3327_1",0.3552974014566223
"9536_9",0.7588534458740133
"3047_2",0.21959371863439614
"2830_9",0.6363520268507776
"4300_1",0.3289859572979028
"4160_4",0.5245724713217071
"11783_10",0.5841758481446943
"6029_9",0.5962226115359218
"6907_2",0.24397702867152105
"691_2",0.238289547823467
"585_1",0.5251179522099539
"11182_3",0.5640779436784971
"10433_2",0.21249379987001565
"11201_2",0.3285071869074913
"588_7",0.662597317594667
"2522_10",0.6697838418551013
"7002_2",0.22926724230621792
"2059_10",0.7362187054973117
"4925_10",0.5708592019632235
"7791_9",0.804673846730637
"6392_10",0.6841210906080651
"3305_7",0.7105838294629154
"11951_10",0.5890202561075499
"12167_1",0.14618319663892687
"5814_10",0.713530489582861
"2590_10",0.6149381625972086
"10571_3",0.41251618467801876
"5452_4",0.3430011473204255
"6480_10",0.5200640435762229
"11050_8",0.7294428558012532
"11523_3",0.4912794392337019
"6556_8",0.6773457215141873
"597_9",0.7180976638711328
"4049_3",0.41451137303186314
"6652_8",0.7952234146202724
"5591_4",0.36028960890646133
"12295_1",0.23119618276622209
"11478_10",0.6059466546251155
"6436_1",0.47689496016799265
"2487_2",0.43204533205429335
"7520_7",0.6955093186197032
"5203_9",0.7975748029505026
"6162_10",0.8714789552963027
"3840_4",0.3116174583567459
"7471_10",0.760010628946134
"5021_1",0.1434576181974834
"5593_10",0.7826630420825677
"7489_10",0.5172442144023127
"1208_10",0.4721566344319708
"11983_10",0.8252696995640433
"23_4",0.36029883049081457
"3622_7",0.3749236933671119
"7821_1",0.1894506233079672
"9726_3",0.2388522230385926
"2890_10",0.8242321864198515
"11695_4",0.41737776687588063
"3751_10",0.8326648194463054
"5136_8",0.6710418339830584
"8730_7",0.6970468524741753
"4341_7",0.3312214821309565
"9148_3",0.18696808323454636
"6385_3",0.2338458767324543
"8560_8",0.5155954880158039
"766_2",0.3064634827224013
"8847_10",0.5662059761280893
"7455_1",0.20130329186986537
"3187_8",0.583024010794085
"9683_1",0.313357338254293
"7744_10",0.6665472485287973
"11136_10",0.7207958384045222
"214_1",0.25847234858469137
"2105_9",0.7192596822105043
"1265_10",0.6280858856009529
"9122_2",0.47163827750662374
"9296_10",0.7599349877814053
"8107_2",0.277972424991282
"8134_2",0.1420522474245319
"3788_10",0.6531047382172244
"2429_10",0.6749543783413398
"8567_1",0.2640512178482675
"7400_10",0.5074900649673852
"1789_7",0.42750718142504623
"11098_2",0.24063261830198934
"918_10",0.4371524232542819
"3389_10",0.688421471892318
"3754_1",0.4092005402616226
"8807_9",0.5686408020047518
"7900_9",0.7866069642676934
"6541_1",0.2062311616476839
"981_1",0.2773669320535922
"2142_9",0.6581796383772028
"1639_1",0.17785362632223545
"4162_1",0.253231632212574
"2476_10",0.6844043236379493
"9941_4",0.4877906571557169
"4020_3",0.3860916070859209
"6823_4",0.3658411935355954
"6236_2",0.3305882290402715
"7793_4",0.37538532452869733
"7431_9",0.8945747878013379
"6864_7",0.4094720557647655
"184_9",0.688578269073399
"735_7",0.5187481172174019
"1673_8",0.755677849341154
"6209_1",0.2828684415451278
"4167_10",0.6900817818639426
"7854_1",0.3558565579880592
"6281_7",0.673672931502068
"3045_1",0.0861155319771091
"598_9",0.6494454618094658
"5411_10",0.653961481220451
"3781_4",0.2928029503819228
"10627_2",0.2206806469274319
"11283_2",0.3872646039042065
"4594_8",0.6085900923242472
"12424_7",0.6136033651006633
"6705_8",0.4548173338180458
"5274_8",0.4782689181644291
"2107_7",0.4359859525721476
"10685_7",0.5788685207204275
"1992_10",0.6884556747719673
"6711_1",0.16288672265541668
"1899_10",0.6846498586240369
"6307_9",0.6726670701387597
"5702_10",0.7223745043813139
"6865_7",0.6485709703892325
"5047_10",0.5363932840403869
"2762_8",0.5731557259028883
"2830_4",0.47055876754084996
"9305_7",0.7171324055975613
"4358_1",0.384439397121545
"7558_10",0.7580848529794674
"8607_10",0.600086268363997
"4599_9",0.6872813249277446
"5267_4",0.34301930576538314
"5667_10",0.6995888496408835
"10108_8",0.7140034797477514
"8432_3",0.2818037386371301
"845_2",0.3892352921676407
"552_2",0.4364298445419396
"169_7",0.6675078904283773
"12311_1",0.28741512209332837
"5884_3",0.4848953958099707
"2938_4",0.390910677411879
"11378_7",0.5610889137011481
"7337_10",0.6956008911256921
"4378_7",0.8048837254706538
"4660_10",0.7986194723587341
"2461_4",0.4391408876622919
"7011_10",0.8336434293996743
"9907_2",0.315114421413271
"6134_2",0.2065415907766121
"1548_1",0.45088957529822266
"157_3",0.3681566755268367
"2189_2",0.28841784721283314
"9021_3",0.5305697190071401
"7699_1",0.24397652068915188
"9298_1",0.1825731162825963
"539_3",0.5499667925997331
"10243_2",0.20262324815149552
"8659_9",0.6454564707451096
"10748_8",0.5811501946702596
"6757_4",0.2985094526129693
"7196_8",0.679400616458051
"2579_9",0.7984042211244927
"5896_10",0.7852846774395179
"2308_9",0.6421834085126751
"12318_1",0.3461413655371014
"12244_4",0.2600841514718885
"10131_7",0.781380694749339
"3608_4",0.3152408036513996
"10891_10",0.8418233753346601
"10517_10",0.7357367227309347
"2180_8",0.6792794182589832
"2498_7",0.7436135024479029
"3382_1",0.18714848204238704
"12196_4",0.360075146277601
"7079_3",0.4048201859201924
"562_8",0.37105841439591963
"984_3",0.41693204259414557
"7756_10",0.757771584795086
"11553_1",0.3930142450504798
"1880_4",0.4327171324439804
"9842_7",0.7237775433098749
"795_3",0.2213099384278531
"11707_10",0.5647875350007372
"8457_9",0.5510324301381244
"2483_4",0.3438508751516085
"4903_3",0.30831277171656785
"12223_2",0.25017535630628696
"8418_2",0.28833275304617845
"6194_10",0.8383913238158518
"3214_10",0.7743086075388503
"12208_3",0.2728997683744236
"7001_10",0.5985649553121118
"8533_8",0.6554696109286587
"8236_4",0.295112857048712
"2867_1",0.28947361480399286
"7876_9",0.6265176521124618
"9640_8",0.46319200711833125
"11866_3",0.3298895487498889
"4262_4",0.39221531597727116
"5711_4",0.5049038917633873
"214_9",0.6911765206332008
"9641_4",0.32531347258845644
"9086_9",0.8074433763946717
"12088_2",0.2012164402537264
"76_8",0.8722817379374952
"1537_10",0.6722267343389203
"10510_2",0.13474531562862285
"778_1",0.2685462830268298
"458_9",0.5008489822037779
"12472_1",0.18405066130655584
"7914_1",0.4409038488004288
"8595_10",0.8570728318893462
"7741_4",0.22178847487922132
"9056_4",0.27484259183778664
"538_4",0.3990110879994761
"12049_4",0.4783290075128073
"9613_8",0.5812908883860338
"7051_4",0.4409922050291204
"2549_7",0.5898313305218029
"12139_3",0.33696635036586753
"4006_7",0.5633640326752325
"11662_10",0.7649541177198214
"497_2",0.24967190262685338
"5556_2",0.35626012489602804
"8287_10",0.701320178145575
"4712_9",0.6943872739795557
"8237_1",0.22302319694685496
"4466_9",0.800817301461724
"4141_1",0.3285597088305712
"3303_10",0.710793232734303
"5384_2",0.3051503692475615
"8494_1",0.3673762458705032
"5127_2",0.38859722081488346
"6961_9",0.6060666556370735
"10856_1",0.2945005062251271
"9421_7",0.6937818144695699
"3776_10",0.6670861968545158
"5958_1",0.2976731674584444
"6227_8",0.6396059904897036
"10991_1",0.4807362984347189
"7996_10",0.8368290873233407
"12372_9",0.7517178201339455
"1460_2",0.5329511612753556
"10183_1",0.14598052158121613
"2829_4",0.19230679591535443
"9797_4",0.35201037517331446
"2988_3",0.20369891263039025
"3974_3",0.46427683295611444
"11419_4",0.30682320580090183
"11472_7",0.5608444247468158
"8489_7",0.6270852199779066
"11938_4",0.36936976458254767
"1057_8",0.6968004916757561
"7213_1",0.3868626382521355
"2615_10",0.5324630745834509
"3101_1",0.20935261511665168
"7553_1",0.2619081219919762
"10258_1",0.22855373564126727
"8551_10",0.7392731558925871
"11233_4",0.31708897493031263
"2996_4",0.49119565160601997
"8670_3",0.487378919947581
"10586_9",0.6542181664864463
"501_10",0.6227585201600883
"11398_9",0.7312171479617543
"9223_8",0.6806401293182391
"5432_9",0.6318395619274428
"7517_10",0.5896218851572861
"11616_7",0.5939300570588711
"5055_2",0.3246629652931904
"9285_1",0.2588441289118129
"5175_1",0.28002024533223036
"872_1",0.22244608270535443
"8890_7",0.5419251448698453
"178_2",0.20812598677629324
"10660_4",0.3230587241031615
"11461_4",0.40674464414870715
"9461_8",0.5894220995892064
"3992_3",0.25407056830321073
"1173_1",0.12920582527729396
"8261_10",0.5955089566128178
"10007_4",0.36925049687118955
"10751_10",0.6064515834130693
"5021_8",0.6883429697216545
"10553_7",0.73482011910086
"12464_8",0.8469432252807565
"8616_8",0.5967635710474803
"9697_1",0.2368319740086627
"2800_1",0.3058565590843734
"521_1",0.12303092768744894
"7535_10",0.6166160831781562
"4352_9",0.654221284557844
"2246_10",0.5114374472109584
"7039_4",0.4558328171642186
"10344_4",0.40578664728575925
"12195_10",0.6972374555939791
"3671_4",0.6032627380548515
"1767_2",0.32283590278939067
"6536_1",0.25510210895071883
"8951_1",0.3733415120965899
"12462_9",0.8498172439177973
"8489_2",0.16842274643298497
"11884_10",0.7578047073559453
"8602_1",0.3327448304448616
"9229_1",0.3481261767023253
"10611_3",0.3220680959530016
"6764_4",0.5280800426348917
"2612_1",0.35350373496468684
"213_3",0.40559285836491477
"1987_2",0.25468173409062955
"3082_9",0.8244307164806165
"10504_7",0.5412919859624841
"8862_9",0.8322199601519017
"5512_10",0.542307215924677
"3198_10",0.7240187525922637
"11521_1",0.15744691599593133
"9841_8",0.5619820450155308
"1781_10",0.5815826368825111
"8389_1",0.23252344044293544
"10225_1",0.28749389940645576
"1403_4",0.4120557049316331
"3792_8",0.6488298428558991
"4361_9",0.690747028088135
"6579_7",0.6186677605873414
"3891_2",0.2320651383946531
"10782_8",0.5844521876810436
"12290_2",0.2902083892471889
"1710_1",0.3345381389330841
"5507_7",0.49335084046413646
"10523_1",0.3232615528869224
"6722_10",0.4870298287638387
"3401_10",0.7434869249292405
"8079_1",0.32444669233692813
"5650_10",0.6483396436063893
"1843_4",0.40876474799236007
"8228_7",0.547345621188234
"1138_8",0.625927516097826
"7943_9",0.3842376752133397
"2219_4",0.18173992016018992
"11675_4",0.46298514641639366
"7748_9",0.7574547775597933
"3859_1",0.21002882962536268
"1497_1",0.23265806487976023
"2115_10",0.7064528277688179
"9622_4",0.20987036183597155
"9482_10",0.8284167056225692
"9084_2",0.302610405524633
"2744_1",0.28972793980779327
"6599_3",0.4276790794870103
"10991_10",0.6399440495816184
"8444_9",0.6980929935917101
"1362_3",0.3548345400503507
"6820_10",0.6822348306103068
"10806_3",0.28124025959943183
"5509_3",0.39786580572332425
"1939_8",0.586875985122551
"498_1",0.4229915735362799
"12238_10",0.2595349442522122
"4154_4",0.5091259457963171
"11557_1",0.2331155856705489
"6658_7",0.5746620604503441
"1183_2",0.19054150956462432
"3764_10",0.4981633065365115
"12421_3",0.39942523613787384
"8166_1",0.37870342419573594
"88_10",0.6895182412660099
"6291_7",0.5374424988638492
"4637_2",0.3637638517145338
"4194_10",0.6126294045827122
"9020_10",0.5224583207725026
"9749_8",0.4691978022887789
"3308_1",0.29117422789158826
"2569_9",0.7812385965075802
"9696_8",0.6120782600084245
"8680_1",0.25447594945778057
"10469_3",0.15975510459072617
"6208_1",0.3440070952066862
"9862_3",0.4485536739032093
"7663_10",0.6832916131758978
"811_10",0.8345779042287147
"5452_8",0.7731994076321254
"4347_10",0.7262532963743098
"10922_8",0.7106731265972278
"10466_3",0.23101042170660638
"11650_8",0.705033711099637
"5126_4",0.5628270989260858
"3454_8",0.676613763137087
"11021_10",0.5753794873541168
"1160_1",0.1718552078189841
"1948_10",0.7466705693604355
"8741_10",0.6911079493202517
"8996_4",0.5254214722879562
"11572_2",0.36805846002379755
"2183_7",0.5280694540188415
"1779_9",0.5436941454166039
"5466_10",0.7085250694168282
"1756_1",0.23599504306894917
"7777_3",0.28165930805815126
"429_3",0.4082703223131281
"1736_10",0.6562044690746944
"1746_10",0.7793437058714136
"7613_8",0.8288141045442263
"4315_10",0.6698660418936375
"12186_10",0.6420457457463502
"4231_8",0.6414012333427145
"659_8",0.7556613697840338
"7739_10",0.6026024515671315
"43_10",0.8522967229711179
"2960_4",0.5487465904365622
"11665_4",0.5111482851349688
"4399_9",0.7140326023323108
"6993_8",0.5521125014531526
"6523_10",0.6779777037673508
"7068_1",0.23255168673253412
"3005_1",0.5289977344870213
"10419_8",0.7645580950941467
"3160_2",0.3679397943383204
"1881_10",0.41881119514351745
"5623_10",0.5241488480584156
"2263_10",0.7836807574125019
"5736_8",0.7159320357836941
"550_3",0.36430652744839537
"368_4",0.4159836913967105
"9100_10",0.6272988374594127
"930_3",0.42146267779487284
"866_10",0.6902669430592565
"11251_7",0.6042583365325255
"10708_9",0.6197544037891469
"247_2",0.4475346514782635
"4080_10",0.6634120611744552
"2104_10",0.8665641324818129
"8_2",0.4013620320245861
"1485_3",0.2597776773770871
"3133_1",0.4237097917288013
"331_10",0.664156865295359
"12213_1",0.2679032778788944
"2825_3",0.3653596648139164
"8316_3",0.41401016571517024
"11102_3",0.2818497817934319
"9719_1",0.18302858472518305
"1951_7",0.6833860042884102
"10577_1",0.16951124081892235
"9941_9",0.87245641109329
"12246_1",0.19595380502390772
"7579_4",0.29411103320571963
"7111_7",0.6823631624030356
"1068_3",0.40209487761950613
"1872_4",0.619130533021955
"834_4",0.4939385301469789
"12088_7",0.5318353210331765
"7785_3",0.30497113148228017
"7364_10",0.7061813038824267
"4441_2",0.32700159937178785
"3957_10",0.8788131127522132
"7789_1",0.32598395433214566
"3296_1",0.366987392703725
"6656_8",0.5600915576790805
"7366_2",0.2982930768400869
"10579_10",0.6792731465335269
"1292_8",0.6244834456896246
"3172_10",0.5744468851210397
"4948_10",0.8544272026969685
"8690_3",0.2966532537212342
"3279_1",0.1963085703632867
"7221_3",0.391827214258629
"6376_2",0.25228326856724853
"4901_4",0.3703277973914938
"1591_10",0.6972637391621916
"2905_4",0.267544346349022
"8656_7",0.5024644226550944
"10100_3",0.5308808184541122
"6918_10",0.5776405501116089
"7105_8",0.42946110665910947
"8220_10",0.6870362273849929
"916_3",0.24842306573166253
"7831_8",0.403672282799604
"11118_10",0.8462031962805596
"7993_10",0.6666319424476007
"2665_3",0.3232491616906996
"1680_2",0.23842543782465564
"632_8",0.6922047052939003
"5838_10",0.7823190228754622
"4039_9",0.551249377335055
"309_3",0.46907731800120994
"6715_7",0.48674360625743995
"9130_4",0.46143067910544366
"722_10",0.6139436882708779
"9485_3",0.45528567767216954
"5421_9",0.6745749288933839
"2053_4",0.23971547752637837
"8824_4",0.3296391257067184
"906_4",0.4407875113710148
"4325_4",0.4225848709934466
"3131_1",0.39524750189957536
"4732_10",0.5137030286159292
"7628_1",0.3946869026575548
"3903_8",0.5430944212641899
"2781_7",0.580273482735222
"2530_1",0.3223860307683268
"8740_9",0.5864431948556521
"9456_4",0.34336340872306387
"8705_10",0.6688475924462354
"9894_4",0.3196270383470306
"7573_10",0.6740658619889939
"117_1",0.20100705053935425
"1578_7",0.4217574933830534
"2822_9",0.6910692762492607
"2544_10",0.6562153900484988
"10988_10",0.6841045005947399
"9846_3",0.16881354784477573
"6242_3",0.41903104581724143
"5626_3",0.5418514132218376
"4053_9",0.6495806366709238
"10157_8",0.6797500889400606
"10582_2",0.29263780994703015
"11091_1",0.23350809411656587
"10436_8",0.75625342036486
"3432_8",0.7169386199127947
"3007_3",0.5581793939214404
"11467_4",0.27503273427577907
"9877_8",0.2926338906973205
"4839_1",0.5384820946344712
"2766_3",0.40216546785389934
"11528_9",0.7705007896077177
"4327_1",0.17243088789606972
"8087_10",0.48442729444511706
"3394_10",0.8198584346954558
"4690_4",0.42152544594474467
"11642_8",0.5950915205998297
"2603_1",0.30270810851327157
"9578_8",0.565271015510335
"8316_10",0.5254128856145981
"8184_9",0.7201112219616222
"9764_10",0.643703478799631
"3248_2",0.07378877066497241
"5784_3",0.23497224410880918
"3686_1",0.15731921110025593
"10901_10",0.685923798318217
"606_9",0.7049464541982161
"6887_1",0.27203325464745276
"4240_4",0.4918255792767882
"977_9",0.6074485467819519
"2232_7",0.5783055922880264
"4107_8",0.653384072828715
"11897_10",0.7605116248917192
"10418_8",0.7455303113372088
"5274_1",0.36403261017504795
"5978_10",0.6237807238976736
"6781_7",0.6326090357548797
"6704_10",0.4821904107653933
"8290_4",0.3798915005808814
"9826_8",0.4187164350021022
"10066_1",0.5087899656257932
"1135_1",0.3133890575319434
"6683_9",0.6355616378587183
"9991_8",0.8211401785972826
"1710_10",0.7159504300235366
"4774_2",0.3144953035561182
"3621_2",0.3924623788485906
"9258_1",0.20777200578867003
"12244_8",0.8004530555410947
"401_1",0.2099643750354546
"11869_10",0.7456380135374373
"3092_3",0.3557402294934299
"2910_7",0.7645461363686525
"961_1",0.2788640185402056
"6927_7",0.4382146982450962
"4819_2",0.3002229719875068
"658_7",0.6407926256260148
"5477_2",0.268128519222097
"7766_1",0.45470636990664565
"4159_3",0.3753019414883259
"5010_10",0.6346333474250987
"11093_3",0.2536578159768373
"7287_10",0.7803648755837659
"3462_9",0.6188264878428356
"1652_1",0.37963495363052707
"12077_2",0.42455749982368857
"3798_10",0.5850231182475985
"2696_10",0.7452885371868007
"2803_8",0.7860292581180762
"11941_2",0.28805507701575433
"8090_8",0.5761214430469633
"6994_4",0.32114052817334765
"1242_7",0.6868847721312058
"8828_9",0.584177069958801
"1346_1",0.14289852015112103
"468_1",0.2670053072998221
"3665_4",0.3163803930892397
"4476_4",0.49230858509321557
"6043_9",0.5341761365172683
"5830_3",0.1368813276948852
"3159_10",0.6700309567934596
"6975_1",0.36764072369874534
"7338_1",0.20750753036078376
"1424_10",0.6533922832041522
"6487_7",0.7588286433211078
"3023_7",0.5163116719515399
"4749_3",0.3511382729300844
"4596_3",0.38081005395105083
"4681_8",0.7435621418696343
"4235_1",0.5242592094939236
"2912_8",0.6973281644640846
"6552_1",0.26965483496992776
"4329_1",0.5787711659592564
"3876_1",0.15048878129479246
"9168_9",0.6036251947328097
"8747_10",0.47132931023426267
"11842_10",0.8036525688630729
"5612_10",0.6211590039106878
"10371_8",0.6345690451227093
"4804_7",0.5853631039402228
"4914_7",0.7800414379088562
"2520_3",0.46630208078291735
"8053_3",0.3093201587941864
"11302_4",0.1892825022485998
"4766_1",0.5893938286971956
"1820_4",0.2925326538540142
"4668_1",0.2601950379008889
"3521_2",0.19874562814249952
"3467_7",0.6554480582644461
"1885_4",0.29716989891094603
"4206_1",0.5183610173216687
"2774_10",0.5183639085029194
"12060_1",0.2502496748521635
"5664_10",0.6852046892049439
"7078_10",0.6133308944899779
"4797_8",0.5915434103440319
"2735_3",0.2949166036829532
"7981_4",0.3836649192764216
"10440_7",0.5177765968902216
"11611_7",0.687546519158473
"5553_1",0.29893618384559356
"12415_2",0.5284798195842344
"10807_3",0.40816986905369457
"5539_1",0.38799287059097687
"9489_10",0.6370711785436762
"11053_10",0.7665238978998956
"7493_10",0.7059546725037591
"10400_4",0.4951948035150054
"9856_10",0.7403322716185526
"6813_10",0.45124363350949726
"679_10",0.7088584455614277
"7502_3",0.22163828125432558
"3842_7",0.6631291742308651
"7800_10",0.7686189974000902
"4253_9",0.6500574865448122
"2103_1",0.19291908996074983
"9581_3",0.4906562897990853
"7335_10",0.5159569577027459
"3304_8",0.7007612067530423
"12276_3",0.3965729401808638
"5451_3",0.3077068278781447
"1873_3",0.34521985062400157
"5857_7",0.4663235321807841
"5423_10",0.7207564681759782
"6400_10",0.6856053065996777
"6419_3",0.4099334776710063
"3775_4",0.3363045863252828
"5165_8",0.5774908899040151
"6555_1",0.20513873046853265
"3806_4",0.5241775187712042
"8584_7",0.600525859587179
"5390_7",0.5581557873923912
"10965_1",0.21835603534963263
"6680_9",0.8089899270914934
"5034_1",0.5043847525660494
"7718_2",0.21051549338980857
"2688_4",0.5160582102112279
"9107_2",0.305893343530221
"5993_1",0.1571156487748514
"7456_10",0.7745150303507127
"8581_8",0.5169694405068381
"8852_3",0.4096298362297317
"4239_10",0.7452676650668353
"9012_10",0.6100869560850413
"6661_9",0.7146215638080557
"6786_10",0.5177944399786817
"12257_3",0.3616112806356267
"8700_8",0.6217199306576668
"8848_8",0.7093394350480194
"11377_4",0.3768015322265413
"4722_2",0.3388373428903415
"8546_9",0.6182208425987383
"3091_4",0.16780929188349497
"4124_7",0.42839403279129595
"10860_10",0.6856456947959181
"2684_10",0.71293536329441
"4968_10",0.8776056278461448
"10785_4",0.24318305752009728
"4871_8",0.6466931073280219
"1064_8",0.7958535324868112
"9452_2",0.1741319199754904
"9965_1",0.31459612551331984
"1358_10",0.5544016498983003
"12094_10",0.7344542150273335
"415_10",0.5513339098417227
"8308_10",0.4361414552142384
"11112_9",0.6572433932729459
"6271_4",0.4741438159966624
"7324_8",0.5372970452564022
"7950_8",0.7216458687812408
"8880_3",0.284646819673983
"5610_7",0.6742116990609796
"3918_8",0.6661350992285062
"7209_2",0.10727394098352536
"4916_10",0.6388267264579285
"6782_3",0.4643909728986141
"5607_3",0.4569955232246119
"5492_10",0.7364874622466705
"2824_3",0.22746909511208938
"1533_10",0.6357489087598389
"9663_9",0.546679321840099
"11087_3",0.4521952989348008
"3360_1",0.35381428502640716
"12040_1",0.3462654188115168
"329_10",0.8083788500173467
"4819_7",0.5608697353545307
"11985_8",0.7795469888308283
"6491_4",0.32886803366584794
"7151_10",0.7448217673065305
"6807_10",0.7379957675307331
"3353_10",0.6255926179868325
"3592_10",0.6093543177697889
"928_10",0.6088688141987794
"3100_7",0.6459493833618445
"7390_3",0.2792400040199079
"8466_8",0.42049542372493054
"777_10",0.639649518568828
"10007_10",0.6617128090237465
"7673_1",0.29940531542469434
"8255_1",0.3395301958363051
"3734_8",0.7303931364589804
"6217_10",0.5837589520338625
"2264_1",0.436298863884483
"7637_7",0.7569402025031275
"3494_3",0.367205053376553
"1012_1",0.46011570620311126
"9796_2",0.2581914240396222
"444_2",0.2373700484799974
"10968_8",0.7014226550726829
"8328_10",0.6818827379786043
"2417_8",0.6003488693309195
"253_3",0.21873368172523333
"3740_8",0.8493288888148809
"5904_3",0.4110005734311515
"6664_8",0.716435197316357
"12027_1",0.08846646342876863
"8658_10",0.7582793214248109
"4505_1",0.25222763595307346
"1008_10",0.6100362619589779
"7922_3",0.4652901613124122
"655_10",0.6745443192033671
"6383_10",0.6052974615870396
"5868_1",0.45336718730378317
"7827_10",0.6684919946838707
"722_3",0.3193283013044506
"3933_4",0.4350798349938966
"1358_3",0.32820425227944305
"8939_8",0.6600324543783171
"9502_10",0.7399635951533263
"4798_9",0.614411813971247
"7088_3",0.47570504155464133
"9904_3",0.14871666646607898
"11214_2",0.21230572665832184
"11293_8",0.5095957850982191
"11924_10",0.8177165554686595
"6168_8",0.7631981479086618
"4329_10",0.7467156642585996
"10345_3",0.29342955967710727
"5512_3",0.4254900987905761
"1291_1",0.21295757068460025
"7568_3",0.16444606002861933
"2747_4",0.3141668938184315
"7484_1",0.15160527836501686
"3915_2",0.30985016419867406
"8527_4",0.42476675726692165
"4686_10",0.5708792538250513
"6909_1",0.27671240875546127
"10587_10",0.5239953641330489
"9167_8",0.58920500209019
"4739_4",0.33510671072000986
"6266_4",0.35003903091214306
"6155_10",0.701169508884866
"11409_9",0.6120135296702173
"3874_7",0.5230502304768014
"7049_3",0.45945985981273935
"11158_2",0.20670699343059043
"5714_10",0.7865188266188705
"11248_1",0.08612988195131402
"8854_3",0.5532906940177995
"3191_4",0.38633377834583177
"5537_7",0.6698768257112463
"4919_7",0.6833647316779347
"8109_9",0.7014300518525972
"7476_4",0.4469766839542834
"5890_10",0.7186202933580939
"5837_10",0.8022278500050688
"2623_9",0.7094444145157465
"5033_1",0.3808563135557387
"12055_8",0.8230582937544975
"8420_4",0.4602549994501419
"5854_10",0.787748335952439
"9631_7",0.6788032038438634
"11705_3",0.23538127307010423
"3869_7",0.6062537906690886
"10836_9",0.5966655840713455
"7027_1",0.26991908908513534
"55_4",0.2539499069732394
"11124_8",0.761781881408016
"3533_3",0.19790154813988298
"1552_10",0.8381757378409309
"11307_1",0.19351797871612456
"11974_7",0.6366219487993694
"7246_3",0.3934803748653806
"10648_3",0.1630766898726298
"11991_10",0.42236222030277654
"10494_8",0.5081171686031056
"8109_1",0.12808046849040497
"4764_1",0.24064615241872872
"3527_1",0.17882179874528104
"4059_9",0.6733765161455236
"3729_4",0.13148841939970904
"5073_4",0.6501963408116151
"4984_9",0.7361041589679918
"2371_10",0.6288972664987845
"9597_10",0.7184769326099019
"10823_9",0.5886958808312065
"3123_10",0.7191148574766618
"2951_10",0.7169658026694306
"9800_1",0.3578559850082309
"1824_3",0.5751015891563628
"6238_2",0.4378346585904804
"8830_9",0.614960674624093
"12355_8",0.5500065478052285
"4002_10",0.8272744315812632
"405_10",0.5664348842189582
"4314_1",0.41966530151147047
"9201_10",0.8532234420889989
"10466_8",0.47946466314501457
"3736_2",0.3406461805276424
"1641_10",0.8416105684802956
"3381_1",0.35736798435580275
"11711_9",0.6782854405146551
"4970_3",0.5160727472325202
"6958_10",0.8558483120240312
"646_9",0.7685321431558632
"3590_9",0.7199046010943495
"7218_9",0.5770415089267288
"5091_10",0.8756751762210588
"8820_2",0.6327033517754318
"3938_8",0.5428056765908741
"2616_10",0.5063273630907168
"7808_1",0.4097725415900305
"3508_10",0.6889328718827511
"8974_8",0.6444641075421031
"4383_4",0.6742732085088087
"6360_4",0.19762193418429963
"2759_8",0.6932328196812391
"7417_1",0.22493398624093472
"10880_1",0.27654694169522287
"5488_2",0.377425492866636
"8015_9",0.6509876670983846
"6484_3",0.28104354316843544
"10117_1",0.12340005277918598
"11363_1",0.16686935156989718
"3334_7",0.604748084559768
"3369_7",0.6182077444067691
"9609_1",0.3104569188445745
"8396_10",0.7300659467837421
"8267_10",0.5592610089957798
"10335_7",0.6667380784065167
"1973_4",0.3775359768805901
"7123_10",0.5529826244324129
"6949_9",0.8774165711523785
"10652_4",0.34802001047102105
"10256_4",0.24999756374318566
"4557_9",0.7327040954571579
"8929_1",0.3048539602647351
"2429_1",0.3456788651297742
"3994_1",0.41392185810426557
"11454_7",0.4595597490977399
"11874_4",0.25262871863889635
"4891_3",0.24075630483072022
"2216_7",0.6614426997393853
"2039_4",0.34819855847497444
"505_1",0.25917103284312815
"313_1",0.4130209349373133
"3383_2",0.3229161312158298
"9453_7",0.4764248145236591
"426_9",0.2806285497612558
"311_10",0.692100193133841
"11291_10",0.6566077136560627
"835_8",0.5992113722358123
"2143_9",0.6259552406157025
"8200_2",0.41988120056566525
"11716_2",0.7085112531978607
"3786_2",0.4642769747851271
"3818_4",0.1990658179404773
"12106_1",0.08262676637177793
"2605_4",0.20217462514190998
"10518_7",0.5410520951173557
"3932_8",0.5572695304602405
"7515_4",0.16667989641145114
"9857_10",0.6749762194945601
"449_3",0.4512529455214928
"3573_9",0.642289728291069
"10198_8",0.5381039028542012
"2286_9",0.6919353142483149
"6906_3",0.2440495163362616
"3807_2",0.48389306488621137
"11602_8",0.6509186256821274
"10201_7",0.5591361160403913
"8717_8",0.691384339827114
"10411_10",0.7401616268450052
"11099_3",0.2262598463336012
"5619_10",0.6719922322702014
"9252_10",0.6009142503514656
"6097_10",0.7331716678116964
"6467_1",0.34915263327215273
"2757_2",0.2892818595449959
"1869_10",0.6623492554652392
"5192_2",0.31484852343393377
"11399_10",0.6288634092385036
"898_3",0.5742251637890803
"6820_2",0.38617549339309076
"768_2",0.24778026752978224
"1783_10",0.6560658862416907
"8102_9",0.6202010875435058
"7818_2",0.4338798647571568
"2444_10",0.7260684508848314
"3965_4",0.4025602290611457
"7086_4",0.538766655988239
"10556_3",0.28084330276632863
"5221_1",0.23974027866658107
"4322_10",0.7482644921212379
"7371_1",0.23000569243725746
"1318_8",0.6935626207176365
"8142_3",0.4183661874571264
"3413_10",0.6882752945830065
"3845_9",0.7278767024213936
"7323_1",0.29159206660694575
"5273_3",0.27750543080211
"11812_4",0.5912178052403592
"5737_7",0.5740760588932762
"7260_2",0.4103008012435215
"5018_3",0.28830746705083393
"7779_10",0.7881644588166266
"894_7",0.4563216127303841
"11940_3",0.24273230093167306
"2471_7",0.5062963759065532
"6605_10",0.6534689463662201
"282_10",0.5225788382744763
"12402_3",0.39888866887717805
"7974_1",0.34632302274282184
"12280_7",0.7587594873787433
"10917_2",0.22104086904211523
"12164_1",0.1776956026868389
"3181_1",0.2780808986692645
"11240_1",0.33726933102258244
"11255_9",0.5500905202033138
"2318_2",0.30772500591122115
"4976_7",0.6472585595873462
"1822_8",0.7621022709860887
"11724_7",0.7214047427037675
"3499_3",0.5515578212107879
"9439_9",0.49147166207226417
"5469_10",0.7657868902054541
"7612_9",0.7756864319629928
"3947_8",0.5584286858503138
"11269_1",0.2046404235498392
"5771_8",0.7016535202062308
"4461_8",0.7098940732993978
"5683_9",0.8131238654855774
"639_1",0.15993357230560973
"9896_3",0.4794215863181905
"5131_8",0.6101791521225716
"5961_3",0.3258611757818766
"5741_2",0.33192256739839776
"6418_4",0.7012155319173293
"5416_1",0.1566956325562934
"3114_7",0.7196186345718788
"3587_3",0.20832166793668702
"5472_10",0.7905003009609114
"9802_9",0.6126703748366705
"4313_3",0.47912854238780367
"2921_7",0.690493791640188
"11468_8",0.5834876905916747
"12250_10",0.6281469760954798
"3481_10",0.6121842931659731
"2067_2",0.13889606497793186
"8574_4",0.29085121259123253
"861_9",0.5574619157568981
"10381_2",0.18710743578429023
"5479_1",0.622734775631073
"1107_9",0.7343609413168818
"4475_1",0.12434233234651071
"469_2",0.373686041640354
"605_4",0.5562422575708273
"2182_1",0.2717894221927062
"9401_7",0.6484143300164751
"2518_8",0.5812268072766618
"5329_8",0.6248869140964152
"3202_1",0.37066314017590857
"256_4",0.6513719165181651
"7235_3",0.30507760260380573
"4661_3",0.5607484124851608
"11045_1",0.3386365766273141
"1417_4",0.40952610439546877
"4186_10",0.5384345509484575
"985_4",0.49239002280195365
"6553_1",0.3715440103155809
"3118_1",0.21824832983590695
"3297_1",0.18345245655084091
"5843_10",0.3459447288839896
"7645_7",0.5990963223699926
"11958_1",0.24241088588292312
"10823_3",0.37818364654905295
"5097_4",0.4890592106284297
"4344_10",0.7448876859474325
"5442_8",0.7434192102438221
"11969_10",0.4132355768923877
"7015_10",0.7129677335967871
"1419_4",0.4581805388192045
"914_1",0.28671000153669834
"11911_8",0.493250429226693
"5930_8",0.7030594821932354
"3853_10",0.587682247608945
"9404_1",0.3751612471821721
"207_9",0.7389621401779305
"2018_1",0.36798067213736374
"11192_7",0.6042202879353724
"6679_4",0.31136235774857574
"1184_3",0.24264894571898138
"3291_10",0.6542510317926792
"12323_9",0.7574816699473833
"7524_1",0.3797254244797631
"443_8",0.7927625156622702
"7964_1",0.23673648976004652
"730_1",0.31872973253733583
"8969_7",0.6606960134826039
"8581_3",0.4579665093534421
"12152_4",0.2681917749597066
"4528_10",0.6207529731503807
"5984_2",0.2928448217487258
"4446_10",0.5120237485443676
"7039_8",0.6658006783503354
"591_8",0.6183185226786349
"6869_7",0.6006994919812638
"1836_7",0.6443596068635662
"4183_10",0.6200931199141212
"8590_1",0.38426889139892667
"5647_10",0.41310883574246227
"11076_10",0.5711346958044375
"11241_1",0.41265186515205526
"876_10",0.8279418166556196
"8390_1",0.25034836968903446
"1462_9",0.7376525613452352
"8362_7",0.5228838531572606
"3400_1",0.3317114072246181
"2318_8",0.785729564927683
"5389_4",0.5707968385199554
"8617_4",0.2451533824683246
"9200_10",0.6593773731132415
"8878_10",0.4856775330358329
"12110_1",0.5264906931125454
"9101_10",0.7377827706736206
"4967_3",0.32487189396232174
"12436_1",0.11139475505527752
"8845_4",0.5790922407076258
"3420_4",0.3577502257948527
"7428_7",0.7386076909824035
"11769_10",0.7267622511651677
"7025_1",0.39717145914865515
"1561_10",0.7070112768285182
"3704_1",0.20575370956541117
"3529_8",0.6744762514278463
"12234_4",0.4343183239732156
"10600_3",0.24953364677478912
"1028_4",0.4374380253794199
"6764_10",0.7211380695585671
"1815_2",0.3534805267229941
"10953_4",0.19327956925238368
"2809_7",0.4814564954844992
"8393_10",0.7099533051989971
"2743_1",0.5615219062720516
"10711_10",0.6736754464305013
"6173_10",0.7698772690635228
"9664_7",0.5769946542523753
"6335_3",0.28985285094806307
"1665_4",0.3482210658240688
"4174_10",0.8266791043684957
"2038_1",0.47865860171784363
"3717_10",0.6212011751553324
"9361_10",0.703668688604156
"415_1",0.30495292279179786
"1460_9",0.8026116428817756
"5915_4",0.43088692992788885
"7187_3",0.34756934007370816
"11050_1",0.13217658192450246
"8822_10",0.7162051950332013
"12407_1",0.20639525438579312
"4543_2",0.11563417397465753
"10560_9",0.7582607548076169
"9108_10",0.8031105046709618
"2999_9",0.5018024405891677
"1703_7",0.6154594975195277
"206_2",0.23638905219975334
"2095_3",0.20598242860736968
"6454_8",0.6600433052794367
"2773_1",0.09832775931351717
"6252_1",0.1335663658209831
"2848_7",0.4393159582692361
"6887_10",0.8145699859989546
"8660_1",0.1530958327737257
"1675_9",0.6854824703106003
"9842_1",0.1696259587002238
"9118_10",0.7448984758648777
"5793_4",0.45537127368454133
"941_10",0.7441309404232971
"8832_1",0.4325477141876845
"7584_3",0.2800591276948617
"9746_10",0.7682480813598997
"1965_10",0.6047026073469589
"5346_10",0.745025167007108
"9738_4",0.33174593330519847
"5905_9",0.7614688948186895
"336_1",0.37410507604922894
"5621_1",0.37088804439396017
"5976_10",0.6965034090776113
"3000_8",0.5409845096614765
"5172_7",0.7038093786985825
"311_3",0.21163439822053703
"2035_4",0.39545479730918087
"6084_10",0.703158026282417
"7284_9",0.4820446213656047
"6449_8",0.5830411215404329
"8671_3",0.3560089329490186
"636_9",0.5661709699319526
"11330_8",0.6887065316796754
"1300_1",0.4490698725199072
"11538_1",0.2548458856574426
"5159_3",0.31359514740661537
"3742_9",0.833224274022224
"11281_9",0.5194267199952347
"4128_1",0.43204925964109575
"4382_7",0.36330257327171345
"862_3",0.29634585778282635
"5941_8",0.7224685568887226
"8576_3",0.4434553718574725
"10570_1",0.1950950512962994
"10682_3",0.5466645629025721
"12497_10",0.5094294023673421
"2026_7",0.7217578447158495
"9657_10",0.7831344457370017
"999_8",0.7036065791160951
"1664_2",0.4532451337588266
"1795_8",0.5919459142296788
"4280_4",0.4990753333651462
"952_10",0.705858954738573
"4725_7",0.7225049289610584
"8162_2",0.11767789403667349
"10062_9",0.49670320809328783
"4719_10",0.6614702047130591
"10388_4",0.4100383217069387
"6183_9",0.552291157615859
"3703_8",0.8519584394163906
"11259_4",0.4747472828434146
"8578_8",0.7446122379975301
"12040_9",0.8285436412637257
"6500_7",0.7466758589791739
"3473_10",0.6266162584705449
"11784_4",0.4363218992643059
"613_10",0.7561594604912214
"4631_1",0.44613245048263295
"2426_10",0.7221102673387261
"7088_7",0.7199366631960097
"5851_7",0.6167378361521332
"3904_2",0.1618487849876483
"1329_7",0.45349327734840056
"2160_7",0.3595056239415836
"4796_10",0.7461144469149747
"8760_1",0.4835870483434256
"7859_8",0.6845981864300824
"4251_10",0.5764738862087887
"8143_4",0.18709482657772059
"11713_9",0.6714695113746155
"5037_10",0.7554923646346402
"9621_7",0.7515558824423647
"2600_10",0.6833722930587748
"2027_1",0.12360683380152905
"8225_1",0.22141976024348933
"12463_10",0.4053685253665046
"7842_8",0.5287243641076148
"4768_2",0.4969158872168268
"2644_1",0.16649009029424205
"4193_7",0.5011620296718771
"5150_7",0.5168071122046322
"5942_7",0.7361386151091688
"8293_1",0.21624569503926247
"6046_10",0.35155956169873087
"12148_9",0.8422747821953864
"966_10",0.5779045960368264
"6428_8",0.6429445848202112
"12465_2",0.2694248718576653
"342_10",0.45874080667935874
"9246_4",0.07592447198384647
"8683_4",0.5725331818088027
"627_7",0.48302177807602764
"5614_4",0.5322845451485881
"4546_3",0.3700059104697277
"4384_1",0.14765573910398813
"3144_1",0.2714178320342656
"9530_10",0.5121915285519494
"10558_4",0.21583483601256592
"619_1",0.17297068661708176
"11594_9",0.7523172164207975
"6511_7",0.5145436446122478
"8351_7",0.7500664995316092
"9163_3",0.24874222382633637
"12078_1",0.32090015960180507
"5489_8",0.6399850664553465
"4191_1",0.28221820678690585
"2373_10",0.549540994578198
"8664_4",0.5661252040704363
"4556_2",0.45671493357259463
"9004_8",0.6546042529344058
"1357_4",0.2777396153153495
"152_10",0.6286371877340579
"2977_1",0.12556784600059992
"8812_1",0.21540016152169536
"8544_4",0.337254223752933
"4821_2",0.3441608217657196
"7874_8",0.5265019939237745
"1689_1",0.4769250175680339
"9654_1",0.20730297101004835
"9363_2",0.1867562668895578
"8959_1",0.2018678129078387
"6113_1",0.34457048010769764
"10702_1",0.3634914722654954
"1839_4",0.3814889597789362
"10587_1",0.40652167505291004
"11715_3",0.6020042770772057
"12252_8",0.7718523272588182
"9480_3",0.1266485200169521
"6438_1",0.5448551722511044
"3762_9",0.7170790566350371
"5350_10",0.6620713452849495
"3927_9",0.6594092470565167
"9598_2",0.42841702900055517
"3930_3",0.09113179531973604
"6647_1",0.13735184057250943
"9251_10",0.7108231497223082
"5926_2",0.2087898048175808
"11530_8",0.6458975891842152
"1625_3",0.41837878805192497
"10515_8",0.4922569122164913
"11185_10",0.38165744045354066
"8675_10",0.7905983737740201
"3701_1",0.45152515663331133
"9222_10",0.6989976571661198
"6253_10",0.5661676340836892
"4657_7",0.7267949102063448
"10013_9",0.6493836991842313
"4938_10",0.8521370781054955
"3073_10",0.6427634757797476
"9081_8",0.732803422579439
"6928_8",0.6482906873652866
"217_3",0.21451716307971924
"2927_3",0.35949073229714684
"2379_1",0.3333314928368122
"10476_2",0.5357983640247022
"8640_10",0.7730894328800259
"2810_3",0.31061256797753195
"6433_1",0.2768390243824199
"6390_10",0.47433836467110035
"11829_8",0.6693108181142269
"7581_10",0.7756371007535763
"11836_3",0.41201412358947553
"2794_1",0.39434225384642413
"5263_1",0.27412336061535014
"1041_10",0.7563327581283686
"7296_1",0.3539557479388772
"10557_8",0.6543063667825717
"5339_9",0.7120074760212067
"4766_8",0.8090885182323541
"8126_3",0.6295269819735847
"9876_2",0.12613180736069382
"2443_4",0.29761399258777393
"10179_10",0.5807840726042942
"6211_3",0.24956291865621918
"925_10",0.7194716435122871
"5050_8",0.7209071882974076
"1891_10",0.7283413421827035
"4767_3",0.3971166325752368
"11625_10",0.8274808910745611
"3388_2",0.2322949383199948
"4908_3",0.3151957110834815
"11205_9",0.7417700846046067
"2228_10",0.7407068301855129
"11236_1",0.45704138460238547
"2367_10",0.7292994051908328
"5060_3",0.254238225709785
"3292_1",0.3639050801515951
"11282_2",0.48464331901743596
"5307_10",0.8628527943199988
"6963_4",0.18105259772013382
"1319_10",0.8126685932855761
"9660_1",0.3610911258840752
"7254_9",0.8560587286762941
"9441_10",0.6534866501415798
"3838_4",0.40966625933697176
"6209_8",0.6644044460890474
"3049_9",0.6616836846744761
"3033_4",0.5703044117855124
"784_4",0.09483255411068255
"3921_3",0.17380228245143453
"9196_8",0.6034065582413465
"7652_3",0.7113321957632561
"11650_1",0.21297296743165633
"1548_10",0.5103735736379436
"10770_7",0.7313701777581627
"3283_9",0.6661674265901218
"1567_1",0.5387179156477823
"10405_4",0.44213702849090786
"6980_1",0.262215692981714
"12218_4",0.4899546006277858
"5250_10",0.8754520432570081
"11977_10",0.6944753055829641
"10602_2",0.32056138705509774
"11178_10",0.5858749694734882
"9590_10",0.742868334255732
"1260_10",0.6772726266559455
"8367_10",0.6164069334146548
"2571_7",0.5644525152103382
"7422_1",0.14959295453464633
"5486_7",0.6662376231841044
"2282_8",0.6647797361232947
"6119_2",0.3253167386377945
"1433_8",0.7568286576080306
"12365_4",0.3577499161943388
"10535_3",0.530720639812367
"5464_1",0.43608688436545673
"9983_7",0.7522109352602231
"10209_7",0.4489783680911969
"3777_1",0.5411508339360229
"12443_10",0.6654539918408943
"1488_4",0.5728054401804376
"8670_9",0.7373197299008829
"1258_10",0.6758921151770472
"9_7",0.6161382651310063
"12175_9",0.7035847691911433
"211_10",0.6828001232787494
"6329_7",0.6077823745768463
"8866_10",0.7121249739478326
"5911_9",0.7343199630515493
"6100_1",0.38891887803295333
"6342_9",0.6799943522944789
"5455_4",0.4245340793488144
"1215_1",0.31659239987303234
"11020_3",0.4041875948061893
"7975_1",0.37015083296787965
"6720_2",0.2450644152388711
"8986_10",0.7419342033666674
"4874_9",0.6398604918764825
"7204_1",0.23740363058729982
"2612_10",0.6778405909547058
"6923_9",0.7970139632593854
"5742_10",0.5738930897945279
"5044_3",0.16921631901093115
"5013_9",0.5480063514610137
"9752_8",0.8242290591805184
"1112_8",0.8228204233931468
"10925_8",0.7683649857328093
"7012_4",0.29683714329776095
"11484_10",0.7392083475732012
"883_4",0.5145797274889312
"2398_10",0.8391908465797698
"8990_8",0.460044168597182
"1194_10",0.6625882494737919
"2313_1",0.4463992830910562
"9584_1",0.2994393537595249
"11638_10",0.700456173253845
"5995_3",0.47176262911220385
"4456_10",0.8250738801237273
"321_1",0.4469577329179592
"7147_1",0.41042977883537557
"10212_4",0.2875837400094363
"7960_10",0.675362418603952
"8022_7",0.5486825992564334
"11649_9",0.6870308334192341
"8442_8",0.6537096434435158
"8976_1",0.29574144668479685
"9199_10",0.6783765855439761
"8925_10",0.8109870124720948
"3079_2",0.18361898494561477
"7727_10",0.7820795600211442
"2338_1",0.45157043923472523
"3221_2",0.10940250791103563
"288_7",0.4038776416812166
"7150_10",0.5941146233578655
"7520_1",0.29899480997852607
"11477_10",0.6181928169781931
"7765_9",0.7884867028621109
"10062_4",0.32601019620690014
"10616_10",0.6585721562277376
"10592_8",0.5167034257710653
"6745_4",0.49764694772844587
"7912_2",0.3202813345222378
"1130_8",0.6464569422973713
"11096_4",0.3304065365915927
"10081_1",0.3438875587317221
"3808_10",0.6847161680369094
"394_4",0.24531477118996795
"7080_3",0.2700543621292933
"4479_10",0.7045910807363315
"11417_7",0.4783013294868574
"8402_3",0.43586729930528473
"6669_9",0.5475170842255077
"1494_10",0.7395572267305826
"7980_3",0.2474686922279826
"11366_10",0.6607580418966934
"7566_1",0.32537469924287604
"3778_1",0.3496909621271604
"317_2",0.20813261838521022
"8475_7",0.6843221707428038
"11012_2",0.42695108923627434
"11936_4",0.33690912198802897
"145_9",0.48954835020618725
"11427_1",0.1926812396850722
"2204_1",0.23709007963858333
"3373_8",0.5079750501992335
"4640_4",0.6536321587816072
"521_7",0.41386273888714004
"2871_2",0.5446699986554665
"9823_8",0.48993939715996604
"5893_1",0.3479193276821344
"8541_2",0.2804682336064543
"3403_3",0.2891489699595659
"8660_9",0.66542840592254
"7046_3",0.29057436522431285
"338_1",0.1843835359897245
"9541_1",0.2585694829848009
"12179_7",0.6281788608703047
"9663_3",0.42602823677660523
"6948_3",0.40895956920466925
"10308_10",0.6393233580748287
"11027_10",0.7472511243157884
"6174_3",0.2446498561969622
"10151_8",0.6363709745732054
"10665_1",0.3160037472196501
"6453_2",0.2452193567138237
"3619_2",0.09470676941270523
"3114_1",0.33766544406748306
"1309_2",0.31359314917544917
"8468_1",0.4654138617011177
"8292_10",0.7461103150117747
"1955_1",0.295877276379035
"4498_9",0.7536730233047949
"8075_9",0.7081831069508663
"10528_8",0.644386510396363
"253_10",0.7786930686489334
"9467_4",0.447583050678442
"4018_10",0.7731418349144696
"2644_10",0.7316155828527217
"7240_7",0.7319405533374629
"10929_7",0.5215602387427474
"9743_10",0.6917500462475843
"4641_3",0.34920560100350084
"5711_10",0.6508097306495019
"4912_2",0.36662912487483346
"455_1",0.4686287894778073
"2749_8",0.6132938618574595
"8780_8",0.5058181630842259
"2626_10",0.7548895174320943
"11745_2",0.22142260657877566
"6952_8",0.7221660731065448
"4645_2",0.3036374812161399
"10372_10",0.8177709662162396
"4282_2",0.4385202642650792
"2195_1",0.16460570482717368
"11058_3",0.353711146937109
"9507_4",0.3964135200223183
"389_10",0.6814684707886891
"4388_10",0.5372700670032591
"9540_1",0.22673779200979116
"6610_4",0.6071536456961687
"8796_10",0.6057112245804893
"3746_1",0.19964473976165778
"11083_1",0.1628277716398769
"9901_1",0.277257268686925
"4165_1",0.2766415054799342
"8928_9",0.7660671099186821
"8173_10",0.7460373855741237
"5161_1",0.2278433442934533
"11458_4",0.2728360825504177
"11206_9",0.35738588606811844
"3532_7",0.6453715066627824
"5088_1",0.3146926742399878
"11699_8",0.3724765795118138
"10114_2",0.21905644485124642
"8626_9",0.5620275433518226
"6702_2",0.37036810115567137
"3504_1",0.18701146796723125
"3353_4",0.43405741599958686
"6960_10",0.6467910421386526
"5529_10",0.7604684266804679
"5510_9",0.5206984486308376
"1868_10",0.5788507384455757
"11166_10",0.6473202478246894
"8411_2",0.26425342518922235
"9561_10",0.5399508220354533
"11290_2",0.4251747834602771
"1167_4",0.3512649442284963
"9577_3",0.37783570109691444
"1496_10",0.8852915954092258
"3042_10",0.6955817225957935
"4021_4",0.2973069452567827
"6643_10",0.5715470637850907
"806_10",0.6677651204713109
"1520_2",0.3143761204377132
"11133_10",0.642828577159198
"2783_1",0.2336128543658871
"9570_10",0.7290815129281706
"2349_3",0.22531920594122343
"2242_9",0.4870775354440356
"6113_10",0.7410966985955425
"2153_1",0.44319103211418687
"9167_3",0.5078805677431477
"156_3",0.40161914060237297
"10607_7",0.5878982688982434
"4270_4",0.1828343252999938
"4713_1",0.34552616805103725
"2895_7",0.5877330463658939
"8240_1",0.38470326400959953
"12241_2",0.4392973263925825
"2919_10",0.7294489575830075
"11110_2",0.23085053092322944
"4502_8",0.3860702299604064
"11957_1",0.2527587041493616
"12338_2",0.28298899610253114
"2474_1",0.32575390421610584
"781_4",0.43191665442347227
"7528_1",0.2911820338971097
"3252_2",0.1528024472080802
"6778_8",0.7530618649906485
"3149_10",0.6090829203424438
"436_4",0.34313418809266283
"2586_1",0.2694053597488533
"3610_8",0.5718482601678945
"4392_10",0.8056527320980565
"8914_1",0.3719846162570529
"2197_1",0.518059875479
"3323_10",0.8083740415931042
"975_4",0.3703055647381323
"9407_3",0.34669489717146695
"12005_7",0.60094745697085
"1911_1",0.2601748141924033
"3956_10",0.8642261173815073
"1441_8",0.7568286576080306
"10787_3",0.36138367609389577
"4569_10",0.7590281185994352
"11685_10",0.5917313340810325
"7810_10",0.7152826836739733
"3951_3",0.24575677055983938
"6050_10",0.35960509875875585
"2758_2",0.22723232525044224
"2664_10",0.7127474478090245
"1537_2",0.17237621754175775
"7988_1",0.5084090734345844
"6090_10",0.7928317071693771
"11509_10",0.6234554019504004
"2227_3",0.28148921713610064
"865_3",0.3887613104636266
"7138_8",0.6535623041339377
"7924_8",0.6242668137308633
"10104_1",0.17984103074294883
"3917_2",0.2515765790656494
"169_4",0.28163307384726105
"8630_7",0.7686627463677371
"7895_7",0.5674958591445326
"5485_10",0.7241920465198652
"8390_8",0.5605404631649968
"11497_7",0.7223383190186511
"8964_3",0.24925705105322757
"4647_4",0.42248996884758094
"12231_7",0.5547250226774634
"9634_4",0.566540520577442
"8582_10",0.8569939240255168
"9237_4",0.3561555312920245
"2847_8",0.6559309927706884
"10940_1",0.36136895546968717
"2990_10",0.7505343881942671
"8377_8",0.6809968865293258
"1206_3",0.5509227290348242
"11719_9",0.7533041246078238
"7003_1",0.3472233960465698
"8012_4",0.4654886434789613
"2572_10",0.6329777870923046
"4126_8",0.6997695686405772
"9190_8",0.5528307830191279
"9625_8",0.7419472030826924
"4706_10",0.5674053156027489
"8697_2",0.4231260785749332
"435_7",0.7038033026076133
"81_3",0.5230971356509833
"6713_8",0.6367404835594301
"5840_10",0.8005173737483475
"5671_8",0.5891847681320568
"5064_3",0.28558065613455336
"1149_3",0.10519619649872103
"12324_10",0.5769708590961059
"6705_1",0.24581893275255068
"243_9",0.7810915238784891
"306_10",0.739895171937072
"7134_3",0.27128825252522637
"3227_10",0.8046897448495595
"1363_10",0.6420513620155591
"5134_9",0.5623884854792224
"5269_1",0.4366095686905132
"10915_4",0.17782760371127646
"7591_2",0.5012772692587438
"2326_2",0.21592401895640315
"688_4",0.5221841068531314
"878_10",0.731097380992893
"10245_9",0.7285042642014106
"7388_2",0.38213237429458996
"4304_1",0.15744691599593133
"6752_10",0.6534200477509761
"6881_8",0.784053460033524
"10230_2",0.34420594912209973
"6901_1",0.3785956537034931
"441_10",0.8318844847100525
"4743_4",0.4372834097589041
"6228_7",0.6110616072723444
"2563_7",0.6204522258927396
"6237_1",0.32907672436230323
"8619_3",0.2666102387783075
"2749_4",0.6522197776412757
"12355_3",0.33675471653822125
"4915_2",0.2620639490964401
"12234_7",0.6733271499692374
"3756_4",0.3353880569676145
"10051_8",0.6975894960292486
"5068_9",0.6550257864511109
"7767_10",0.7939464792989089
"12069_1",0.27975673989718103
"10634_3",0.17922596345853448
"2787_1",0.2878031894631849
"5281_1",0.32273687892690395
"1496_1",0.20973871932631166
"8963_4",0.12816502660896273
"983_7",0.47067734608453876
"8337_4",0.25833758830354203
"783_1",0.28723510207437275
"9939_8",0.7471697697757528
"6507_8",0.812702645424652
"3488_4",0.39572906556145243
"9304_9",0.4852450990141351
"8664_10",0.6756085719856498
"2722_10",0.820385149002683
"7716_10",0.5509195020085655
"8512_4",0.44056134205244624
"6002_7",0.7304287408987781
"1213_3",0.6553858877875791
"6351_7",0.7844202992994115
"3049_4",0.25140472421011106
"10897_4",0.39625442234114266
"1936_4",0.27684703028417196
"12368_9",0.6237650812650299
"10982_1",0.21556306994749744
"4116_4",0.2181838593117792
"8243_7",0.3833684146867653
"11506_2",0.5642990524914054
"291_3",0.25834091726063646
"7745_1",0.20363103113703412
"12190_9",0.694545067187708
"7068_10",0.6171856093950459
"9649_3",0.32736032862305803
"773_1",0.3558077120150366
"1727_10",0.770008685326476
"346_2",0.46065559670413436
"4629_9",0.6589141131446372
"2509_1",0.1622890098718832
"3664_3",0.18628517499418254
"1024_9",0.7660386400992795
"9514_1",0.24291990600102553
"3483_3",0.35554498617926056
"10053_4",0.4854142221042334
"255_10",0.670785934079859
"1922_10",0.561901379116692
"10416_4",0.39191595593679446
"9154_9",0.6576514453630414
"12359_3",0.4555081479577146
"4850_4",0.4481708357494429
"12398_10",0.6686733641376222
"8910_1",0.18813748768686767
"3797_8",0.5789995982855382
"2428_9",0.5558401958554454
"7062_4",0.4774174889007767
"7130_9",0.7754457544855511
"7343_1",0.35689431856339043
"7735_8",0.5684211933482545
"4104_3",0.2422515479401973
"11518_1",0.1088830296265592
"10784_4",0.570015741890936
"3687_1",0.310098751443581
"796_10",0.5635685230445964
"2613_1",0.40296354909657306
"3962_9",0.7524076856974017
"4637_9",0.6507796546741261
"10076_3",0.18795996526438757
"2643_9",0.7997304821782052
"3588_1",0.4717617321535102
"6788_1",0.4449922938036306
"1445_4",0.7038442355130561
"10630_7",0.5063593984302486
"9173_10",0.5536572286770973
"3998_3",0.27601951733279356
"11853_1",0.36752499484613466
"2982_1",0.279397171540286
"2536_4",0.4891642980965517
"5912_10",0.70868959141504
"3267_8",0.6133373855265072
"8966_4",0.6332857748968005
"7671_3",0.27569460954068553
"1962_1",0.48909776723109394
"3574_1",0.3615986239664603
"10580_1",0.2696837310457624
"10103_9",0.5282028905277778
"2101_8",0.5678352514016094
"9804_10",0.768424162552239
"12413_9",0.5539611622378952
"9696_2",0.21840427606752805
"8988_1",0.2260531150327192
"882_9",0.6770238178436025
"8098_3",0.28629397201563705
"6072_3",0.5297108208390443
"9484_10",0.654040835864089
"3448_10",0.7951420999684935
"12074_10",0.7563231662657934
"5880_1",0.2065907884189396
"7658_1",0.19032796710041056
"1286_8",0.647341616454534
"7013_10",0.7452329293783675
"3590_1",0.26409612651481074
"695_4",0.3126606060731665
"8889_9",0.5171343345705783
"735_1",0.1688005033005132
"2041_7",0.5688197196459067
"12041_3",0.5351979098012909
"4918_3",0.4480871120675752
"1428_3",0.3114951591448094
"1846_4",0.3554352500784639
"11103_10",0.6915788140887823
"1026_10",0.661705782668364
"9731_3",0.3572894464233609
"7481_1",0.3240937550573819
"10191_10",0.6640796721897383
"8262_4",0.4235685732703809
"903_10",0.4914389227536663
"4212_2",0.4579260498592982
"11611_1",0.2230416197702634
"7814_1",0.14969569469437763
"5116_10",0.6437586234461279
"150_4",0.3192664868991995
"3618_2",0.2022416193756813
"10870_1",0.19461260034094968
"8523_1",0.12655549138037217
"2193_10",0.6832182326335019
"10237_10",0.774404489958669
"2139_10",0.8100403565664042
"7691_7",0.7628300138874291
"9374_1",0.19915257899663572
"11426_7",0.7299652908600485
"12319_1",0.07680243866701407
"6817_2",0.4476774133565953
"745_1",0.18346645563110314
"6632_1",0.23544848357793505
"7149_8",0.6142981555172298
"9558_3",0.2545282168399343
"10509_1",0.2765091392170897
"1528_2",0.43952874933928515
"3422_10",0.6243386585113839
"6112_8",0.6502166077147081
"3606_4",0.7171536522071186
"8768_7",0.46250908636068083
"2871_8",0.4991505751517405
"12404_10",0.628614428123925
"6936_3",0.5313557836272184
"855_4",0.3422221373309925
"5703_3",0.39343139461224075
"9446_1",0.2599562550275073
"1407_7",0.5187959355856425
"8422_10",0.8008589260318877
"40_4",0.42993615569482524
"344_4",0.24810894996441712
"11019_10",0.8083051257227423
"869_1",0.3277142760496885
"2245_10",0.6361448432390293
"10002_8",0.6334651545054467
"5110_10",0.6810881517343903
"3201_9",0.5096359567824371
"10621_10",0.578370834646432
"1213_7",0.5277828703948843
"2147_10",0.7219267531451637
"828_7",0.48510941619274317
"7600_8",0.6900277891568742
"4472_4",0.44747944009170326
"2759_2",0.41458545515648054
"10890_1",0.23736123007529508
"1637_10",0.718720463813137
"1667_10",0.6938960638852366
"10433_8",0.739319236054743
"11350_4",0.27494867391981087
"9437_3",0.5867732651035636
"3748_3",0.2775505051972417
"8062_10",0.7244179021703747
"11981_10",0.585047136328716
"4214_7",0.4956867687833901
"6496_8",0.6357491821378749
"4489_4",0.49834713890114146
"5965_7",0.5891810631711194
"2785_8",0.7516067985345888
"6838_9",0.7099334834426412
"4678_9",0.5686247098351738
"8564_10",0.6086499010838019
"4375_9",0.6104939834680311
"4654_10",0.674852939228274
"2077_10",0.5814750633865751
"12491_4",0.18922025344587964
"11483_10",0.824586145450911
"11130_8",0.7083496517043649
"2177_2",0.47426517089982323
"1376_8",0.38324602639791694
"3557_2",0.19248107128628367
"8039_3",0.3662190607004426
"6951_1",0.38996223741411323
"3440_2",0.42804222983513646
"10192_1",0.2954903724105551
"5874_10",0.6837456017436209
"4258_10",0.5510553571236184
"8838_4",0.26385094850564383
"1090_8",0.8079237313465274
"10570_10",0.6070443016638489
"3421_7",0.6204970311346969
"1626_7",0.5725884212964827
"9887_2",0.44754681045820016
"4079_4",0.4609318423473753
"8826_8",0.5355973994081719
"8805_2",0.12218444252880499
"9121_3",0.6528885085307691
"10916_3",0.3904319234687562
"9717_3",0.38889970710543476
"8662_4",0.4556256531423342
"7393_3",0.48950625328863406
"12304_10",0.6232300161011398
"7063_3",0.5206110132468723
"7955_10",0.59543418782715
"2266_9",0.6574902502236657
"3490_7",0.6142688454127639
"11145_3",0.47683261627358087
"1668_2",0.15614031236431009
"1011_8",0.6210192515465689
"8300_7",0.42827422576315877
"9995_8",0.5635147657613128
"1326_8",0.6045123232990874
"5232_2",0.42547515699525607
"363_10",0.7998234469473883
"11772_2",0.5130885220105279
"8771_3",0.267203768360691
"927_3",0.48582104683280936
"2569_2",0.3154499561772747
"5558_10",0.5958166166941361
"12375_10",0.6395908535704978
"2338_10",0.8340438003559831
"5773_10",0.7350524217610734
"4664_7",0.6447646205218737
"12295_7",0.5398891036176692
"4123_8",0.6485214948327787
"1553_10",0.8035779003916914
"3770_10",0.5762595049113253
"12011_2",0.2413067382117014
"8033_1",0.3090444258329119
"1395_7",0.5135281933577432
"8614_7",0.572588138936638
"3784_8",0.6923012255518401
"8769_8",0.7389292708546618
"888_8",0.6943124910289661
"7799_2",0.6165860270350012
"6031_3",0.38711175261442016
"11584_2",0.15433811660382693
"4570_7",0.5083487457958916
"6990_8",0.6922029694669525
"7290_1",0.11187513812121527
"1186_1",0.2601274988428765
"1329_4",0.5877680046754962
"6793_10",0.7001581370558381
"8562_10",0.4759272204841558
"8841_4",0.34698186568531214
"9234_1",0.4520232418975944
"2992_3",0.2870865872294445
"3761_4",0.34341920948188426
"1144_1",0.08143246678734209
"11737_10",0.6880446199513038
"6628_10",0.5544023696135991
"7619_4",0.5473556875830624
"5074_3",0.4572052155324032
"2056_1",0.21882938733189045
"812_7",0.7708996022154926
"615_3",0.334737927789495
"1473_3",0.3997977925058391
"11642_1",0.293079388602547
"2957_8",0.6075101813656812
"3223_7",0.45552085025796024
"4491_10",0.6857209298126378
"11617_8",0.5744991703868003
"2209_8",0.5167283867109728
"10250_4",0.22473341772288935
"8707_3",0.363782404424357
"3581_2",0.3442428257090219
"3089_2",0.2754490231863497
"9367_4",0.4059627874385955
"8890_3",0.22378372066661822
"4657_3",0.27384543649189885
"8474_1",0.30085809704878486
"1542_3",0.24714040027395254
"9024_8",0.5910067686410388
"3176_1",0.4548466440039089
"11219_8",0.7406759810749874
"1086_2",0.29770510093354513
"11230_4",0.244191594186137
"2543_3",0.35937417542161615
"3391_4",0.7315154587889728
"5876_10",0.4862229152361242
"6712_2",0.584296118034131
"12468_1",0.15718659970000717
"1801_10",0.7029939396214858
"6727_10",0.7321512697641184
"3072_3",0.263894776420859
"6079_7",0.6994730440961224
"1409_10",0.6049805125041822
"7709_2",0.20823578032442444
"11484_2",0.549088684707489
"10843_2",0.21303349857916848
"3964_7",0.5636649088849107
"5691_7",0.46625011146400364
"5837_1",0.2690005773577515
"963_8",0.8257503579171358
"3530_8",0.6422393093675132
"6558_8",0.6217552616881318
"3084_4",0.3646017963497911
"3025_8",0.6689613406788468
"9396_8",0.5156399092576165
"7530_1",0.28381897863064215
"6301_4",0.33788293544341663
"2934_10",0.7134569782497784
"8286_9",0.8019736263302853
"12122_10",0.5638877548983042
"2799_8",0.6647566901463964
"3516_7",0.30421180177878476
"5715_10",0.5648647044223295
"6525_3",0.44338918730815435
"12308_10",0.46484971587387597
"1305_9",0.5755498872885589
"8190_2",0.39723776152962537
"8170_1",0.4820361029284974
"2355_7",0.5788613206072816
"9714_3",0.2802618849374312
"9667_8",0.6276686587982891
"4861_1",0.4146228526969816
"10028_10",0.7626271018784836
"3256_2",0.42038082916684794
"5974_2",0.34570733521206
"9185_10",0.8292175919399281
"2507_10",0.6138396430589028
"8910_10",0.7559219345287147
"6791_1",0.3733415120965899
"1692_10",0.5798254376734021
"5520_10",0.6879244950528345
"10119_10",0.8014154287982536
"1226_1",0.22150266427649706
"5998_7",0.5094563075557722
"4421_1",0.5192670601635906
"7660_8",0.657658787729769
"5532_4",0.5210664503570247
"2869_3",0.5405643565235682
"3795_2",0.18742699991248124
"3602_10",0.8362872062939225
"1453_10",0.6765140659958002
"1298_8",0.7706764532538992
"6331_1",0.0937166610899122
"7694_3",0.15032272186818982
"11568_10",0.5345145135045787
"6426_7",0.5777557896613671
"609_7",0.5603043613895135
"3352_4",0.41100007872526667
"12451_3",0.3386427312653815
"3228_7",0.7310202719867865
"945_7",0.29224736947660584
"8283_10",0.6298389877255426
"10780_7",0.6357268546686595
"2944_1",0.263764690405611
"5697_7",0.583255619375979
"9066_3",0.3952350592734101
"6254_7",0.752909901589914
"384_4",0.2942800225423144
"1961_9",0.8444739496466751
"10085_2",0.39765593762233015
"1726_10",0.7890218717368491
"7937_1",0.24666767482389154
"2561_10",0.6635221103522407
"9899_9",0.8201104289661427
"8694_2",0.3636883648253813
"4217_8",0.6974328642950084
"2425_3",0.47438683476732885
"5809_1",0.4932979767421309
"3122_7",0.5893976928743283
"1522_10",0.7498597129955722
"5582_10",0.5501058658180572
"12357_2",0.3718815104317545
"3166_10",0.5389787633517907
"3176_9",0.5645014887110475
"9320_9",0.8232055206015376
"8187_1",0.35507708279426897
"5573_1",0.15273704671477006
"9078_2",0.40611204661024075
"6706_4",0.4321357404295335
"8882_8",0.5570946461406534
"2489_3",0.4182590913607877
"2768_10",0.7167627776608951
"2384_3",0.5118628581195804
"12494_8",0.7323148636699046
"10375_3",0.281034511711069
"403_7",0.60574138642374
"6334_3",0.3141929788340601
"9136_1",0.3477710129277771
"10698_1",0.19536191335865724
"2203_4",0.40950744721741955
"2122_1",0.29536300820890227
"2904_4",0.3350218669469704
"12367_9",0.6086721253820134
"9638_8",0.7729814394818519
"2005_1",0.1547441059644867
"4963_8",0.6377336210976298
"7575_1",0.46194721580834275
"9989_1",0.395980733683084
"8776_4",0.7594162210085792
"10188_10",0.614022211881959
"8238_1",0.35038570457594814
"9244_4",0.6645864466822574
"11142_2",0.2805654738806692
"4365_7",0.5959174777856755
"5877_4",0.43878675283845014
"12135_8",0.6567681278881139
"3526_3",0.461619672484925
"5209_4",0.35266221043352297
"5991_2",0.16432180360001006
"10888_1",0.2159416740111089
"1303_3",0.19439694016819167
"5764_4",0.3289191739885722
"2933_10",0.61015882558679
"7297_1",0.32038096825677714
"11156_10",0.5728533085456051
"1353_1",0.3403998979927464
"10017_1",0.4400561266403268
"4203_3",0.4663229357773779
"4546_9",0.8456605572969728
"6039_1",0.27536364501680005
"5804_3",0.30490019644759203
"9085_4",0.46909039300718264
"10774_10",0.6033486370156597
"2178_7",0.6319232347379741
"2958_2",0.31096119305406467
"11469_8",0.6437122192063235
"5378_2",0.49884961509345666
"4583_8",0.4093732192331844
"9539_10",0.8084547941603569
"5090_8",0.5896391625720937
"12036_4",0.2817317396581677
"1766_9",0.6811844900185472
"11536_7",0.7459095418857743
"4792_9",0.7000312556433611
"7615_1",0.33492095915193826
"9624_1",0.2332898602267977
"5230_9",0.657287367709484
"939_4",0.5499077671030239
"2353_7",0.5671308802191171
"8760_9",0.7101794541619958
"3231_9",0.7194637062748966
"8183_7",0.6782464342437006
"2156_10",0.5120621646540537
"245_2",0.43472622783590475
"12048_1",0.16778220917171535
"6572_9",0.466762042504104
"10848_9",0.5577362995749936
"9576_10",0.6602024295984824
"3174_1",0.2689112340097016
"9824_8",0.6256991592300905
"8199_1",0.35427511504017134
"10911_3",0.27423986808414214
"2452_1",0.4540011918837298
"7574_3",0.3098037389282009
"8363_7",0.7249887703717063
"3672_9",0.674007063957614
"11693_10",0.8167719532739844
"9731_10",0.7061566897250015
"280_1",0.21779490850738079
"10065_8",0.7594391697374708
"10284_9",0.5095767382860765
"7990_1",0.3789986986399002
"12256_4",0.6241314433422002
"7558_1",0.29045196681882485
"9636_2",0.3376368505640089
"8632_2",0.3285140109152357
"6157_3",0.37840220673497926
"9429_7",0.620147552554819
"1447_1",0.40140472551615247
"10948_8",0.5799782701556412
"12300_4",0.421777314598962
"10208_1",0.3746308140420582
"5889_3",0.6110848455302423
"2376_9",0.5972461659783183
"3354_2",0.11196285937606042
"9530_1",0.48007768521671046
"2469_10",0.8036028242694895
"2229_10",0.6146209319471693
"12326_10",0.5766208068126722
"8097_2",0.3184088608772948
"6502_3",0.4108329627150459
"8877_8",0.785908555574174
"5408_7",0.572204945716841
"3589_4",0.3973297905768902
"5934_3",0.264041784428115
"3653_10",0.7579051508647311
"6900_1",0.23680677693379729
"3395_9",0.7293993900520037
"10302_7",0.5915340805268725
"10527_3",0.3147108967761868
"10080_10",0.80417072251386
"5818_10",0.7243078446813149
"3178_10",0.6601344489746364
"10636_8",0.5538098530979394
"9586_2",0.6432071031463518
"8548_2",0.5292254339344684
"2851_1",0.17385253442830503
"6874_7",0.6388438916390017
"5850_8",0.7630312527914401
"2392_10",0.6890158721092328
"7434_2",0.391138722153311
"11879_10",0.6209609559564566
"1190_10",0.6998270516401978
"8411_10",0.7748947073062913
"4833_9",0.6363339039443916
"5853_1",0.34260331424969975
"5485_4",0.28329917403176685
"111_3",0.3392756706072076
"6376_10",0.6781743813395104
"5425_1",0.36681217610498446
"3189_2",0.13560900364453954
"5053_8",0.7588509849467387
"1171_1",0.4746904108179487
"2206_4",0.2985936634592125
"11912_4",0.2875631899011331
"9874_7",0.6752622088143337
"3439_9",0.45022769359431103
"4221_8",0.6309862854648749
"6830_3",0.26663682435123054
"960_8",0.6208598725273298
"11862_1",0.4818215829503608
"8231_7",0.5677277132805689
"11765_1",0.311817298543438
"9849_1",0.2112740858363646
"7518_4",0.390782640583142
"3014_1",0.26194483433805077
"2534_10",0.7472099622047711
"5197_10",0.664439326732434
"6775_2",0.2879441316751652
"4649_1",0.408858271021914
"10748_3",0.3393310743173528
"6943_4",0.42719489259694177
"9692_1",0.22644253713443777
"11972_7",0.3503049450840127
"7251_9",0.7717111525773596
"459_4",0.6267981667019757
"1101_8",0.47410038450600683
"358_4",0.31594059861776663
"7543_1",0.35399734132578203
"3980_3",0.31474205320661625
"1276_3",0.3774984098106609
"12111_8",0.6781976747795225
"11876_4",0.4523925837521109
"5473_8",0.7396319750814369
"1296_1",0.3374919149776542
"7224_9",0.6032828578208096
"8035_10",0.6763636542269503
"10436_1",0.3481929848240766
"8475_1",0.42162576312125366
"4293_2",0.34213181523425606
"9867_2",0.22829396740637195
"4101_1",0.44726044497461337
"6220_1",0.10045407051655039
"6246_4",0.36239323208784163
"2907_8",0.579354391038192
"4532_2",0.20613117442013745
"10753_8",0.6276474539261869
"328_10",0.6467291484666404
"1941_1",0.35409545219483163
"7586_9",0.5375029764582282
"11294_1",0.2551717788797445
"7534_9",0.7374971780139324
"2675_3",0.3414718846082154
"3837_10",0.7324960775162808
"5349_9",0.7738999010909018
"641_1",0.12334948714154013
"9273_8",0.49850826863561903
"8120_4",0.4608752534419641
"10610_1",0.37507405300929464
"1829_1",0.2167964432595038
"6406_10",0.6930340010337547
"4029_10",0.7552033367728916
"10845_10",0.7320572070400045
"2573_4",0.527085431046393
"2033_3",0.479271685851419
"9633_4",0.6681677646409946
"6243_1",0.38995930262756767
"7596_10",0.5984742601247446
"4208_8",0.7352401982329814
"6984_8",0.6456492979628633
"3656_1",0.2072294552674422
"2434_1",0.22366646437839643
"10340_7",0.5019380580591776
"6130_9",0.7303927079601878
"8093_7",0.4364373819303285
"7962_1",0.3764289708997143
"12178_7",0.2798883878645256
"10931_2",0.2579535963133761
"6857_10",0.6038496991297795
"11091_8",0.8506851538202547
"4167_2",0.37593689403989144
"679_4",0.546836467609193
"10147_1",0.10456875730195012
"6875_1",0.18219077621239718
"923_10",0.8409622398869568
"6200_8",0.36904503495542285
"7208_8",0.759924145526182
"5363_8",0.7606846412851629
"4067_8",0.3439407759616062
"1773_7",0.6373778813597718
"1498_10",0.722445846153529
"10497_10",0.5286317337233659
"3444_10",0.7434675311633918
"588_2",0.4411745728555736
"9678_9",0.5851248726776248
"1983_9",0.4440342511600861
"5012_3",0.3048294488280567
"12240_2",0.5768282113285026
"5071_2",0.23072994677258704
"5078_2",0.19210223844075655
"10069_3",0.3350148403638614
"7407_8",0.6372991672336982
"7207_1",0.1324546607833361
"2155_10",0.6827112964046128
"59_10",0.7433863223247661
"2531_1",0.3106308270940433
"7772_8",0.7238202847094177
"11465_10",0.6663947322645248
